ISO-10303-21;
HEADER;
FILE_NAME('Open CASCADE Shape Model','2026-09-22T05:44:25',('Author'),(
    'Open CASCADE'),'Open CASCADE STEP processor 7.8','Open CASCADE 7.8'
  ,'Unknown');
FILE_DESCRIPTION(('Open CASCADE Model'),'2;1');
FILE_SCHEMA(('AUTOMOTIVE_DESIGN { 1 0 10303 214 1 1 1 1 }'));
ENDSEC;
DATA;
#1 = APPLICATION_PROTOCOL_DEFINITION('international standard',
  'automotive_design',2000,#2);
#2 = APPLICATION_CONTEXT(
  'core data for automotive mechanical design processes');
#3 = SHAPE_DEFINITION_REPRESENTATION(#4,#10);
#4 = PRODUCT_DEFINITION_SHAPE('','',#5);
#5 = PRODUCT_DEFINITION('design','',#6,#9);
#6 = PRODUCT_DEFINITION_FORMATION('','',#7);
#7 = PRODUCT('Open CASCADE STEP translator 7.8 1',
  'Open CASCADE STEP translator 7.8 1','',(#8));
#8 = PRODUCT_CONTEXT('',#2,'mechanical');
#9 = PRODUCT_DEFINITION_CONTEXT('part definition',#2,'design');
#10 = ADVANCED_BREP_SHAPE_REPRESENTATION('',(#11,#15),#6149);
#11 = AXIS2_PLACEMENT_3D('',#12,#13,#14);
#12 = CARTESIAN_POINT('',(0.,0.,0.));
#13 = DIRECTION('',(0.,0.,1.));
#14 = DIRECTION('',(1.,0.,-0.));
#15 = MANIFOLD_SOLID_BREP('',#16);
#16 = CLOSED_SHELL('',(#17,#577,#1093,#1480,#1807,#1854,#1881,#1950,
    #1997,#2044,#2069,#2138,#2185,#2232,#2257,#2326,#2373,#2420,#2445,
    #2514,#2561,#2608,#2633,#2702,#2749,#2796,#2821,#2890,#2937,#2984,
    #3009,#3078,#3125,#3172,#3197,#3266,#3313,#3360,#3385,#3436,#3487,
    #3954,#4401,#4448,#4455,#4482,#4509,#4880,#5251,#5298,#5325,#5352,
    #5359,#5406,#5433,#5460,#5467,#5514,#5541,#5568,#5575,#5622,#5649,
    #5676,#5683,#5730,#5757,#5784,#5791,#5838,#5865,#5892,#5899,#5946,
    #5973,#6000,#6007,#6054,#6081,#6108,#6115,#6142));
#17 = ADVANCED_FACE('',(#18,#137,#247,#357,#467),#32,.F.);
#18 = FACE_BOUND('',#19,.F.);
#19 = EDGE_LOOP('',(#20,#55,#83,#111));
#20 = ORIENTED_EDGE('',*,*,#21,.F.);
#21 = EDGE_CURVE('',#22,#24,#26,.T.);
#22 = VERTEX_POINT('',#23);
#23 = CARTESIAN_POINT('',(-50.,-50.,0.));
#24 = VERTEX_POINT('',#25);
#25 = CARTESIAN_POINT('',(-50.,-50.,100.));
#26 = SURFACE_CURVE('',#27,(#31,#43),.PCURVE_S1.);
#27 = LINE('',#28,#29);
#28 = CARTESIAN_POINT('',(-50.,-50.,0.));
#29 = VECTOR('',#30,1.);
#30 = DIRECTION('',(0.,0.,1.));
#31 = PCURVE('',#32,#37);
#32 = PLANE('',#33);
#33 = AXIS2_PLACEMENT_3D('',#34,#35,#36);
#34 = CARTESIAN_POINT('',(-50.,-50.,0.));
#35 = DIRECTION('',(1.,0.,-0.));
#36 = DIRECTION('',(0.,0.,1.));
#37 = DEFINITIONAL_REPRESENTATION('',(#38),#42);
#38 = LINE('',#39,#40);
#39 = CARTESIAN_POINT('',(0.,0.));
#40 = VECTOR('',#41,1.);
#41 = DIRECTION('',(1.,0.));
#42 = ( GEOMETRIC_REPRESENTATION_CONTEXT(2) 
PARAMETRIC_REPRESENTATION_CONTEXT() REPRESENTATION_CONTEXT('2D SPACE',''
  ) );
#43 = PCURVE('',#44,#49);
#44 = PLANE('',#45);
#45 = AXIS2_PLACEMENT_3D('',#46,#47,#48);
#46 = CARTESIAN_POINT('',(-50.,-50.,0.));
#47 = DIRECTION('',(-0.,1.,0.));
#48 = DIRECTION('',(0.,0.,1.));
#49 = DEFINITIONAL_REPRESENTATION('',(#50),#54);
#50 = LINE('',#51,#52);
#51 = CARTESIAN_POINT('',(0.,0.));
#52 = VECTOR('',#53,1.);
#53 = DIRECTION('',(1.,0.));
#54 = ( GEOMETRIC_REPRESENTATION_CONTEXT(2) 
PARAMETRIC_REPRESENTATION_CONTEXT() REPRESENTATION_CONTEXT('2D SPACE',''
  ) );
#55 = ORIENTED_EDGE('',*,*,#56,.F.);
#56 = EDGE_CURVE('',#57,#22,#59,.T.);
#57 = VERTEX_POINT('',#58);
#58 = CARTESIAN_POINT('',(-50.,50.,0.));
#59 = SURFACE_CURVE('',#60,(#64,#71),.PCURVE_S1.);
#60 = LINE('',#61,#62);
#61 = CARTESIAN_POINT('',(-50.,50.,0.));
#62 = VECTOR('',#63,1.);
#63 = DIRECTION('',(0.,-1.,0.));
#64 = PCURVE('',#32,#65);
#65 = DEFINITIONAL_REPRESENTATION('',(#66),#70);
#66 = LINE('',#67,#68);
#67 = CARTESIAN_POINT('',(0.,-100.));
#68 = VECTOR('',#69,1.);
#69 = DIRECTION('',(0.,1.));
#70 = ( GEOMETRIC_REPRESENTATION_CONTEXT(2) 
PARAMETRIC_REPRESENTATION_CONTEXT() REPRESENTATION_CONTEXT('2D SPACE',''
  ) );
#71 = PCURVE('',#72,#77);
#72 = PLANE('',#73);
#73 = AXIS2_PLACEMENT_3D('',#74,#75,#76);
#74 = CARTESIAN_POINT('',(-50.,-50.,0.));
#75 = DIRECTION('',(0.,0.,1.));
#76 = DIRECTION('',(1.,0.,-0.));
#77 = DEFINITIONAL_REPRESENTATION('',(#78),#82);
#78 = LINE('',#79,#80);
#79 = CARTESIAN_POINT('',(0.,100.));
#80 = VECTOR('',#81,1.);
#81 = DIRECTION('',(0.,-1.));
#82 = ( GEOMETRIC_REPRESENTATION_CONTEXT(2) 
PARAMETRIC_REPRESENTATION_CONTEXT() REPRESENTATION_CONTEXT('2D SPACE',''
  ) );
#83 = ORIENTED_EDGE('',*,*,#84,.T.);
#84 = EDGE_CURVE('',#57,#85,#87,.T.);
#85 = VERTEX_POINT('',#86);
#86 = CARTESIAN_POINT('',(-50.,50.,100.));
#87 = SURFACE_CURVE('',#88,(#92,#99),.PCURVE_S1.);
#88 = LINE('',#89,#90);
#89 = CARTESIAN_POINT('',(-50.,50.,0.));
#90 = VECTOR('',#91,1.);
#91 = DIRECTION('',(0.,0.,1.));
#92 = PCURVE('',#32,#93);
#93 = DEFINITIONAL_REPRESENTATION('',(#94),#98);
#94 = LINE('',#95,#96);
#95 = CARTESIAN_POINT('',(0.,-100.));
#96 = VECTOR('',#97,1.);
#97 = DIRECTION('',(1.,0.));
#98 = ( GEOMETRIC_REPRESENTATION_CONTEXT(2) 
PARAMETRIC_REPRESENTATION_CONTEXT() REPRESENTATION_CONTEXT('2D SPACE',''
  ) );
#99 = PCURVE('',#100,#105);
#100 = PLANE('',#101);
#101 = AXIS2_PLACEMENT_3D('',#102,#103,#104);
#102 = CARTESIAN_POINT('',(-50.,50.,0.));
#103 = DIRECTION('',(-0.,1.,0.));
#104 = DIRECTION('',(0.,0.,1.));
#105 = DEFINITIONAL_REPRESENTATION('',(#106),#110);
#106 = LINE('',#107,#108);
#107 = CARTESIAN_POINT('',(0.,0.));
#108 = VECTOR('',#109,1.);
#109 = DIRECTION('',(1.,0.));
#110 = ( GEOMETRIC_REPRESENTATION_CONTEXT(2) 
PARAMETRIC_REPRESENTATION_CONTEXT() REPRESENTATION_CONTEXT('2D SPACE',''
  ) );
#111 = ORIENTED_EDGE('',*,*,#112,.F.);
#112 = EDGE_CURVE('',#24,#85,#113,.T.);
#113 = SURFACE_CURVE('',#114,(#118,#125),.PCURVE_S1.);
#114 = LINE('',#115,#116);
#115 = CARTESIAN_POINT('',(-50.,-50.,100.));
#116 = VECTOR('',#117,1.);
#117 = DIRECTION('',(0.,1.,0.));
#118 = PCURVE('',#32,#119);
#119 = DEFINITIONAL_REPRESENTATION('',(#120),#124);
#120 = LINE('',#121,#122);
#121 = CARTESIAN_POINT('',(100.,0.));
#122 = VECTOR('',#123,1.);
#123 = DIRECTION('',(0.,-1.));
#124 = ( GEOMETRIC_REPRESENTATION_CONTEXT(2) 
PARAMETRIC_REPRESENTATION_CONTEXT() REPRESENTATION_CONTEXT('2D SPACE',''
  ) );
#125 = PCURVE('',#126,#131);
#126 = PLANE('',#127);
#127 = AXIS2_PLACEMENT_3D('',#128,#129,#130);
#128 = CARTESIAN_POINT('',(-50.,-50.,100.));
#129 = DIRECTION('',(0.,0.,1.));
#130 = DIRECTION('',(1.,0.,-0.));
#131 = DEFINITIONAL_REPRESENTATION('',(#132),#136);
#132 = LINE('',#133,#134);
#133 = CARTESIAN_POINT('',(0.,0.));
#134 = VECTOR('',#135,1.);
#135 = DIRECTION('',(0.,1.));
#136 = ( GEOMETRIC_REPRESENTATION_CONTEXT(2) 
PARAMETRIC_REPRESENTATION_CONTEXT() REPRESENTATION_CONTEXT('2D SPACE',''
  ) );
#137 = FACE_BOUND('',#138,.F.);
#138 = EDGE_LOOP('',(#139,#168,#195,#222));
#139 = ORIENTED_EDGE('',*,*,#140,.T.);
#140 = EDGE_CURVE('',#141,#143,#145,.T.);
#141 = VERTEX_POINT('',#142);
#142 = CARTESIAN_POINT('',(-50.,-18.40486029088,54.));
#143 = VERTEX_POINT('',#144);
#144 = CARTESIAN_POINT('',(-50.,-18.40486029088,68.404860290888));
#145 = SURFACE_CURVE('',#146,(#150,#157),.PCURVE_S1.);
#146 = LINE('',#147,#148);
#147 = CARTESIAN_POINT('',(-50.,-18.40486029088,27.));
#148 = VECTOR('',#149,1.);
#149 = DIRECTION('',(0.,-0.,1.));
#150 = PCURVE('',#32,#151);
#151 = DEFINITIONAL_REPRESENTATION('',(#152),#156);
#152 = LINE('',#153,#154);
#153 = CARTESIAN_POINT('',(27.,-31.59513970911));
#154 = VECTOR('',#155,1.);
#155 = DIRECTION('',(1.,0.));
#156 = ( GEOMETRIC_REPRESENTATION_CONTEXT(2) 
PARAMETRIC_REPRESENTATION_CONTEXT() REPRESENTATION_CONTEXT('2D SPACE',''
  ) );
#157 = PCURVE('',#158,#163);
#158 = PLANE('',#159);
#159 = AXIS2_PLACEMENT_3D('',#160,#161,#162);
#160 = CARTESIAN_POINT('',(-45.,-18.40486029088,54.));
#161 = DIRECTION('',(1.110223024625E-16,1.,0.));
#162 = DIRECTION('',(0.,0.,1.));
#163 = DEFINITIONAL_REPRESENTATION('',(#164),#167);
#164 = B_SPLINE_CURVE_WITH_KNOTS('',1,(#165,#166),.UNSPECIFIED.,.F.,.F.,
  (2,2),(27.,41.404860290888),.PIECEWISE_BEZIER_KNOTS.);
#165 = CARTESIAN_POINT('',(0.,-5.));
#166 = CARTESIAN_POINT('',(14.404860290888,-5.));
#167 = ( GEOMETRIC_REPRESENTATION_CONTEXT(2) 
PARAMETRIC_REPRESENTATION_CONTEXT() REPRESENTATION_CONTEXT('2D SPACE',''
  ) );
#168 = ORIENTED_EDGE('',*,*,#169,.F.);
#169 = EDGE_CURVE('',#170,#143,#172,.T.);
#170 = VERTEX_POINT('',#171);
#171 = CARTESIAN_POINT('',(-50.,-4.,68.404860290888));
#172 = SURFACE_CURVE('',#173,(#177,#184),.PCURVE_S1.);
#173 = LINE('',#174,#175);
#174 = CARTESIAN_POINT('',(-50.,-29.95243014544,68.404860290888));
#175 = VECTOR('',#176,1.);
#176 = DIRECTION('',(0.,-1.,0.));
#177 = PCURVE('',#32,#178);
#178 = DEFINITIONAL_REPRESENTATION('',(#179),#183);
#179 = LINE('',#180,#181);
#180 = CARTESIAN_POINT('',(68.404860290888,-20.04756985455));
#181 = VECTOR('',#182,1.);
#182 = DIRECTION('',(0.,1.));
#183 = ( GEOMETRIC_REPRESENTATION_CONTEXT(2) 
PARAMETRIC_REPRESENTATION_CONTEXT() REPRESENTATION_CONTEXT('2D SPACE',''
  ) );
#184 = PCURVE('',#185,#190);
#185 = PLANE('',#186);
#186 = AXIS2_PLACEMENT_3D('',#187,#188,#189);
#187 = CARTESIAN_POINT('',(-45.,-18.40486029088,68.404860290888));
#188 = DIRECTION('',(0.,0.,1.));
#189 = DIRECTION('',(1.110223024625E-16,1.,0.));
#190 = DEFINITIONAL_REPRESENTATION('',(#191),#194);
#191 = B_SPLINE_CURVE_WITH_KNOTS('',1,(#192,#193),.UNSPECIFIED.,.F.,.F.,
  (2,2),(-25.95243014544,-11.54756985455),.PIECEWISE_BEZIER_KNOTS.);
#192 = CARTESIAN_POINT('',(14.404860290888,5.));
#193 = CARTESIAN_POINT('',(0.,5.));
#194 = ( GEOMETRIC_REPRESENTATION_CONTEXT(2) 
PARAMETRIC_REPRESENTATION_CONTEXT() REPRESENTATION_CONTEXT('2D SPACE',''
  ) );
#195 = ORIENTED_EDGE('',*,*,#196,.F.);
#196 = EDGE_CURVE('',#197,#170,#199,.T.);
#197 = VERTEX_POINT('',#198);
#198 = CARTESIAN_POINT('',(-50.,-4.,54.));
#199 = SURFACE_CURVE('',#200,(#204,#211),.PCURVE_S1.);
#200 = LINE('',#201,#202);
#201 = CARTESIAN_POINT('',(-50.,-4.,27.));
#202 = VECTOR('',#203,1.);
#203 = DIRECTION('',(0.,-0.,1.));
#204 = PCURVE('',#32,#205);
#205 = DEFINITIONAL_REPRESENTATION('',(#206),#210);
#206 = LINE('',#207,#208);
#207 = CARTESIAN_POINT('',(27.,-46.));
#208 = VECTOR('',#209,1.);
#209 = DIRECTION('',(1.,0.));
#210 = ( GEOMETRIC_REPRESENTATION_CONTEXT(2) 
PARAMETRIC_REPRESENTATION_CONTEXT() REPRESENTATION_CONTEXT('2D SPACE',''
  ) );
#211 = PCURVE('',#212,#217);
#212 = PLANE('',#213);
#213 = AXIS2_PLACEMENT_3D('',#214,#215,#216);
#214 = CARTESIAN_POINT('',(-45.,-4.,54.));
#215 = DIRECTION('',(1.110223024625E-16,1.,0.));
#216 = DIRECTION('',(0.,0.,1.));
#217 = DEFINITIONAL_REPRESENTATION('',(#218),#221);
#218 = B_SPLINE_CURVE_WITH_KNOTS('',1,(#219,#220),.UNSPECIFIED.,.F.,.F.,
  (2,2),(27.,41.404860290888),.PIECEWISE_BEZIER_KNOTS.);
#219 = CARTESIAN_POINT('',(0.,-5.));
#220 = CARTESIAN_POINT('',(14.404860290888,-5.));
#221 = ( GEOMETRIC_REPRESENTATION_CONTEXT(2) 
PARAMETRIC_REPRESENTATION_CONTEXT() REPRESENTATION_CONTEXT('2D SPACE',''
  ) );
#222 = ORIENTED_EDGE('',*,*,#223,.T.);
#223 = EDGE_CURVE('',#197,#141,#224,.T.);
#224 = SURFACE_CURVE('',#225,(#229,#236),.PCURVE_S1.);
#225 = LINE('',#226,#227);
#226 = CARTESIAN_POINT('',(-50.,-29.95243014544,54.));
#227 = VECTOR('',#228,1.);
#228 = DIRECTION('',(0.,-1.,0.));
#229 = PCURVE('',#32,#230);
#230 = DEFINITIONAL_REPRESENTATION('',(#231),#235);
#231 = LINE('',#232,#233);
#232 = CARTESIAN_POINT('',(54.,-20.04756985455));
#233 = VECTOR('',#234,1.);
#234 = DIRECTION('',(0.,1.));
#235 = ( GEOMETRIC_REPRESENTATION_CONTEXT(2) 
PARAMETRIC_REPRESENTATION_CONTEXT() REPRESENTATION_CONTEXT('2D SPACE',''
  ) );
#236 = PCURVE('',#237,#242);
#237 = PLANE('',#238);
#238 = AXIS2_PLACEMENT_3D('',#239,#240,#241);
#239 = CARTESIAN_POINT('',(-45.,-18.40486029088,54.));
#240 = DIRECTION('',(0.,0.,1.));
#241 = DIRECTION('',(1.110223024625E-16,1.,0.));
#242 = DEFINITIONAL_REPRESENTATION('',(#243),#246);
#243 = B_SPLINE_CURVE_WITH_KNOTS('',1,(#244,#245),.UNSPECIFIED.,.F.,.F.,
  (2,2),(-25.95243014544,-11.54756985455),.PIECEWISE_BEZIER_KNOTS.);
#244 = CARTESIAN_POINT('',(14.404860290888,5.));
#245 = CARTESIAN_POINT('',(0.,5.));
#246 = ( GEOMETRIC_REPRESENTATION_CONTEXT(2) 
PARAMETRIC_REPRESENTATION_CONTEXT() REPRESENTATION_CONTEXT('2D SPACE',''
  ) );
#247 = FACE_BOUND('',#248,.F.);
#248 = EDGE_LOOP('',(#249,#278,#305,#332));
#249 = ORIENTED_EDGE('',*,*,#250,.T.);
#250 = EDGE_CURVE('',#251,#253,#255,.T.);
#251 = VERTEX_POINT('',#252);
#252 = CARTESIAN_POINT('',(-50.,18.404860290888,31.595139709112));
#253 = VERTEX_POINT('',#254);
#254 = CARTESIAN_POINT('',(-50.,4.,31.595139709112));
#255 = SURFACE_CURVE('',#256,(#260,#267),.PCURVE_S1.);
#256 = LINE('',#257,#258);
#257 = CARTESIAN_POINT('',(-50.,-18.75,31.595139709112));
#258 = VECTOR('',#259,1.);
#259 = DIRECTION('',(0.,-1.,0.));
#260 = PCURVE('',#32,#261);
#261 = DEFINITIONAL_REPRESENTATION('',(#262),#266);
#262 = LINE('',#263,#264);
#263 = CARTESIAN_POINT('',(31.595139709112,-31.25));
#264 = VECTOR('',#265,1.);
#265 = DIRECTION('',(0.,1.));
#266 = ( GEOMETRIC_REPRESENTATION_CONTEXT(2) 
PARAMETRIC_REPRESENTATION_CONTEXT() REPRESENTATION_CONTEXT('2D SPACE',''
  ) );
#267 = PCURVE('',#268,#273);
#268 = PLANE('',#269);
#269 = AXIS2_PLACEMENT_3D('',#270,#271,#272);
#270 = CARTESIAN_POINT('',(-45.,4.,31.595139709112));
#271 = DIRECTION('',(0.,0.,1.));
#272 = DIRECTION('',(1.110223024625E-16,1.,0.));
#273 = DEFINITIONAL_REPRESENTATION('',(#274),#277);
#274 = B_SPLINE_CURVE_WITH_KNOTS('',1,(#275,#276),.UNSPECIFIED.,.F.,.F.,
  (2,2),(-37.15486029088,-22.75),.PIECEWISE_BEZIER_KNOTS.);
#275 = CARTESIAN_POINT('',(14.404860290888,5.));
#276 = CARTESIAN_POINT('',(0.,5.));
#277 = ( GEOMETRIC_REPRESENTATION_CONTEXT(2) 
PARAMETRIC_REPRESENTATION_CONTEXT() REPRESENTATION_CONTEXT('2D SPACE',''
  ) );
#278 = ORIENTED_EDGE('',*,*,#279,.T.);
#279 = EDGE_CURVE('',#253,#280,#282,.T.);
#280 = VERTEX_POINT('',#281);
#281 = CARTESIAN_POINT('',(-50.,4.,46.));
#282 = SURFACE_CURVE('',#283,(#287,#294),.PCURVE_S1.);
#283 = LINE('',#284,#285);
#284 = CARTESIAN_POINT('',(-50.,4.,15.797569854556));
#285 = VECTOR('',#286,1.);
#286 = DIRECTION('',(0.,-0.,1.));
#287 = PCURVE('',#32,#288);
#288 = DEFINITIONAL_REPRESENTATION('',(#289),#293);
#289 = LINE('',#290,#291);
#290 = CARTESIAN_POINT('',(15.797569854556,-54.));
#291 = VECTOR('',#292,1.);
#292 = DIRECTION('',(1.,0.));
#293 = ( GEOMETRIC_REPRESENTATION_CONTEXT(2) 
PARAMETRIC_REPRESENTATION_CONTEXT() REPRESENTATION_CONTEXT('2D SPACE',''
  ) );
#294 = PCURVE('',#295,#300);
#295 = PLANE('',#296);
#296 = AXIS2_PLACEMENT_3D('',#297,#298,#299);
#297 = CARTESIAN_POINT('',(-45.,4.,31.595139709112));
#298 = DIRECTION('',(1.110223024625E-16,1.,0.));
#299 = DIRECTION('',(0.,0.,1.));
#300 = DEFINITIONAL_REPRESENTATION('',(#301),#304);
#301 = B_SPLINE_CURVE_WITH_KNOTS('',1,(#302,#303),.UNSPECIFIED.,.F.,.F.,
  (2,2),(15.797569854556,30.202430145444),.PIECEWISE_BEZIER_KNOTS.);
#302 = CARTESIAN_POINT('',(0.,-5.));
#303 = CARTESIAN_POINT('',(14.404860290888,-5.));
#304 = ( GEOMETRIC_REPRESENTATION_CONTEXT(2) 
PARAMETRIC_REPRESENTATION_CONTEXT() REPRESENTATION_CONTEXT('2D SPACE',''
  ) );
#305 = ORIENTED_EDGE('',*,*,#306,.F.);
#306 = EDGE_CURVE('',#307,#280,#309,.T.);
#307 = VERTEX_POINT('',#308);
#308 = CARTESIAN_POINT('',(-50.,18.404860290888,46.));
#309 = SURFACE_CURVE('',#310,(#314,#321),.PCURVE_S1.);
#310 = LINE('',#311,#312);
#311 = CARTESIAN_POINT('',(-50.,-18.75,46.));
#312 = VECTOR('',#313,1.);
#313 = DIRECTION('',(0.,-1.,0.));
#314 = PCURVE('',#32,#315);
#315 = DEFINITIONAL_REPRESENTATION('',(#316),#320);
#316 = LINE('',#317,#318);
#317 = CARTESIAN_POINT('',(46.,-31.25));
#318 = VECTOR('',#319,1.);
#319 = DIRECTION('',(0.,1.));
#320 = ( GEOMETRIC_REPRESENTATION_CONTEXT(2) 
PARAMETRIC_REPRESENTATION_CONTEXT() REPRESENTATION_CONTEXT('2D SPACE',''
  ) );
#321 = PCURVE('',#322,#327);
#322 = PLANE('',#323);
#323 = AXIS2_PLACEMENT_3D('',#324,#325,#326);
#324 = CARTESIAN_POINT('',(-45.,4.,46.));
#325 = DIRECTION('',(0.,0.,1.));
#326 = DIRECTION('',(1.110223024625E-16,1.,0.));
#327 = DEFINITIONAL_REPRESENTATION('',(#328),#331);
#328 = B_SPLINE_CURVE_WITH_KNOTS('',1,(#329,#330),.UNSPECIFIED.,.F.,.F.,
  (2,2),(-37.15486029088,-22.75),.PIECEWISE_BEZIER_KNOTS.);
#329 = CARTESIAN_POINT('',(14.404860290888,5.));
#330 = CARTESIAN_POINT('',(0.,5.));
#331 = ( GEOMETRIC_REPRESENTATION_CONTEXT(2) 
PARAMETRIC_REPRESENTATION_CONTEXT() REPRESENTATION_CONTEXT('2D SPACE',''
  ) );
#332 = ORIENTED_EDGE('',*,*,#333,.F.);
#333 = EDGE_CURVE('',#251,#307,#334,.T.);
#334 = SURFACE_CURVE('',#335,(#339,#346),.PCURVE_S1.);
#335 = LINE('',#336,#337);
#336 = CARTESIAN_POINT('',(-50.,18.404860290888,15.797569854556));
#337 = VECTOR('',#338,1.);
#338 = DIRECTION('',(0.,-0.,1.));
#339 = PCURVE('',#32,#340);
#340 = DEFINITIONAL_REPRESENTATION('',(#341),#345);
#341 = LINE('',#342,#343);
#342 = CARTESIAN_POINT('',(15.797569854556,-68.40486029088));
#343 = VECTOR('',#344,1.);
#344 = DIRECTION('',(1.,0.));
#345 = ( GEOMETRIC_REPRESENTATION_CONTEXT(2) 
PARAMETRIC_REPRESENTATION_CONTEXT() REPRESENTATION_CONTEXT('2D SPACE',''
  ) );
#346 = PCURVE('',#347,#352);
#347 = PLANE('',#348);
#348 = AXIS2_PLACEMENT_3D('',#349,#350,#351);
#349 = CARTESIAN_POINT('',(-45.,18.404860290888,31.595139709112));
#350 = DIRECTION('',(1.110223024625E-16,1.,0.));
#351 = DIRECTION('',(0.,0.,1.));
#352 = DEFINITIONAL_REPRESENTATION('',(#353),#356);
#353 = B_SPLINE_CURVE_WITH_KNOTS('',1,(#354,#355),.UNSPECIFIED.,.F.,.F.,
  (2,2),(15.797569854556,30.202430145444),.PIECEWISE_BEZIER_KNOTS.);
#354 = CARTESIAN_POINT('',(0.,-5.));
#355 = CARTESIAN_POINT('',(14.404860290888,-5.));
#356 = ( GEOMETRIC_REPRESENTATION_CONTEXT(2) 
PARAMETRIC_REPRESENTATION_CONTEXT() REPRESENTATION_CONTEXT('2D SPACE',''
  ) );
#357 = FACE_BOUND('',#358,.F.);
#358 = EDGE_LOOP('',(#359,#388,#415,#442));
#359 = ORIENTED_EDGE('',*,*,#360,.T.);
#360 = EDGE_CURVE('',#361,#363,#365,.T.);
#361 = VERTEX_POINT('',#362);
#362 = CARTESIAN_POINT('',(-50.,18.404860290888,54.));
#363 = VERTEX_POINT('',#364);
#364 = CARTESIAN_POINT('',(-50.,4.,54.));
#365 = SURFACE_CURVE('',#366,(#370,#377),.PCURVE_S1.);
#366 = LINE('',#367,#368);
#367 = CARTESIAN_POINT('',(-50.,-18.75,54.));
#368 = VECTOR('',#369,1.);
#369 = DIRECTION('',(0.,-1.,0.));
#370 = PCURVE('',#32,#371);
#371 = DEFINITIONAL_REPRESENTATION('',(#372),#376);
#372 = LINE('',#373,#374);
#373 = CARTESIAN_POINT('',(54.,-31.25));
#374 = VECTOR('',#375,1.);
#375 = DIRECTION('',(0.,1.));
#376 = ( GEOMETRIC_REPRESENTATION_CONTEXT(2) 
PARAMETRIC_REPRESENTATION_CONTEXT() REPRESENTATION_CONTEXT('2D SPACE',''
  ) );
#377 = PCURVE('',#378,#383);
#378 = PLANE('',#379);
#379 = AXIS2_PLACEMENT_3D('',#380,#381,#382);
#380 = CARTESIAN_POINT('',(-45.,4.,54.));
#381 = DIRECTION('',(0.,0.,1.));
#382 = DIRECTION('',(1.110223024625E-16,1.,0.));
#383 = DEFINITIONAL_REPRESENTATION('',(#384),#387);
#384 = B_SPLINE_CURVE_WITH_KNOTS('',1,(#385,#386),.UNSPECIFIED.,.F.,.F.,
  (2,2),(-37.15486029088,-22.75),.PIECEWISE_BEZIER_KNOTS.);
#385 = CARTESIAN_POINT('',(14.404860290888,5.));
#386 = CARTESIAN_POINT('',(0.,5.));
#387 = ( GEOMETRIC_REPRESENTATION_CONTEXT(2) 
PARAMETRIC_REPRESENTATION_CONTEXT() REPRESENTATION_CONTEXT('2D SPACE',''
  ) );
#388 = ORIENTED_EDGE('',*,*,#389,.T.);
#389 = EDGE_CURVE('',#363,#390,#392,.T.);
#390 = VERTEX_POINT('',#391);
#391 = CARTESIAN_POINT('',(-50.,4.,68.404860290888));
#392 = SURFACE_CURVE('',#393,(#397,#404),.PCURVE_S1.);
#393 = LINE('',#394,#395);
#394 = CARTESIAN_POINT('',(-50.,4.,27.));
#395 = VECTOR('',#396,1.);
#396 = DIRECTION('',(0.,-0.,1.));
#397 = PCURVE('',#32,#398);
#398 = DEFINITIONAL_REPRESENTATION('',(#399),#403);
#399 = LINE('',#400,#401);
#400 = CARTESIAN_POINT('',(27.,-54.));
#401 = VECTOR('',#402,1.);
#402 = DIRECTION('',(1.,0.));
#403 = ( GEOMETRIC_REPRESENTATION_CONTEXT(2) 
PARAMETRIC_REPRESENTATION_CONTEXT() REPRESENTATION_CONTEXT('2D SPACE',''
  ) );
#404 = PCURVE('',#405,#410);
#405 = PLANE('',#406);
#406 = AXIS2_PLACEMENT_3D('',#407,#408,#409);
#407 = CARTESIAN_POINT('',(-45.,4.,54.));
#408 = DIRECTION('',(1.110223024625E-16,1.,0.));
#409 = DIRECTION('',(0.,0.,1.));
#410 = DEFINITIONAL_REPRESENTATION('',(#411),#414);
#411 = B_SPLINE_CURVE_WITH_KNOTS('',1,(#412,#413),.UNSPECIFIED.,.F.,.F.,
  (2,2),(27.,41.404860290888),.PIECEWISE_BEZIER_KNOTS.);
#412 = CARTESIAN_POINT('',(0.,-5.));
#413 = CARTESIAN_POINT('',(14.404860290888,-5.));
#414 = ( GEOMETRIC_REPRESENTATION_CONTEXT(2) 
PARAMETRIC_REPRESENTATION_CONTEXT() REPRESENTATION_CONTEXT('2D SPACE',''
  ) );
#415 = ORIENTED_EDGE('',*,*,#416,.F.);
#416 = EDGE_CURVE('',#417,#390,#419,.T.);
#417 = VERTEX_POINT('',#418);
#418 = CARTESIAN_POINT('',(-50.,18.404860290888,68.404860290888));
#419 = SURFACE_CURVE('',#420,(#424,#431),.PCURVE_S1.);
#420 = LINE('',#421,#422);
#421 = CARTESIAN_POINT('',(-50.,-18.75,68.404860290888));
#422 = VECTOR('',#423,1.);
#423 = DIRECTION('',(0.,-1.,0.));
#424 = PCURVE('',#32,#425);
#425 = DEFINITIONAL_REPRESENTATION('',(#426),#430);
#426 = LINE('',#427,#428);
#427 = CARTESIAN_POINT('',(68.404860290888,-31.25));
#428 = VECTOR('',#429,1.);
#429 = DIRECTION('',(0.,1.));
#430 = ( GEOMETRIC_REPRESENTATION_CONTEXT(2) 
PARAMETRIC_REPRESENTATION_CONTEXT() REPRESENTATION_CONTEXT('2D SPACE',''
  ) );
#431 = PCURVE('',#432,#437);
#432 = PLANE('',#433);
#433 = AXIS2_PLACEMENT_3D('',#434,#435,#436);
#434 = CARTESIAN_POINT('',(-45.,4.,68.404860290888));
#435 = DIRECTION('',(0.,0.,1.));
#436 = DIRECTION('',(1.110223024625E-16,1.,0.));
#437 = DEFINITIONAL_REPRESENTATION('',(#438),#441);
#438 = B_SPLINE_CURVE_WITH_KNOTS('',1,(#439,#440),.UNSPECIFIED.,.F.,.F.,
  (2,2),(-37.15486029088,-22.75),.PIECEWISE_BEZIER_KNOTS.);
#439 = CARTESIAN_POINT('',(14.404860290888,5.));
#440 = CARTESIAN_POINT('',(0.,5.));
#441 = ( GEOMETRIC_REPRESENTATION_CONTEXT(2) 
PARAMETRIC_REPRESENTATION_CONTEXT() REPRESENTATION_CONTEXT('2D SPACE',''
  ) );
#442 = ORIENTED_EDGE('',*,*,#443,.F.);
#443 = EDGE_CURVE('',#361,#417,#444,.T.);
#444 = SURFACE_CURVE('',#445,(#449,#456),.PCURVE_S1.);
#445 = LINE('',#446,#447);
#446 = CARTESIAN_POINT('',(-50.,18.404860290888,27.));
#447 = VECTOR('',#448,1.);
#448 = DIRECTION('',(0.,-0.,1.));
#449 = PCURVE('',#32,#450);
#450 = DEFINITIONAL_REPRESENTATION('',(#451),#455);
#451 = LINE('',#452,#453);
#452 = CARTESIAN_POINT('',(27.,-68.40486029088));
#453 = VECTOR('',#454,1.);
#454 = DIRECTION('',(1.,0.));
#455 = ( GEOMETRIC_REPRESENTATION_CONTEXT(2) 
PARAMETRIC_REPRESENTATION_CONTEXT() REPRESENTATION_CONTEXT('2D SPACE',''
  ) );
#456 = PCURVE('',#457,#462);
#457 = PLANE('',#458);
#458 = AXIS2_PLACEMENT_3D('',#459,#460,#461);
#459 = CARTESIAN_POINT('',(-45.,18.404860290888,54.));
#460 = DIRECTION('',(1.110223024625E-16,1.,0.));
#461 = DIRECTION('',(0.,0.,1.));
#462 = DEFINITIONAL_REPRESENTATION('',(#463),#466);
#463 = B_SPLINE_CURVE_WITH_KNOTS('',1,(#464,#465),.UNSPECIFIED.,.F.,.F.,
  (2,2),(27.,41.404860290888),.PIECEWISE_BEZIER_KNOTS.);
#464 = CARTESIAN_POINT('',(0.,-5.));
#465 = CARTESIAN_POINT('',(14.404860290888,-5.));
#466 = ( GEOMETRIC_REPRESENTATION_CONTEXT(2) 
PARAMETRIC_REPRESENTATION_CONTEXT() REPRESENTATION_CONTEXT('2D SPACE',''
  ) );
#467 = FACE_BOUND('',#468,.F.);
#468 = EDGE_LOOP('',(#469,#498,#525,#552));
#469 = ORIENTED_EDGE('',*,*,#470,.T.);
#470 = EDGE_CURVE('',#471,#473,#475,.T.);
#471 = VERTEX_POINT('',#472);
#472 = CARTESIAN_POINT('',(-50.,-4.,31.595139709112));
#473 = VERTEX_POINT('',#474);
#474 = CARTESIAN_POINT('',(-50.,-18.40486029088,31.595139709112));
#475 = SURFACE_CURVE('',#476,(#480,#487),.PCURVE_S1.);
#476 = LINE('',#477,#478);
#477 = CARTESIAN_POINT('',(-50.,-29.95243014544,31.595139709112));
#478 = VECTOR('',#479,1.);
#479 = DIRECTION('',(0.,-1.,0.));
#480 = PCURVE('',#32,#481);
#481 = DEFINITIONAL_REPRESENTATION('',(#482),#486);
#482 = LINE('',#483,#484);
#483 = CARTESIAN_POINT('',(31.595139709112,-20.04756985455));
#484 = VECTOR('',#485,1.);
#485 = DIRECTION('',(0.,1.));
#486 = ( GEOMETRIC_REPRESENTATION_CONTEXT(2) 
PARAMETRIC_REPRESENTATION_CONTEXT() REPRESENTATION_CONTEXT('2D SPACE',''
  ) );
#487 = PCURVE('',#488,#493);
#488 = PLANE('',#489);
#489 = AXIS2_PLACEMENT_3D('',#490,#491,#492);
#490 = CARTESIAN_POINT('',(-45.,-18.40486029088,31.595139709112));
#491 = DIRECTION('',(0.,0.,1.));
#492 = DIRECTION('',(1.110223024625E-16,1.,0.));
#493 = DEFINITIONAL_REPRESENTATION('',(#494),#497);
#494 = B_SPLINE_CURVE_WITH_KNOTS('',1,(#495,#496),.UNSPECIFIED.,.F.,.F.,
  (2,2),(-25.95243014544,-11.54756985455),.PIECEWISE_BEZIER_KNOTS.);
#495 = CARTESIAN_POINT('',(14.404860290888,5.));
#496 = CARTESIAN_POINT('',(0.,5.));
#497 = ( GEOMETRIC_REPRESENTATION_CONTEXT(2) 
PARAMETRIC_REPRESENTATION_CONTEXT() REPRESENTATION_CONTEXT('2D SPACE',''
  ) );
#498 = ORIENTED_EDGE('',*,*,#499,.T.);
#499 = EDGE_CURVE('',#473,#500,#502,.T.);
#500 = VERTEX_POINT('',#501);
#501 = CARTESIAN_POINT('',(-50.,-18.40486029088,46.));
#502 = SURFACE_CURVE('',#503,(#507,#514),.PCURVE_S1.);
#503 = LINE('',#504,#505);
#504 = CARTESIAN_POINT('',(-50.,-18.40486029088,15.797569854556));
#505 = VECTOR('',#506,1.);
#506 = DIRECTION('',(0.,-0.,1.));
#507 = PCURVE('',#32,#508);
#508 = DEFINITIONAL_REPRESENTATION('',(#509),#513);
#509 = LINE('',#510,#511);
#510 = CARTESIAN_POINT('',(15.797569854556,-31.59513970911));
#511 = VECTOR('',#512,1.);
#512 = DIRECTION('',(1.,0.));
#513 = ( GEOMETRIC_REPRESENTATION_CONTEXT(2) 
PARAMETRIC_REPRESENTATION_CONTEXT() REPRESENTATION_CONTEXT('2D SPACE',''
  ) );
#514 = PCURVE('',#515,#520);
#515 = PLANE('',#516);
#516 = AXIS2_PLACEMENT_3D('',#517,#518,#519);
#517 = CARTESIAN_POINT('',(-45.,-18.40486029088,31.595139709112));
#518 = DIRECTION('',(1.110223024625E-16,1.,0.));
#519 = DIRECTION('',(0.,0.,1.));
#520 = DEFINITIONAL_REPRESENTATION('',(#521),#524);
#521 = B_SPLINE_CURVE_WITH_KNOTS('',1,(#522,#523),.UNSPECIFIED.,.F.,.F.,
  (2,2),(15.797569854556,30.202430145444),.PIECEWISE_BEZIER_KNOTS.);
#522 = CARTESIAN_POINT('',(0.,-5.));
#523 = CARTESIAN_POINT('',(14.404860290888,-5.));
#524 = ( GEOMETRIC_REPRESENTATION_CONTEXT(2) 
PARAMETRIC_REPRESENTATION_CONTEXT() REPRESENTATION_CONTEXT('2D SPACE',''
  ) );
#525 = ORIENTED_EDGE('',*,*,#526,.F.);
#526 = EDGE_CURVE('',#527,#500,#529,.T.);
#527 = VERTEX_POINT('',#528);
#528 = CARTESIAN_POINT('',(-50.,-4.,46.));
#529 = SURFACE_CURVE('',#530,(#534,#541),.PCURVE_S1.);
#530 = LINE('',#531,#532);
#531 = CARTESIAN_POINT('',(-50.,-29.95243014544,46.));
#532 = VECTOR('',#533,1.);
#533 = DIRECTION('',(0.,-1.,0.));
#534 = PCURVE('',#32,#535);
#535 = DEFINITIONAL_REPRESENTATION('',(#536),#540);
#536 = LINE('',#537,#538);
#537 = CARTESIAN_POINT('',(46.,-20.04756985455));
#538 = VECTOR('',#539,1.);
#539 = DIRECTION('',(0.,1.));
#540 = ( GEOMETRIC_REPRESENTATION_CONTEXT(2) 
PARAMETRIC_REPRESENTATION_CONTEXT() REPRESENTATION_CONTEXT('2D SPACE',''
  ) );
#541 = PCURVE('',#542,#547);
#542 = PLANE('',#543);
#543 = AXIS2_PLACEMENT_3D('',#544,#545,#546);
#544 = CARTESIAN_POINT('',(-45.,-18.40486029088,46.));
#545 = DIRECTION('',(0.,0.,1.));
#546 = DIRECTION('',(1.110223024625E-16,1.,0.));
#547 = DEFINITIONAL_REPRESENTATION('',(#548),#551);
#548 = B_SPLINE_CURVE_WITH_KNOTS('',1,(#549,#550),.UNSPECIFIED.,.F.,.F.,
  (2,2),(-25.95243014544,-11.54756985455),.PIECEWISE_BEZIER_KNOTS.);
#549 = CARTESIAN_POINT('',(14.404860290888,5.));
#550 = CARTESIAN_POINT('',(0.,5.));
#551 = ( GEOMETRIC_REPRESENTATION_CONTEXT(2) 
PARAMETRIC_REPRESENTATION_CONTEXT() REPRESENTATION_CONTEXT('2D SPACE',''
  ) );
#552 = ORIENTED_EDGE('',*,*,#553,.F.);
#553 = EDGE_CURVE('',#471,#527,#554,.T.);
#554 = SURFACE_CURVE('',#555,(#559,#566),.PCURVE_S1.);
#555 = LINE('',#556,#557);
#556 = CARTESIAN_POINT('',(-50.,-4.,15.797569854556));
#557 = VECTOR('',#558,1.);
#558 = DIRECTION('',(0.,-0.,1.));
#559 = PCURVE('',#32,#560);
#560 = DEFINITIONAL_REPRESENTATION('',(#561),#565);
#561 = LINE('',#562,#563);
#562 = CARTESIAN_POINT('',(15.797569854556,-46.));
#563 = VECTOR('',#564,1.);
#564 = DIRECTION('',(1.,0.));
#565 = ( GEOMETRIC_REPRESENTATION_CONTEXT(2) 
PARAMETRIC_REPRESENTATION_CONTEXT() REPRESENTATION_CONTEXT('2D SPACE',''
  ) );
#566 = PCURVE('',#567,#572);
#567 = PLANE('',#568);
#568 = AXIS2_PLACEMENT_3D('',#569,#570,#571);
#569 = CARTESIAN_POINT('',(-45.,-4.,31.595139709112));
#570 = DIRECTION('',(1.110223024625E-16,1.,0.));
#571 = DIRECTION('',(0.,0.,1.));
#572 = DEFINITIONAL_REPRESENTATION('',(#573),#576);
#573 = B_SPLINE_CURVE_WITH_KNOTS('',1,(#574,#575),.UNSPECIFIED.,.F.,.F.,
  (2,2),(15.797569854556,30.202430145444),.PIECEWISE_BEZIER_KNOTS.);
#574 = CARTESIAN_POINT('',(0.,-5.));
#575 = CARTESIAN_POINT('',(14.404860290888,-5.));
#576 = ( GEOMETRIC_REPRESENTATION_CONTEXT(2) 
PARAMETRIC_REPRESENTATION_CONTEXT() REPRESENTATION_CONTEXT('2D SPACE',''
  ) );
#577 = ADVANCED_FACE('',(#578,#653,#763,#873,#983),#44,.F.);
#578 = FACE_BOUND('',#579,.F.);
#579 = EDGE_LOOP('',(#580,#603,#604,#627));
#580 = ORIENTED_EDGE('',*,*,#581,.F.);
#581 = EDGE_CURVE('',#22,#582,#584,.T.);
#582 = VERTEX_POINT('',#583);
#583 = CARTESIAN_POINT('',(50.,-50.,0.));
#584 = SURFACE_CURVE('',#585,(#589,#596),.PCURVE_S1.);
#585 = LINE('',#586,#587);
#586 = CARTESIAN_POINT('',(-50.,-50.,0.));
#587 = VECTOR('',#588,1.);
#588 = DIRECTION('',(1.,0.,0.));
#589 = PCURVE('',#44,#590);
#590 = DEFINITIONAL_REPRESENTATION('',(#591),#595);
#591 = LINE('',#592,#593);
#592 = CARTESIAN_POINT('',(0.,0.));
#593 = VECTOR('',#594,1.);
#594 = DIRECTION('',(0.,1.));
#595 = ( GEOMETRIC_REPRESENTATION_CONTEXT(2) 
PARAMETRIC_REPRESENTATION_CONTEXT() REPRESENTATION_CONTEXT('2D SPACE',''
  ) );
#596 = PCURVE('',#72,#597);
#597 = DEFINITIONAL_REPRESENTATION('',(#598),#602);
#598 = LINE('',#599,#600);
#599 = CARTESIAN_POINT('',(0.,0.));
#600 = VECTOR('',#601,1.);
#601 = DIRECTION('',(1.,0.));
#602 = ( GEOMETRIC_REPRESENTATION_CONTEXT(2) 
PARAMETRIC_REPRESENTATION_CONTEXT() REPRESENTATION_CONTEXT('2D SPACE',''
  ) );
#603 = ORIENTED_EDGE('',*,*,#21,.T.);
#604 = ORIENTED_EDGE('',*,*,#605,.F.);
#605 = EDGE_CURVE('',#606,#24,#608,.T.);
#606 = VERTEX_POINT('',#607);
#607 = CARTESIAN_POINT('',(50.,-50.,100.));
#608 = SURFACE_CURVE('',#609,(#613,#620),.PCURVE_S1.);
#609 = LINE('',#610,#611);
#610 = CARTESIAN_POINT('',(50.,-50.,100.));
#611 = VECTOR('',#612,1.);
#612 = DIRECTION('',(-1.,0.,0.));
#613 = PCURVE('',#44,#614);
#614 = DEFINITIONAL_REPRESENTATION('',(#615),#619);
#615 = LINE('',#616,#617);
#616 = CARTESIAN_POINT('',(100.,100.));
#617 = VECTOR('',#618,1.);
#618 = DIRECTION('',(0.,-1.));
#619 = ( GEOMETRIC_REPRESENTATION_CONTEXT(2) 
PARAMETRIC_REPRESENTATION_CONTEXT() REPRESENTATION_CONTEXT('2D SPACE',''
  ) );
#620 = PCURVE('',#126,#621);
#621 = DEFINITIONAL_REPRESENTATION('',(#622),#626);
#622 = LINE('',#623,#624);
#623 = CARTESIAN_POINT('',(100.,0.));
#624 = VECTOR('',#625,1.);
#625 = DIRECTION('',(-1.,0.));
#626 = ( GEOMETRIC_REPRESENTATION_CONTEXT(2) 
PARAMETRIC_REPRESENTATION_CONTEXT() REPRESENTATION_CONTEXT('2D SPACE',''
  ) );
#627 = ORIENTED_EDGE('',*,*,#628,.F.);
#628 = EDGE_CURVE('',#582,#606,#629,.T.);
#629 = SURFACE_CURVE('',#630,(#634,#641),.PCURVE_S1.);
#630 = LINE('',#631,#632);
#631 = CARTESIAN_POINT('',(50.,-50.,0.));
#632 = VECTOR('',#633,1.);
#633 = DIRECTION('',(0.,0.,1.));
#634 = PCURVE('',#44,#635);
#635 = DEFINITIONAL_REPRESENTATION('',(#636),#640);
#636 = LINE('',#637,#638);
#637 = CARTESIAN_POINT('',(0.,100.));
#638 = VECTOR('',#639,1.);
#639 = DIRECTION('',(1.,0.));
#640 = ( GEOMETRIC_REPRESENTATION_CONTEXT(2) 
PARAMETRIC_REPRESENTATION_CONTEXT() REPRESENTATION_CONTEXT('2D SPACE',''
  ) );
#641 = PCURVE('',#642,#647);
#642 = PLANE('',#643);
#643 = AXIS2_PLACEMENT_3D('',#644,#645,#646);
#644 = CARTESIAN_POINT('',(50.,-50.,0.));
#645 = DIRECTION('',(1.,0.,-0.));
#646 = DIRECTION('',(0.,0.,1.));
#647 = DEFINITIONAL_REPRESENTATION('',(#648),#652);
#648 = LINE('',#649,#650);
#649 = CARTESIAN_POINT('',(0.,0.));
#650 = VECTOR('',#651,1.);
#651 = DIRECTION('',(1.,0.));
#652 = ( GEOMETRIC_REPRESENTATION_CONTEXT(2) 
PARAMETRIC_REPRESENTATION_CONTEXT() REPRESENTATION_CONTEXT('2D SPACE',''
  ) );
#653 = FACE_BOUND('',#654,.F.);
#654 = EDGE_LOOP('',(#655,#684,#711,#738));
#655 = ORIENTED_EDGE('',*,*,#656,.T.);
#656 = EDGE_CURVE('',#657,#659,#661,.T.);
#657 = VERTEX_POINT('',#658);
#658 = CARTESIAN_POINT('',(4.,-50.,68.404860290888));
#659 = VERTEX_POINT('',#660);
#660 = CARTESIAN_POINT('',(4.,-50.,54.));
#661 = SURFACE_CURVE('',#662,(#666,#673),.PCURVE_S1.);
#662 = LINE('',#663,#664);
#663 = CARTESIAN_POINT('',(4.,-50.,27.));
#664 = VECTOR('',#665,1.);
#665 = DIRECTION('',(-0.,0.,-1.));
#666 = PCURVE('',#44,#667);
#667 = DEFINITIONAL_REPRESENTATION('',(#668),#672);
#668 = LINE('',#669,#670);
#669 = CARTESIAN_POINT('',(27.,54.));
#670 = VECTOR('',#671,1.);
#671 = DIRECTION('',(-1.,0.));
#672 = ( GEOMETRIC_REPRESENTATION_CONTEXT(2) 
PARAMETRIC_REPRESENTATION_CONTEXT() REPRESENTATION_CONTEXT('2D SPACE',''
  ) );
#673 = PCURVE('',#674,#679);
#674 = PLANE('',#675);
#675 = AXIS2_PLACEMENT_3D('',#676,#677,#678);
#676 = CARTESIAN_POINT('',(4.,-53.,54.));
#677 = DIRECTION('',(1.,0.,-0.));
#678 = DIRECTION('',(0.,0.,1.));
#679 = DEFINITIONAL_REPRESENTATION('',(#680),#683);
#680 = B_SPLINE_CURVE_WITH_KNOTS('',1,(#681,#682),.UNSPECIFIED.,.F.,.F.,
  (2,2),(-41.40486029088,-27.),.PIECEWISE_BEZIER_KNOTS.);
#681 = CARTESIAN_POINT('',(14.404860290888,-3.));
#682 = CARTESIAN_POINT('',(0.,-3.));
#683 = ( GEOMETRIC_REPRESENTATION_CONTEXT(2) 
PARAMETRIC_REPRESENTATION_CONTEXT() REPRESENTATION_CONTEXT('2D SPACE',''
  ) );
#684 = ORIENTED_EDGE('',*,*,#685,.T.);
#685 = EDGE_CURVE('',#659,#686,#688,.T.);
#686 = VERTEX_POINT('',#687);
#687 = CARTESIAN_POINT('',(18.404860290888,-50.,54.));
#688 = SURFACE_CURVE('',#689,(#693,#700),.PCURVE_S1.);
#689 = LINE('',#690,#691);
#690 = CARTESIAN_POINT('',(-18.75,-50.,54.));
#691 = VECTOR('',#692,1.);
#692 = DIRECTION('',(1.,0.,-0.));
#693 = PCURVE('',#44,#694);
#694 = DEFINITIONAL_REPRESENTATION('',(#695),#699);
#695 = LINE('',#696,#697);
#696 = CARTESIAN_POINT('',(54.,31.25));
#697 = VECTOR('',#698,1.);
#698 = DIRECTION('',(0.,1.));
#699 = ( GEOMETRIC_REPRESENTATION_CONTEXT(2) 
PARAMETRIC_REPRESENTATION_CONTEXT() REPRESENTATION_CONTEXT('2D SPACE',''
  ) );
#700 = PCURVE('',#701,#706);
#701 = PLANE('',#702);
#702 = AXIS2_PLACEMENT_3D('',#703,#704,#705);
#703 = CARTESIAN_POINT('',(4.,-53.,54.));
#704 = DIRECTION('',(0.,0.,1.));
#705 = DIRECTION('',(1.,0.,-0.));
#706 = DEFINITIONAL_REPRESENTATION('',(#707),#710);
#707 = B_SPLINE_CURVE_WITH_KNOTS('',1,(#708,#709),.UNSPECIFIED.,.F.,.F.,
  (2,2),(22.75,37.154860290888),.PIECEWISE_BEZIER_KNOTS.);
#708 = CARTESIAN_POINT('',(0.,3.));
#709 = CARTESIAN_POINT('',(14.404860290888,3.));
#710 = ( GEOMETRIC_REPRESENTATION_CONTEXT(2) 
PARAMETRIC_REPRESENTATION_CONTEXT() REPRESENTATION_CONTEXT('2D SPACE',''
  ) );
#711 = ORIENTED_EDGE('',*,*,#712,.F.);
#712 = EDGE_CURVE('',#713,#686,#715,.T.);
#713 = VERTEX_POINT('',#714);
#714 = CARTESIAN_POINT('',(18.404860290888,-50.,68.404860290888));
#715 = SURFACE_CURVE('',#716,(#720,#727),.PCURVE_S1.);
#716 = LINE('',#717,#718);
#717 = CARTESIAN_POINT('',(18.404860290888,-50.,27.));
#718 = VECTOR('',#719,1.);
#719 = DIRECTION('',(-0.,0.,-1.));
#720 = PCURVE('',#44,#721);
#721 = DEFINITIONAL_REPRESENTATION('',(#722),#726);
#722 = LINE('',#723,#724);
#723 = CARTESIAN_POINT('',(27.,68.404860290888));
#724 = VECTOR('',#725,1.);
#725 = DIRECTION('',(-1.,0.));
#726 = ( GEOMETRIC_REPRESENTATION_CONTEXT(2) 
PARAMETRIC_REPRESENTATION_CONTEXT() REPRESENTATION_CONTEXT('2D SPACE',''
  ) );
#727 = PCURVE('',#728,#733);
#728 = PLANE('',#729);
#729 = AXIS2_PLACEMENT_3D('',#730,#731,#732);
#730 = CARTESIAN_POINT('',(18.404860290888,-53.,54.));
#731 = DIRECTION('',(1.,0.,-0.));
#732 = DIRECTION('',(0.,0.,1.));
#733 = DEFINITIONAL_REPRESENTATION('',(#734),#737);
#734 = B_SPLINE_CURVE_WITH_KNOTS('',1,(#735,#736),.UNSPECIFIED.,.F.,.F.,
  (2,2),(-41.40486029088,-27.),.PIECEWISE_BEZIER_KNOTS.);
#735 = CARTESIAN_POINT('',(14.404860290888,-3.));
#736 = CARTESIAN_POINT('',(0.,-3.));
#737 = ( GEOMETRIC_REPRESENTATION_CONTEXT(2) 
PARAMETRIC_REPRESENTATION_CONTEXT() REPRESENTATION_CONTEXT('2D SPACE',''
  ) );
#738 = ORIENTED_EDGE('',*,*,#739,.F.);
#739 = EDGE_CURVE('',#657,#713,#740,.T.);
#740 = SURFACE_CURVE('',#741,(#745,#752),.PCURVE_S1.);
#741 = LINE('',#742,#743);
#742 = CARTESIAN_POINT('',(-18.75,-50.,68.404860290888));
#743 = VECTOR('',#744,1.);
#744 = DIRECTION('',(1.,0.,-0.));
#745 = PCURVE('',#44,#746);
#746 = DEFINITIONAL_REPRESENTATION('',(#747),#751);
#747 = LINE('',#748,#749);
#748 = CARTESIAN_POINT('',(68.404860290888,31.25));
#749 = VECTOR('',#750,1.);
#750 = DIRECTION('',(0.,1.));
#751 = ( GEOMETRIC_REPRESENTATION_CONTEXT(2) 
PARAMETRIC_REPRESENTATION_CONTEXT() REPRESENTATION_CONTEXT('2D SPACE',''
  ) );
#752 = PCURVE('',#753,#758);
#753 = PLANE('',#754);
#754 = AXIS2_PLACEMENT_3D('',#755,#756,#757);
#755 = CARTESIAN_POINT('',(4.,-53.,68.404860290888));
#756 = DIRECTION('',(0.,0.,1.));
#757 = DIRECTION('',(1.,0.,-0.));
#758 = DEFINITIONAL_REPRESENTATION('',(#759),#762);
#759 = B_SPLINE_CURVE_WITH_KNOTS('',1,(#760,#761),.UNSPECIFIED.,.F.,.F.,
  (2,2),(22.75,37.154860290888),.PIECEWISE_BEZIER_KNOTS.);
#760 = CARTESIAN_POINT('',(0.,3.));
#761 = CARTESIAN_POINT('',(14.404860290888,3.));
#762 = ( GEOMETRIC_REPRESENTATION_CONTEXT(2) 
PARAMETRIC_REPRESENTATION_CONTEXT() REPRESENTATION_CONTEXT('2D SPACE',''
  ) );
#763 = FACE_BOUND('',#764,.F.);
#764 = EDGE_LOOP('',(#765,#794,#821,#848));
#765 = ORIENTED_EDGE('',*,*,#766,.F.);
#766 = EDGE_CURVE('',#767,#769,#771,.T.);
#767 = VERTEX_POINT('',#768);
#768 = CARTESIAN_POINT('',(-18.40486029088,-50.,46.));
#769 = VERTEX_POINT('',#770);
#770 = CARTESIAN_POINT('',(-4.,-50.,46.));
#771 = SURFACE_CURVE('',#772,(#776,#783),.PCURVE_S1.);
#772 = LINE('',#773,#774);
#773 = CARTESIAN_POINT('',(-29.95243014544,-50.,46.));
#774 = VECTOR('',#775,1.);
#775 = DIRECTION('',(1.,0.,-0.));
#776 = PCURVE('',#44,#777);
#777 = DEFINITIONAL_REPRESENTATION('',(#778),#782);
#778 = LINE('',#779,#780);
#779 = CARTESIAN_POINT('',(46.,20.047569854556));
#780 = VECTOR('',#781,1.);
#781 = DIRECTION('',(0.,1.));
#782 = ( GEOMETRIC_REPRESENTATION_CONTEXT(2) 
PARAMETRIC_REPRESENTATION_CONTEXT() REPRESENTATION_CONTEXT('2D SPACE',''
  ) );
#783 = PCURVE('',#784,#789);
#784 = PLANE('',#785);
#785 = AXIS2_PLACEMENT_3D('',#786,#787,#788);
#786 = CARTESIAN_POINT('',(-18.40486029088,-53.,46.));
#787 = DIRECTION('',(0.,0.,1.));
#788 = DIRECTION('',(1.,0.,-0.));
#789 = DEFINITIONAL_REPRESENTATION('',(#790),#793);
#790 = B_SPLINE_CURVE_WITH_KNOTS('',1,(#791,#792),.UNSPECIFIED.,.F.,.F.,
  (2,2),(11.547569854556,25.952430145444),.PIECEWISE_BEZIER_KNOTS.);
#791 = CARTESIAN_POINT('',(0.,3.));
#792 = CARTESIAN_POINT('',(14.404860290888,3.));
#793 = ( GEOMETRIC_REPRESENTATION_CONTEXT(2) 
PARAMETRIC_REPRESENTATION_CONTEXT() REPRESENTATION_CONTEXT('2D SPACE',''
  ) );
#794 = ORIENTED_EDGE('',*,*,#795,.T.);
#795 = EDGE_CURVE('',#767,#796,#798,.T.);
#796 = VERTEX_POINT('',#797);
#797 = CARTESIAN_POINT('',(-18.40486029088,-50.,31.595139709112));
#798 = SURFACE_CURVE('',#799,(#803,#810),.PCURVE_S1.);
#799 = LINE('',#800,#801);
#800 = CARTESIAN_POINT('',(-18.40486029088,-50.,15.797569854556));
#801 = VECTOR('',#802,1.);
#802 = DIRECTION('',(-0.,0.,-1.));
#803 = PCURVE('',#44,#804);
#804 = DEFINITIONAL_REPRESENTATION('',(#805),#809);
#805 = LINE('',#806,#807);
#806 = CARTESIAN_POINT('',(15.797569854556,31.595139709112));
#807 = VECTOR('',#808,1.);
#808 = DIRECTION('',(-1.,0.));
#809 = ( GEOMETRIC_REPRESENTATION_CONTEXT(2) 
PARAMETRIC_REPRESENTATION_CONTEXT() REPRESENTATION_CONTEXT('2D SPACE',''
  ) );
#810 = PCURVE('',#811,#816);
#811 = PLANE('',#812);
#812 = AXIS2_PLACEMENT_3D('',#813,#814,#815);
#813 = CARTESIAN_POINT('',(-18.40486029088,-53.,31.595139709112));
#814 = DIRECTION('',(1.,0.,-0.));
#815 = DIRECTION('',(0.,0.,1.));
#816 = DEFINITIONAL_REPRESENTATION('',(#817),#820);
#817 = B_SPLINE_CURVE_WITH_KNOTS('',1,(#818,#819),.UNSPECIFIED.,.F.,.F.,
  (2,2),(-30.20243014544,-15.79756985455),.PIECEWISE_BEZIER_KNOTS.);
#818 = CARTESIAN_POINT('',(14.404860290888,-3.));
#819 = CARTESIAN_POINT('',(0.,-3.));
#820 = ( GEOMETRIC_REPRESENTATION_CONTEXT(2) 
PARAMETRIC_REPRESENTATION_CONTEXT() REPRESENTATION_CONTEXT('2D SPACE',''
  ) );
#821 = ORIENTED_EDGE('',*,*,#822,.T.);
#822 = EDGE_CURVE('',#796,#823,#825,.T.);
#823 = VERTEX_POINT('',#824);
#824 = CARTESIAN_POINT('',(-4.,-50.,31.595139709112));
#825 = SURFACE_CURVE('',#826,(#830,#837),.PCURVE_S1.);
#826 = LINE('',#827,#828);
#827 = CARTESIAN_POINT('',(-29.95243014544,-50.,31.595139709112));
#828 = VECTOR('',#829,1.);
#829 = DIRECTION('',(1.,0.,-0.));
#830 = PCURVE('',#44,#831);
#831 = DEFINITIONAL_REPRESENTATION('',(#832),#836);
#832 = LINE('',#833,#834);
#833 = CARTESIAN_POINT('',(31.595139709112,20.047569854556));
#834 = VECTOR('',#835,1.);
#835 = DIRECTION('',(0.,1.));
#836 = ( GEOMETRIC_REPRESENTATION_CONTEXT(2) 
PARAMETRIC_REPRESENTATION_CONTEXT() REPRESENTATION_CONTEXT('2D SPACE',''
  ) );
#837 = PCURVE('',#838,#843);
#838 = PLANE('',#839);
#839 = AXIS2_PLACEMENT_3D('',#840,#841,#842);
#840 = CARTESIAN_POINT('',(-18.40486029088,-53.,31.595139709112));
#841 = DIRECTION('',(0.,0.,1.));
#842 = DIRECTION('',(1.,0.,-0.));
#843 = DEFINITIONAL_REPRESENTATION('',(#844),#847);
#844 = B_SPLINE_CURVE_WITH_KNOTS('',1,(#845,#846),.UNSPECIFIED.,.F.,.F.,
  (2,2),(11.547569854556,25.952430145444),.PIECEWISE_BEZIER_KNOTS.);
#845 = CARTESIAN_POINT('',(0.,3.));
#846 = CARTESIAN_POINT('',(14.404860290888,3.));
#847 = ( GEOMETRIC_REPRESENTATION_CONTEXT(2) 
PARAMETRIC_REPRESENTATION_CONTEXT() REPRESENTATION_CONTEXT('2D SPACE',''
  ) );
#848 = ORIENTED_EDGE('',*,*,#849,.F.);
#849 = EDGE_CURVE('',#769,#823,#850,.T.);
#850 = SURFACE_CURVE('',#851,(#855,#862),.PCURVE_S1.);
#851 = LINE('',#852,#853);
#852 = CARTESIAN_POINT('',(-4.,-50.,15.797569854556));
#853 = VECTOR('',#854,1.);
#854 = DIRECTION('',(-0.,0.,-1.));
#855 = PCURVE('',#44,#856);
#856 = DEFINITIONAL_REPRESENTATION('',(#857),#861);
#857 = LINE('',#858,#859);
#858 = CARTESIAN_POINT('',(15.797569854556,46.));
#859 = VECTOR('',#860,1.);
#860 = DIRECTION('',(-1.,0.));
#861 = ( GEOMETRIC_REPRESENTATION_CONTEXT(2) 
PARAMETRIC_REPRESENTATION_CONTEXT() REPRESENTATION_CONTEXT('2D SPACE',''
  ) );
#862 = PCURVE('',#863,#868);
#863 = PLANE('',#864);
#864 = AXIS2_PLACEMENT_3D('',#865,#866,#867);
#865 = CARTESIAN_POINT('',(-4.,-53.,31.595139709112));
#866 = DIRECTION('',(1.,0.,-0.));
#867 = DIRECTION('',(0.,0.,1.));
#868 = DEFINITIONAL_REPRESENTATION('',(#869),#872);
#869 = B_SPLINE_CURVE_WITH_KNOTS('',1,(#870,#871),.UNSPECIFIED.,.F.,.F.,
  (2,2),(-30.20243014544,-15.79756985455),.PIECEWISE_BEZIER_KNOTS.);
#870 = CARTESIAN_POINT('',(14.404860290888,-3.));
#871 = CARTESIAN_POINT('',(0.,-3.));
#872 = ( GEOMETRIC_REPRESENTATION_CONTEXT(2) 
PARAMETRIC_REPRESENTATION_CONTEXT() REPRESENTATION_CONTEXT('2D SPACE',''
  ) );
#873 = FACE_BOUND('',#874,.F.);
#874 = EDGE_LOOP('',(#875,#904,#931,#958));
#875 = ORIENTED_EDGE('',*,*,#876,.F.);
#876 = EDGE_CURVE('',#877,#879,#881,.T.);
#877 = VERTEX_POINT('',#878);
#878 = CARTESIAN_POINT('',(-18.40486029088,-50.,68.404860290888));
#879 = VERTEX_POINT('',#880);
#880 = CARTESIAN_POINT('',(-4.,-50.,68.404860290888));
#881 = SURFACE_CURVE('',#882,(#886,#893),.PCURVE_S1.);
#882 = LINE('',#883,#884);
#883 = CARTESIAN_POINT('',(-29.95243014544,-50.,68.404860290888));
#884 = VECTOR('',#885,1.);
#885 = DIRECTION('',(1.,0.,-0.));
#886 = PCURVE('',#44,#887);
#887 = DEFINITIONAL_REPRESENTATION('',(#888),#892);
#888 = LINE('',#889,#890);
#889 = CARTESIAN_POINT('',(68.404860290888,20.047569854556));
#890 = VECTOR('',#891,1.);
#891 = DIRECTION('',(0.,1.));
#892 = ( GEOMETRIC_REPRESENTATION_CONTEXT(2) 
PARAMETRIC_REPRESENTATION_CONTEXT() REPRESENTATION_CONTEXT('2D SPACE',''
  ) );
#893 = PCURVE('',#894,#899);
#894 = PLANE('',#895);
#895 = AXIS2_PLACEMENT_3D('',#896,#897,#898);
#896 = CARTESIAN_POINT('',(-18.40486029088,-53.,68.404860290888));
#897 = DIRECTION('',(0.,0.,1.));
#898 = DIRECTION('',(1.,0.,-0.));
#899 = DEFINITIONAL_REPRESENTATION('',(#900),#903);
#900 = B_SPLINE_CURVE_WITH_KNOTS('',1,(#901,#902),.UNSPECIFIED.,.F.,.F.,
  (2,2),(11.547569854556,25.952430145444),.PIECEWISE_BEZIER_KNOTS.);
#901 = CARTESIAN_POINT('',(0.,3.));
#902 = CARTESIAN_POINT('',(14.404860290888,3.));
#903 = ( GEOMETRIC_REPRESENTATION_CONTEXT(2) 
PARAMETRIC_REPRESENTATION_CONTEXT() REPRESENTATION_CONTEXT('2D SPACE',''
  ) );
#904 = ORIENTED_EDGE('',*,*,#905,.T.);
#905 = EDGE_CURVE('',#877,#906,#908,.T.);
#906 = VERTEX_POINT('',#907);
#907 = CARTESIAN_POINT('',(-18.40486029088,-50.,54.));
#908 = SURFACE_CURVE('',#909,(#913,#920),.PCURVE_S1.);
#909 = LINE('',#910,#911);
#910 = CARTESIAN_POINT('',(-18.40486029088,-50.,27.));
#911 = VECTOR('',#912,1.);
#912 = DIRECTION('',(-0.,0.,-1.));
#913 = PCURVE('',#44,#914);
#914 = DEFINITIONAL_REPRESENTATION('',(#915),#919);
#915 = LINE('',#916,#917);
#916 = CARTESIAN_POINT('',(27.,31.595139709112));
#917 = VECTOR('',#918,1.);
#918 = DIRECTION('',(-1.,0.));
#919 = ( GEOMETRIC_REPRESENTATION_CONTEXT(2) 
PARAMETRIC_REPRESENTATION_CONTEXT() REPRESENTATION_CONTEXT('2D SPACE',''
  ) );
#920 = PCURVE('',#921,#926);
#921 = PLANE('',#922);
#922 = AXIS2_PLACEMENT_3D('',#923,#924,#925);
#923 = CARTESIAN_POINT('',(-18.40486029088,-53.,54.));
#924 = DIRECTION('',(1.,0.,-0.));
#925 = DIRECTION('',(0.,0.,1.));
#926 = DEFINITIONAL_REPRESENTATION('',(#927),#930);
#927 = B_SPLINE_CURVE_WITH_KNOTS('',1,(#928,#929),.UNSPECIFIED.,.F.,.F.,
  (2,2),(-41.40486029088,-27.),.PIECEWISE_BEZIER_KNOTS.);
#928 = CARTESIAN_POINT('',(14.404860290888,-3.));
#929 = CARTESIAN_POINT('',(0.,-3.));
#930 = ( GEOMETRIC_REPRESENTATION_CONTEXT(2) 
PARAMETRIC_REPRESENTATION_CONTEXT() REPRESENTATION_CONTEXT('2D SPACE',''
  ) );
#931 = ORIENTED_EDGE('',*,*,#932,.T.);
#932 = EDGE_CURVE('',#906,#933,#935,.T.);
#933 = VERTEX_POINT('',#934);
#934 = CARTESIAN_POINT('',(-4.,-50.,54.));
#935 = SURFACE_CURVE('',#936,(#940,#947),.PCURVE_S1.);
#936 = LINE('',#937,#938);
#937 = CARTESIAN_POINT('',(-29.95243014544,-50.,54.));
#938 = VECTOR('',#939,1.);
#939 = DIRECTION('',(1.,0.,-0.));
#940 = PCURVE('',#44,#941);
#941 = DEFINITIONAL_REPRESENTATION('',(#942),#946);
#942 = LINE('',#943,#944);
#943 = CARTESIAN_POINT('',(54.,20.047569854556));
#944 = VECTOR('',#945,1.);
#945 = DIRECTION('',(0.,1.));
#946 = ( GEOMETRIC_REPRESENTATION_CONTEXT(2) 
PARAMETRIC_REPRESENTATION_CONTEXT() REPRESENTATION_CONTEXT('2D SPACE',''
  ) );
#947 = PCURVE('',#948,#953);
#948 = PLANE('',#949);
#949 = AXIS2_PLACEMENT_3D('',#950,#951,#952);
#950 = CARTESIAN_POINT('',(-18.40486029088,-53.,54.));
#951 = DIRECTION('',(0.,0.,1.));
#952 = DIRECTION('',(1.,0.,-0.));
#953 = DEFINITIONAL_REPRESENTATION('',(#954),#957);
#954 = B_SPLINE_CURVE_WITH_KNOTS('',1,(#955,#956),.UNSPECIFIED.,.F.,.F.,
  (2,2),(11.547569854556,25.952430145444),.PIECEWISE_BEZIER_KNOTS.);
#955 = CARTESIAN_POINT('',(0.,3.));
#956 = CARTESIAN_POINT('',(14.404860290888,3.));
#957 = ( GEOMETRIC_REPRESENTATION_CONTEXT(2) 
PARAMETRIC_REPRESENTATION_CONTEXT() REPRESENTATION_CONTEXT('2D SPACE',''
  ) );
#958 = ORIENTED_EDGE('',*,*,#959,.F.);
#959 = EDGE_CURVE('',#879,#933,#960,.T.);
#960 = SURFACE_CURVE('',#961,(#965,#972),.PCURVE_S1.);
#961 = LINE('',#962,#963);
#962 = CARTESIAN_POINT('',(-4.,-50.,27.));
#963 = VECTOR('',#964,1.);
#964 = DIRECTION('',(-0.,0.,-1.));
#965 = PCURVE('',#44,#966);
#966 = DEFINITIONAL_REPRESENTATION('',(#967),#971);
#967 = LINE('',#968,#969);
#968 = CARTESIAN_POINT('',(27.,46.));
#969 = VECTOR('',#970,1.);
#970 = DIRECTION('',(-1.,0.));
#971 = ( GEOMETRIC_REPRESENTATION_CONTEXT(2) 
PARAMETRIC_REPRESENTATION_CONTEXT() REPRESENTATION_CONTEXT('2D SPACE',''
  ) );
#972 = PCURVE('',#973,#978);
#973 = PLANE('',#974);
#974 = AXIS2_PLACEMENT_3D('',#975,#976,#977);
#975 = CARTESIAN_POINT('',(-4.,-53.,54.));
#976 = DIRECTION('',(1.,0.,-0.));
#977 = DIRECTION('',(0.,0.,1.));
#978 = DEFINITIONAL_REPRESENTATION('',(#979),#982);
#979 = B_SPLINE_CURVE_WITH_KNOTS('',1,(#980,#981),.UNSPECIFIED.,.F.,.F.,
  (2,2),(-41.40486029088,-27.),.PIECEWISE_BEZIER_KNOTS.);
#980 = CARTESIAN_POINT('',(14.404860290888,-3.));
#981 = CARTESIAN_POINT('',(0.,-3.));
#982 = ( GEOMETRIC_REPRESENTATION_CONTEXT(2) 
PARAMETRIC_REPRESENTATION_CONTEXT() REPRESENTATION_CONTEXT('2D SPACE',''
  ) );
#983 = FACE_BOUND('',#984,.F.);
#984 = EDGE_LOOP('',(#985,#1014,#1041,#1068));
#985 = ORIENTED_EDGE('',*,*,#986,.F.);
#986 = EDGE_CURVE('',#987,#989,#991,.T.);
#987 = VERTEX_POINT('',#988);
#988 = CARTESIAN_POINT('',(4.,-50.,46.));
#989 = VERTEX_POINT('',#990);
#990 = CARTESIAN_POINT('',(18.404860290888,-50.,46.));
#991 = SURFACE_CURVE('',#992,(#996,#1003),.PCURVE_S1.);
#992 = LINE('',#993,#994);
#993 = CARTESIAN_POINT('',(-18.75,-50.,46.));
#994 = VECTOR('',#995,1.);
#995 = DIRECTION('',(1.,0.,-0.));
#996 = PCURVE('',#44,#997);
#997 = DEFINITIONAL_REPRESENTATION('',(#998),#1002);
#998 = LINE('',#999,#1000);
#999 = CARTESIAN_POINT('',(46.,31.25));
#1000 = VECTOR('',#1001,1.);
#1001 = DIRECTION('',(0.,1.));
#1002 = ( GEOMETRIC_REPRESENTATION_CONTEXT(2) 
PARAMETRIC_REPRESENTATION_CONTEXT() REPRESENTATION_CONTEXT('2D SPACE',''
  ) );
#1003 = PCURVE('',#1004,#1009);
#1004 = PLANE('',#1005);
#1005 = AXIS2_PLACEMENT_3D('',#1006,#1007,#1008);
#1006 = CARTESIAN_POINT('',(4.,-53.,46.));
#1007 = DIRECTION('',(0.,0.,1.));
#1008 = DIRECTION('',(1.,0.,-0.));
#1009 = DEFINITIONAL_REPRESENTATION('',(#1010),#1013);
#1010 = B_SPLINE_CURVE_WITH_KNOTS('',1,(#1011,#1012),.UNSPECIFIED.,.F.,
  .F.,(2,2),(22.75,37.154860290888),.PIECEWISE_BEZIER_KNOTS.);
#1011 = CARTESIAN_POINT('',(0.,3.));
#1012 = CARTESIAN_POINT('',(14.404860290888,3.));
#1013 = ( GEOMETRIC_REPRESENTATION_CONTEXT(2) 
PARAMETRIC_REPRESENTATION_CONTEXT() REPRESENTATION_CONTEXT('2D SPACE',''
  ) );
#1014 = ORIENTED_EDGE('',*,*,#1015,.T.);
#1015 = EDGE_CURVE('',#987,#1016,#1018,.T.);
#1016 = VERTEX_POINT('',#1017);
#1017 = CARTESIAN_POINT('',(4.,-50.,31.595139709112));
#1018 = SURFACE_CURVE('',#1019,(#1023,#1030),.PCURVE_S1.);
#1019 = LINE('',#1020,#1021);
#1020 = CARTESIAN_POINT('',(4.,-50.,15.797569854556));
#1021 = VECTOR('',#1022,1.);
#1022 = DIRECTION('',(-0.,0.,-1.));
#1023 = PCURVE('',#44,#1024);
#1024 = DEFINITIONAL_REPRESENTATION('',(#1025),#1029);
#1025 = LINE('',#1026,#1027);
#1026 = CARTESIAN_POINT('',(15.797569854556,54.));
#1027 = VECTOR('',#1028,1.);
#1028 = DIRECTION('',(-1.,0.));
#1029 = ( GEOMETRIC_REPRESENTATION_CONTEXT(2) 
PARAMETRIC_REPRESENTATION_CONTEXT() REPRESENTATION_CONTEXT('2D SPACE',''
  ) );
#1030 = PCURVE('',#1031,#1036);
#1031 = PLANE('',#1032);
#1032 = AXIS2_PLACEMENT_3D('',#1033,#1034,#1035);
#1033 = CARTESIAN_POINT('',(4.,-53.,31.595139709112));
#1034 = DIRECTION('',(1.,0.,-0.));
#1035 = DIRECTION('',(0.,0.,1.));
#1036 = DEFINITIONAL_REPRESENTATION('',(#1037),#1040);
#1037 = B_SPLINE_CURVE_WITH_KNOTS('',1,(#1038,#1039),.UNSPECIFIED.,.F.,
  .F.,(2,2),(-30.20243014544,-15.79756985455),.PIECEWISE_BEZIER_KNOTS.);
#1038 = CARTESIAN_POINT('',(14.404860290888,-3.));
#1039 = CARTESIAN_POINT('',(0.,-3.));
#1040 = ( GEOMETRIC_REPRESENTATION_CONTEXT(2) 
PARAMETRIC_REPRESENTATION_CONTEXT() REPRESENTATION_CONTEXT('2D SPACE',''
  ) );
#1041 = ORIENTED_EDGE('',*,*,#1042,.T.);
#1042 = EDGE_CURVE('',#1016,#1043,#1045,.T.);
#1043 = VERTEX_POINT('',#1044);
#1044 = CARTESIAN_POINT('',(18.404860290888,-50.,31.595139709112));
#1045 = SURFACE_CURVE('',#1046,(#1050,#1057),.PCURVE_S1.);
#1046 = LINE('',#1047,#1048);
#1047 = CARTESIAN_POINT('',(-18.75,-50.,31.595139709112));
#1048 = VECTOR('',#1049,1.);
#1049 = DIRECTION('',(1.,0.,-0.));
#1050 = PCURVE('',#44,#1051);
#1051 = DEFINITIONAL_REPRESENTATION('',(#1052),#1056);
#1052 = LINE('',#1053,#1054);
#1053 = CARTESIAN_POINT('',(31.595139709112,31.25));
#1054 = VECTOR('',#1055,1.);
#1055 = DIRECTION('',(0.,1.));
#1056 = ( GEOMETRIC_REPRESENTATION_CONTEXT(2) 
PARAMETRIC_REPRESENTATION_CONTEXT() REPRESENTATION_CONTEXT('2D SPACE',''
  ) );
#1057 = PCURVE('',#1058,#1063);
#1058 = PLANE('',#1059);
#1059 = AXIS2_PLACEMENT_3D('',#1060,#1061,#1062);
#1060 = CARTESIAN_POINT('',(4.,-53.,31.595139709112));
#1061 = DIRECTION('',(0.,0.,1.));
#1062 = DIRECTION('',(1.,0.,-0.));
#1063 = DEFINITIONAL_REPRESENTATION('',(#1064),#1067);
#1064 = B_SPLINE_CURVE_WITH_KNOTS('',1,(#1065,#1066),.UNSPECIFIED.,.F.,
  .F.,(2,2),(22.75,37.154860290888),.PIECEWISE_BEZIER_KNOTS.);
#1065 = CARTESIAN_POINT('',(0.,3.));
#1066 = CARTESIAN_POINT('',(14.404860290888,3.));
#1067 = ( GEOMETRIC_REPRESENTATION_CONTEXT(2) 
PARAMETRIC_REPRESENTATION_CONTEXT() REPRESENTATION_CONTEXT('2D SPACE',''
  ) );
#1068 = ORIENTED_EDGE('',*,*,#1069,.F.);
#1069 = EDGE_CURVE('',#989,#1043,#1070,.T.);
#1070 = SURFACE_CURVE('',#1071,(#1075,#1082),.PCURVE_S1.);
#1071 = LINE('',#1072,#1073);
#1072 = CARTESIAN_POINT('',(18.404860290888,-50.,15.797569854556));
#1073 = VECTOR('',#1074,1.);
#1074 = DIRECTION('',(-0.,0.,-1.));
#1075 = PCURVE('',#44,#1076);
#1076 = DEFINITIONAL_REPRESENTATION('',(#1077),#1081);
#1077 = LINE('',#1078,#1079);
#1078 = CARTESIAN_POINT('',(15.797569854556,68.404860290888));
#1079 = VECTOR('',#1080,1.);
#1080 = DIRECTION('',(-1.,0.));
#1081 = ( GEOMETRIC_REPRESENTATION_CONTEXT(2) 
PARAMETRIC_REPRESENTATION_CONTEXT() REPRESENTATION_CONTEXT('2D SPACE',''
  ) );
#1082 = PCURVE('',#1083,#1088);
#1083 = PLANE('',#1084);
#1084 = AXIS2_PLACEMENT_3D('',#1085,#1086,#1087);
#1085 = CARTESIAN_POINT('',(18.404860290888,-53.,31.595139709112));
#1086 = DIRECTION('',(1.,0.,-0.));
#1087 = DIRECTION('',(0.,0.,1.));
#1088 = DEFINITIONAL_REPRESENTATION('',(#1089),#1092);
#1089 = B_SPLINE_CURVE_WITH_KNOTS('',1,(#1090,#1091),.UNSPECIFIED.,.F.,
  .F.,(2,2),(-30.20243014544,-15.79756985455),.PIECEWISE_BEZIER_KNOTS.);
#1090 = CARTESIAN_POINT('',(14.404860290888,-3.));
#1091 = CARTESIAN_POINT('',(0.,-3.));
#1092 = ( GEOMETRIC_REPRESENTATION_CONTEXT(2) 
PARAMETRIC_REPRESENTATION_CONTEXT() REPRESENTATION_CONTEXT('2D SPACE',''
  ) );
#1093 = ADVANCED_FACE('',(#1094,#1142),#126,.T.);
#1094 = FACE_BOUND('',#1095,.T.);
#1095 = EDGE_LOOP('',(#1096,#1097,#1098,#1121));
#1096 = ORIENTED_EDGE('',*,*,#112,.F.);
#1097 = ORIENTED_EDGE('',*,*,#605,.F.);
#1098 = ORIENTED_EDGE('',*,*,#1099,.T.);
#1099 = EDGE_CURVE('',#606,#1100,#1102,.T.);
#1100 = VERTEX_POINT('',#1101);
#1101 = CARTESIAN_POINT('',(50.,50.,100.));
#1102 = SURFACE_CURVE('',#1103,(#1107,#1114),.PCURVE_S1.);
#1103 = LINE('',#1104,#1105);
#1104 = CARTESIAN_POINT('',(50.,-50.,100.));
#1105 = VECTOR('',#1106,1.);
#1106 = DIRECTION('',(0.,1.,0.));
#1107 = PCURVE('',#126,#1108);
#1108 = DEFINITIONAL_REPRESENTATION('',(#1109),#1113);
#1109 = LINE('',#1110,#1111);
#1110 = CARTESIAN_POINT('',(100.,0.));
#1111 = VECTOR('',#1112,1.);
#1112 = DIRECTION('',(0.,1.));
#1113 = ( GEOMETRIC_REPRESENTATION_CONTEXT(2) 
PARAMETRIC_REPRESENTATION_CONTEXT() REPRESENTATION_CONTEXT('2D SPACE',''
  ) );
#1114 = PCURVE('',#642,#1115);
#1115 = DEFINITIONAL_REPRESENTATION('',(#1116),#1120);
#1116 = LINE('',#1117,#1118);
#1117 = CARTESIAN_POINT('',(100.,0.));
#1118 = VECTOR('',#1119,1.);
#1119 = DIRECTION('',(0.,-1.));
#1120 = ( GEOMETRIC_REPRESENTATION_CONTEXT(2) 
PARAMETRIC_REPRESENTATION_CONTEXT() REPRESENTATION_CONTEXT('2D SPACE',''
  ) );
#1121 = ORIENTED_EDGE('',*,*,#1122,.T.);
#1122 = EDGE_CURVE('',#1100,#85,#1123,.T.);
#1123 = SURFACE_CURVE('',#1124,(#1128,#1135),.PCURVE_S1.);
#1124 = LINE('',#1125,#1126);
#1125 = CARTESIAN_POINT('',(50.,50.,100.));
#1126 = VECTOR('',#1127,1.);
#1127 = DIRECTION('',(-1.,0.,0.));
#1128 = PCURVE('',#126,#1129);
#1129 = DEFINITIONAL_REPRESENTATION('',(#1130),#1134);
#1130 = LINE('',#1131,#1132);
#1131 = CARTESIAN_POINT('',(100.,100.));
#1132 = VECTOR('',#1133,1.);
#1133 = DIRECTION('',(-1.,0.));
#1134 = ( GEOMETRIC_REPRESENTATION_CONTEXT(2) 
PARAMETRIC_REPRESENTATION_CONTEXT() REPRESENTATION_CONTEXT('2D SPACE',''
  ) );
#1135 = PCURVE('',#100,#1136);
#1136 = DEFINITIONAL_REPRESENTATION('',(#1137),#1141);
#1137 = LINE('',#1138,#1139);
#1138 = CARTESIAN_POINT('',(100.,100.));
#1139 = VECTOR('',#1140,1.);
#1140 = DIRECTION('',(0.,-1.));
#1141 = ( GEOMETRIC_REPRESENTATION_CONTEXT(2) 
PARAMETRIC_REPRESENTATION_CONTEXT() REPRESENTATION_CONTEXT('2D SPACE',''
  ) );
#1142 = FACE_BOUND('',#1143,.T.);
#1143 = EDGE_LOOP('',(#1144,#1174,#1202,#1230,#1258,#1286,#1314,#1342,
    #1370,#1398,#1426,#1454));
#1144 = ORIENTED_EDGE('',*,*,#1145,.F.);
#1145 = EDGE_CURVE('',#1146,#1148,#1150,.T.);
#1146 = VERTEX_POINT('',#1147);
#1147 = CARTESIAN_POINT('',(-48.,-41.5,100.));
#1148 = VERTEX_POINT('',#1149);
#1149 = CARTESIAN_POINT('',(-41.5,-41.5,100.));
#1150 = SURFACE_CURVE('',#1151,(#1155,#1162),.PCURVE_S1.);
#1151 = LINE('',#1152,#1153);
#1152 = CARTESIAN_POINT('',(-50.,-41.5,100.));
#1153 = VECTOR('',#1154,1.);
#1154 = DIRECTION('',(1.,0.,-0.));
#1155 = PCURVE('',#126,#1156);
#1156 = DEFINITIONAL_REPRESENTATION('',(#1157),#1161);
#1157 = LINE('',#1158,#1159);
#1158 = CARTESIAN_POINT('',(0.,8.5));
#1159 = VECTOR('',#1160,1.);
#1160 = DIRECTION('',(1.,0.));
#1161 = ( GEOMETRIC_REPRESENTATION_CONTEXT(2) 
PARAMETRIC_REPRESENTATION_CONTEXT() REPRESENTATION_CONTEXT('2D SPACE',''
  ) );
#1162 = PCURVE('',#1163,#1168);
#1163 = PLANE('',#1164);
#1164 = AXIS2_PLACEMENT_3D('',#1165,#1166,#1167);
#1165 = CARTESIAN_POINT('',(-50.,-41.5,0.));
#1166 = DIRECTION('',(-0.,1.,0.));
#1167 = DIRECTION('',(0.,0.,1.));
#1168 = DEFINITIONAL_REPRESENTATION('',(#1169),#1173);
#1169 = LINE('',#1170,#1171);
#1170 = CARTESIAN_POINT('',(100.,0.));
#1171 = VECTOR('',#1172,1.);
#1172 = DIRECTION('',(0.,1.));
#1173 = ( GEOMETRIC_REPRESENTATION_CONTEXT(2) 
PARAMETRIC_REPRESENTATION_CONTEXT() REPRESENTATION_CONTEXT('2D SPACE',''
  ) );
#1174 = ORIENTED_EDGE('',*,*,#1175,.T.);
#1175 = EDGE_CURVE('',#1146,#1176,#1178,.T.);
#1176 = VERTEX_POINT('',#1177);
#1177 = CARTESIAN_POINT('',(-48.,41.5,100.));
#1178 = SURFACE_CURVE('',#1179,(#1183,#1190),.PCURVE_S1.);
#1179 = LINE('',#1180,#1181);
#1180 = CARTESIAN_POINT('',(-48.,-41.5,100.));
#1181 = VECTOR('',#1182,1.);
#1182 = DIRECTION('',(-0.,1.,0.));
#1183 = PCURVE('',#126,#1184);
#1184 = DEFINITIONAL_REPRESENTATION('',(#1185),#1189);
#1185 = LINE('',#1186,#1187);
#1186 = CARTESIAN_POINT('',(2.,8.5));
#1187 = VECTOR('',#1188,1.);
#1188 = DIRECTION('',(0.,1.));
#1189 = ( GEOMETRIC_REPRESENTATION_CONTEXT(2) 
PARAMETRIC_REPRESENTATION_CONTEXT() REPRESENTATION_CONTEXT('2D SPACE',''
  ) );
#1190 = PCURVE('',#1191,#1196);
#1191 = PLANE('',#1192);
#1192 = AXIS2_PLACEMENT_3D('',#1193,#1194,#1195);
#1193 = CARTESIAN_POINT('',(-48.,-41.5,0.));
#1194 = DIRECTION('',(1.,0.,-0.));
#1195 = DIRECTION('',(0.,0.,1.));
#1196 = DEFINITIONAL_REPRESENTATION('',(#1197),#1201);
#1197 = LINE('',#1198,#1199);
#1198 = CARTESIAN_POINT('',(100.,0.));
#1199 = VECTOR('',#1200,1.);
#1200 = DIRECTION('',(0.,-1.));
#1201 = ( GEOMETRIC_REPRESENTATION_CONTEXT(2) 
PARAMETRIC_REPRESENTATION_CONTEXT() REPRESENTATION_CONTEXT('2D SPACE',''
  ) );
#1202 = ORIENTED_EDGE('',*,*,#1203,.T.);
#1203 = EDGE_CURVE('',#1176,#1204,#1206,.T.);
#1204 = VERTEX_POINT('',#1205);
#1205 = CARTESIAN_POINT('',(-41.5,41.5,100.));
#1206 = SURFACE_CURVE('',#1207,(#1211,#1218),.PCURVE_S1.);
#1207 = LINE('',#1208,#1209);
#1208 = CARTESIAN_POINT('',(-50.,41.5,100.));
#1209 = VECTOR('',#1210,1.);
#1210 = DIRECTION('',(1.,0.,-0.));
#1211 = PCURVE('',#126,#1212);
#1212 = DEFINITIONAL_REPRESENTATION('',(#1213),#1217);
#1213 = LINE('',#1214,#1215);
#1214 = CARTESIAN_POINT('',(0.,91.5));
#1215 = VECTOR('',#1216,1.);
#1216 = DIRECTION('',(1.,0.));
#1217 = ( GEOMETRIC_REPRESENTATION_CONTEXT(2) 
PARAMETRIC_REPRESENTATION_CONTEXT() REPRESENTATION_CONTEXT('2D SPACE',''
  ) );
#1218 = PCURVE('',#1219,#1224);
#1219 = PLANE('',#1220);
#1220 = AXIS2_PLACEMENT_3D('',#1221,#1222,#1223);
#1221 = CARTESIAN_POINT('',(-50.,41.5,0.));
#1222 = DIRECTION('',(-0.,1.,0.));
#1223 = DIRECTION('',(0.,0.,1.));
#1224 = DEFINITIONAL_REPRESENTATION('',(#1225),#1229);
#1225 = LINE('',#1226,#1227);
#1226 = CARTESIAN_POINT('',(100.,0.));
#1227 = VECTOR('',#1228,1.);
#1228 = DIRECTION('',(0.,1.));
#1229 = ( GEOMETRIC_REPRESENTATION_CONTEXT(2) 
PARAMETRIC_REPRESENTATION_CONTEXT() REPRESENTATION_CONTEXT('2D SPACE',''
  ) );
#1230 = ORIENTED_EDGE('',*,*,#1231,.T.);
#1231 = EDGE_CURVE('',#1204,#1232,#1234,.T.);
#1232 = VERTEX_POINT('',#1233);
#1233 = CARTESIAN_POINT('',(-41.5,48.,100.));
#1234 = SURFACE_CURVE('',#1235,(#1239,#1246),.PCURVE_S1.);
#1235 = LINE('',#1236,#1237);
#1236 = CARTESIAN_POINT('',(-41.5,41.5,100.));
#1237 = VECTOR('',#1238,1.);
#1238 = DIRECTION('',(-0.,1.,0.));
#1239 = PCURVE('',#126,#1240);
#1240 = DEFINITIONAL_REPRESENTATION('',(#1241),#1245);
#1241 = LINE('',#1242,#1243);
#1242 = CARTESIAN_POINT('',(8.5,91.5));
#1243 = VECTOR('',#1244,1.);
#1244 = DIRECTION('',(0.,1.));
#1245 = ( GEOMETRIC_REPRESENTATION_CONTEXT(2) 
PARAMETRIC_REPRESENTATION_CONTEXT() REPRESENTATION_CONTEXT('2D SPACE',''
  ) );
#1246 = PCURVE('',#1247,#1252);
#1247 = PLANE('',#1248);
#1248 = AXIS2_PLACEMENT_3D('',#1249,#1250,#1251);
#1249 = CARTESIAN_POINT('',(-41.5,41.5,0.));
#1250 = DIRECTION('',(1.,0.,-0.));
#1251 = DIRECTION('',(0.,0.,1.));
#1252 = DEFINITIONAL_REPRESENTATION('',(#1253),#1257);
#1253 = LINE('',#1254,#1255);
#1254 = CARTESIAN_POINT('',(100.,0.));
#1255 = VECTOR('',#1256,1.);
#1256 = DIRECTION('',(0.,-1.));
#1257 = ( GEOMETRIC_REPRESENTATION_CONTEXT(2) 
PARAMETRIC_REPRESENTATION_CONTEXT() REPRESENTATION_CONTEXT('2D SPACE',''
  ) );
#1258 = ORIENTED_EDGE('',*,*,#1259,.T.);
#1259 = EDGE_CURVE('',#1232,#1260,#1262,.T.);
#1260 = VERTEX_POINT('',#1261);
#1261 = CARTESIAN_POINT('',(41.5,48.,100.));
#1262 = SURFACE_CURVE('',#1263,(#1267,#1274),.PCURVE_S1.);
#1263 = LINE('',#1264,#1265);
#1264 = CARTESIAN_POINT('',(-41.5,48.,100.));
#1265 = VECTOR('',#1266,1.);
#1266 = DIRECTION('',(1.,0.,-0.));
#1267 = PCURVE('',#126,#1268);
#1268 = DEFINITIONAL_REPRESENTATION('',(#1269),#1273);
#1269 = LINE('',#1270,#1271);
#1270 = CARTESIAN_POINT('',(8.5,98.));
#1271 = VECTOR('',#1272,1.);
#1272 = DIRECTION('',(1.,0.));
#1273 = ( GEOMETRIC_REPRESENTATION_CONTEXT(2) 
PARAMETRIC_REPRESENTATION_CONTEXT() REPRESENTATION_CONTEXT('2D SPACE',''
  ) );
#1274 = PCURVE('',#1275,#1280);
#1275 = PLANE('',#1276);
#1276 = AXIS2_PLACEMENT_3D('',#1277,#1278,#1279);
#1277 = CARTESIAN_POINT('',(-41.5,48.,0.));
#1278 = DIRECTION('',(-0.,1.,0.));
#1279 = DIRECTION('',(0.,0.,1.));
#1280 = DEFINITIONAL_REPRESENTATION('',(#1281),#1285);
#1281 = LINE('',#1282,#1283);
#1282 = CARTESIAN_POINT('',(100.,0.));
#1283 = VECTOR('',#1284,1.);
#1284 = DIRECTION('',(0.,1.));
#1285 = ( GEOMETRIC_REPRESENTATION_CONTEXT(2) 
PARAMETRIC_REPRESENTATION_CONTEXT() REPRESENTATION_CONTEXT('2D SPACE',''
  ) );
#1286 = ORIENTED_EDGE('',*,*,#1287,.F.);
#1287 = EDGE_CURVE('',#1288,#1260,#1290,.T.);
#1288 = VERTEX_POINT('',#1289);
#1289 = CARTESIAN_POINT('',(41.5,41.5,100.));
#1290 = SURFACE_CURVE('',#1291,(#1295,#1302),.PCURVE_S1.);
#1291 = LINE('',#1292,#1293);
#1292 = CARTESIAN_POINT('',(41.5,41.5,100.));
#1293 = VECTOR('',#1294,1.);
#1294 = DIRECTION('',(-0.,1.,0.));
#1295 = PCURVE('',#126,#1296);
#1296 = DEFINITIONAL_REPRESENTATION('',(#1297),#1301);
#1297 = LINE('',#1298,#1299);
#1298 = CARTESIAN_POINT('',(91.5,91.5));
#1299 = VECTOR('',#1300,1.);
#1300 = DIRECTION('',(0.,1.));
#1301 = ( GEOMETRIC_REPRESENTATION_CONTEXT(2) 
PARAMETRIC_REPRESENTATION_CONTEXT() REPRESENTATION_CONTEXT('2D SPACE',''
  ) );
#1302 = PCURVE('',#1303,#1308);
#1303 = PLANE('',#1304);
#1304 = AXIS2_PLACEMENT_3D('',#1305,#1306,#1307);
#1305 = CARTESIAN_POINT('',(41.5,41.5,0.));
#1306 = DIRECTION('',(1.,0.,-0.));
#1307 = DIRECTION('',(0.,0.,1.));
#1308 = DEFINITIONAL_REPRESENTATION('',(#1309),#1313);
#1309 = LINE('',#1310,#1311);
#1310 = CARTESIAN_POINT('',(100.,0.));
#1311 = VECTOR('',#1312,1.);
#1312 = DIRECTION('',(0.,-1.));
#1313 = ( GEOMETRIC_REPRESENTATION_CONTEXT(2) 
PARAMETRIC_REPRESENTATION_CONTEXT() REPRESENTATION_CONTEXT('2D SPACE',''
  ) );
#1314 = ORIENTED_EDGE('',*,*,#1315,.T.);
#1315 = EDGE_CURVE('',#1288,#1316,#1318,.T.);
#1316 = VERTEX_POINT('',#1317);
#1317 = CARTESIAN_POINT('',(48.,41.5,100.));
#1318 = SURFACE_CURVE('',#1319,(#1323,#1330),.PCURVE_S1.);
#1319 = LINE('',#1320,#1321);
#1320 = CARTESIAN_POINT('',(41.5,41.5,100.));
#1321 = VECTOR('',#1322,1.);
#1322 = DIRECTION('',(1.,0.,-0.));
#1323 = PCURVE('',#126,#1324);
#1324 = DEFINITIONAL_REPRESENTATION('',(#1325),#1329);
#1325 = LINE('',#1326,#1327);
#1326 = CARTESIAN_POINT('',(91.5,91.5));
#1327 = VECTOR('',#1328,1.);
#1328 = DIRECTION('',(1.,0.));
#1329 = ( GEOMETRIC_REPRESENTATION_CONTEXT(2) 
PARAMETRIC_REPRESENTATION_CONTEXT() REPRESENTATION_CONTEXT('2D SPACE',''
  ) );
#1330 = PCURVE('',#1331,#1336);
#1331 = PLANE('',#1332);
#1332 = AXIS2_PLACEMENT_3D('',#1333,#1334,#1335);
#1333 = CARTESIAN_POINT('',(41.5,41.5,0.));
#1334 = DIRECTION('',(-0.,1.,0.));
#1335 = DIRECTION('',(0.,0.,1.));
#1336 = DEFINITIONAL_REPRESENTATION('',(#1337),#1341);
#1337 = LINE('',#1338,#1339);
#1338 = CARTESIAN_POINT('',(100.,0.));
#1339 = VECTOR('',#1340,1.);
#1340 = DIRECTION('',(0.,1.));
#1341 = ( GEOMETRIC_REPRESENTATION_CONTEXT(2) 
PARAMETRIC_REPRESENTATION_CONTEXT() REPRESENTATION_CONTEXT('2D SPACE',''
  ) );
#1342 = ORIENTED_EDGE('',*,*,#1343,.F.);
#1343 = EDGE_CURVE('',#1344,#1316,#1346,.T.);
#1344 = VERTEX_POINT('',#1345);
#1345 = CARTESIAN_POINT('',(48.,-41.5,100.));
#1346 = SURFACE_CURVE('',#1347,(#1351,#1358),.PCURVE_S1.);
#1347 = LINE('',#1348,#1349);
#1348 = CARTESIAN_POINT('',(48.,-41.5,100.));
#1349 = VECTOR('',#1350,1.);
#1350 = DIRECTION('',(-0.,1.,0.));
#1351 = PCURVE('',#126,#1352);
#1352 = DEFINITIONAL_REPRESENTATION('',(#1353),#1357);
#1353 = LINE('',#1354,#1355);
#1354 = CARTESIAN_POINT('',(98.,8.5));
#1355 = VECTOR('',#1356,1.);
#1356 = DIRECTION('',(0.,1.));
#1357 = ( GEOMETRIC_REPRESENTATION_CONTEXT(2) 
PARAMETRIC_REPRESENTATION_CONTEXT() REPRESENTATION_CONTEXT('2D SPACE',''
  ) );
#1358 = PCURVE('',#1359,#1364);
#1359 = PLANE('',#1360);
#1360 = AXIS2_PLACEMENT_3D('',#1361,#1362,#1363);
#1361 = CARTESIAN_POINT('',(48.,-41.5,0.));
#1362 = DIRECTION('',(1.,0.,-0.));
#1363 = DIRECTION('',(0.,0.,1.));
#1364 = DEFINITIONAL_REPRESENTATION('',(#1365),#1369);
#1365 = LINE('',#1366,#1367);
#1366 = CARTESIAN_POINT('',(100.,0.));
#1367 = VECTOR('',#1368,1.);
#1368 = DIRECTION('',(0.,-1.));
#1369 = ( GEOMETRIC_REPRESENTATION_CONTEXT(2) 
PARAMETRIC_REPRESENTATION_CONTEXT() REPRESENTATION_CONTEXT('2D SPACE',''
  ) );
#1370 = ORIENTED_EDGE('',*,*,#1371,.F.);
#1371 = EDGE_CURVE('',#1372,#1344,#1374,.T.);
#1372 = VERTEX_POINT('',#1373);
#1373 = CARTESIAN_POINT('',(41.5,-41.5,100.));
#1374 = SURFACE_CURVE('',#1375,(#1379,#1386),.PCURVE_S1.);
#1375 = LINE('',#1376,#1377);
#1376 = CARTESIAN_POINT('',(41.5,-41.5,100.));
#1377 = VECTOR('',#1378,1.);
#1378 = DIRECTION('',(1.,0.,-0.));
#1379 = PCURVE('',#126,#1380);
#1380 = DEFINITIONAL_REPRESENTATION('',(#1381),#1385);
#1381 = LINE('',#1382,#1383);
#1382 = CARTESIAN_POINT('',(91.5,8.5));
#1383 = VECTOR('',#1384,1.);
#1384 = DIRECTION('',(1.,0.));
#1385 = ( GEOMETRIC_REPRESENTATION_CONTEXT(2) 
PARAMETRIC_REPRESENTATION_CONTEXT() REPRESENTATION_CONTEXT('2D SPACE',''
  ) );
#1386 = PCURVE('',#1387,#1392);
#1387 = PLANE('',#1388);
#1388 = AXIS2_PLACEMENT_3D('',#1389,#1390,#1391);
#1389 = CARTESIAN_POINT('',(41.5,-41.5,0.));
#1390 = DIRECTION('',(-0.,1.,0.));
#1391 = DIRECTION('',(0.,0.,1.));
#1392 = DEFINITIONAL_REPRESENTATION('',(#1393),#1397);
#1393 = LINE('',#1394,#1395);
#1394 = CARTESIAN_POINT('',(100.,0.));
#1395 = VECTOR('',#1396,1.);
#1396 = DIRECTION('',(0.,1.));
#1397 = ( GEOMETRIC_REPRESENTATION_CONTEXT(2) 
PARAMETRIC_REPRESENTATION_CONTEXT() REPRESENTATION_CONTEXT('2D SPACE',''
  ) );
#1398 = ORIENTED_EDGE('',*,*,#1399,.F.);
#1399 = EDGE_CURVE('',#1400,#1372,#1402,.T.);
#1400 = VERTEX_POINT('',#1401);
#1401 = CARTESIAN_POINT('',(41.5,-48.,100.));
#1402 = SURFACE_CURVE('',#1403,(#1407,#1414),.PCURVE_S1.);
#1403 = LINE('',#1404,#1405);
#1404 = CARTESIAN_POINT('',(41.5,-50.,100.));
#1405 = VECTOR('',#1406,1.);
#1406 = DIRECTION('',(-0.,1.,0.));
#1407 = PCURVE('',#126,#1408);
#1408 = DEFINITIONAL_REPRESENTATION('',(#1409),#1413);
#1409 = LINE('',#1410,#1411);
#1410 = CARTESIAN_POINT('',(91.5,0.));
#1411 = VECTOR('',#1412,1.);
#1412 = DIRECTION('',(0.,1.));
#1413 = ( GEOMETRIC_REPRESENTATION_CONTEXT(2) 
PARAMETRIC_REPRESENTATION_CONTEXT() REPRESENTATION_CONTEXT('2D SPACE',''
  ) );
#1414 = PCURVE('',#1415,#1420);
#1415 = PLANE('',#1416);
#1416 = AXIS2_PLACEMENT_3D('',#1417,#1418,#1419);
#1417 = CARTESIAN_POINT('',(41.5,-50.,0.));
#1418 = DIRECTION('',(1.,0.,-0.));
#1419 = DIRECTION('',(0.,0.,1.));
#1420 = DEFINITIONAL_REPRESENTATION('',(#1421),#1425);
#1421 = LINE('',#1422,#1423);
#1422 = CARTESIAN_POINT('',(100.,0.));
#1423 = VECTOR('',#1424,1.);
#1424 = DIRECTION('',(0.,-1.));
#1425 = ( GEOMETRIC_REPRESENTATION_CONTEXT(2) 
PARAMETRIC_REPRESENTATION_CONTEXT() REPRESENTATION_CONTEXT('2D SPACE',''
  ) );
#1426 = ORIENTED_EDGE('',*,*,#1427,.F.);
#1427 = EDGE_CURVE('',#1428,#1400,#1430,.T.);
#1428 = VERTEX_POINT('',#1429);
#1429 = CARTESIAN_POINT('',(-41.5,-48.,100.));
#1430 = SURFACE_CURVE('',#1431,(#1435,#1442),.PCURVE_S1.);
#1431 = LINE('',#1432,#1433);
#1432 = CARTESIAN_POINT('',(-41.5,-48.,100.));
#1433 = VECTOR('',#1434,1.);
#1434 = DIRECTION('',(1.,0.,-0.));
#1435 = PCURVE('',#126,#1436);
#1436 = DEFINITIONAL_REPRESENTATION('',(#1437),#1441);
#1437 = LINE('',#1438,#1439);
#1438 = CARTESIAN_POINT('',(8.5,2.));
#1439 = VECTOR('',#1440,1.);
#1440 = DIRECTION('',(1.,0.));
#1441 = ( GEOMETRIC_REPRESENTATION_CONTEXT(2) 
PARAMETRIC_REPRESENTATION_CONTEXT() REPRESENTATION_CONTEXT('2D SPACE',''
  ) );
#1442 = PCURVE('',#1443,#1448);
#1443 = PLANE('',#1444);
#1444 = AXIS2_PLACEMENT_3D('',#1445,#1446,#1447);
#1445 = CARTESIAN_POINT('',(-41.5,-48.,0.));
#1446 = DIRECTION('',(-0.,1.,0.));
#1447 = DIRECTION('',(0.,0.,1.));
#1448 = DEFINITIONAL_REPRESENTATION('',(#1449),#1453);
#1449 = LINE('',#1450,#1451);
#1450 = CARTESIAN_POINT('',(100.,0.));
#1451 = VECTOR('',#1452,1.);
#1452 = DIRECTION('',(0.,1.));
#1453 = ( GEOMETRIC_REPRESENTATION_CONTEXT(2) 
PARAMETRIC_REPRESENTATION_CONTEXT() REPRESENTATION_CONTEXT('2D SPACE',''
  ) );
#1454 = ORIENTED_EDGE('',*,*,#1455,.T.);
#1455 = EDGE_CURVE('',#1428,#1148,#1456,.T.);
#1456 = SURFACE_CURVE('',#1457,(#1461,#1468),.PCURVE_S1.);
#1457 = LINE('',#1458,#1459);
#1458 = CARTESIAN_POINT('',(-41.5,-50.,100.));
#1459 = VECTOR('',#1460,1.);
#1460 = DIRECTION('',(-0.,1.,0.));
#1461 = PCURVE('',#126,#1462);
#1462 = DEFINITIONAL_REPRESENTATION('',(#1463),#1467);
#1463 = LINE('',#1464,#1465);
#1464 = CARTESIAN_POINT('',(8.5,0.));
#1465 = VECTOR('',#1466,1.);
#1466 = DIRECTION('',(0.,1.));
#1467 = ( GEOMETRIC_REPRESENTATION_CONTEXT(2) 
PARAMETRIC_REPRESENTATION_CONTEXT() REPRESENTATION_CONTEXT('2D SPACE',''
  ) );
#1468 = PCURVE('',#1469,#1474);
#1469 = PLANE('',#1470);
#1470 = AXIS2_PLACEMENT_3D('',#1471,#1472,#1473);
#1471 = CARTESIAN_POINT('',(-41.5,-50.,0.));
#1472 = DIRECTION('',(1.,0.,-0.));
#1473 = DIRECTION('',(0.,0.,1.));
#1474 = DEFINITIONAL_REPRESENTATION('',(#1475),#1479);
#1475 = LINE('',#1476,#1477);
#1476 = CARTESIAN_POINT('',(100.,0.));
#1477 = VECTOR('',#1478,1.);
#1478 = DIRECTION('',(0.,-1.));
#1479 = ( GEOMETRIC_REPRESENTATION_CONTEXT(2) 
PARAMETRIC_REPRESENTATION_CONTEXT() REPRESENTATION_CONTEXT('2D SPACE',''
  ) );
#1480 = ADVANCED_FACE('',(#1481,#1529),#72,.F.);
#1481 = FACE_BOUND('',#1482,.F.);
#1482 = EDGE_LOOP('',(#1483,#1484,#1507,#1528));
#1483 = ORIENTED_EDGE('',*,*,#581,.T.);
#1484 = ORIENTED_EDGE('',*,*,#1485,.F.);
#1485 = EDGE_CURVE('',#1486,#582,#1488,.T.);
#1486 = VERTEX_POINT('',#1487);
#1487 = CARTESIAN_POINT('',(50.,50.,0.));
#1488 = SURFACE_CURVE('',#1489,(#1493,#1500),.PCURVE_S1.);
#1489 = LINE('',#1490,#1491);
#1490 = CARTESIAN_POINT('',(50.,50.,0.));
#1491 = VECTOR('',#1492,1.);
#1492 = DIRECTION('',(0.,-1.,0.));
#1493 = PCURVE('',#72,#1494);
#1494 = DEFINITIONAL_REPRESENTATION('',(#1495),#1499);
#1495 = LINE('',#1496,#1497);
#1496 = CARTESIAN_POINT('',(100.,100.));
#1497 = VECTOR('',#1498,1.);
#1498 = DIRECTION('',(0.,-1.));
#1499 = ( GEOMETRIC_REPRESENTATION_CONTEXT(2) 
PARAMETRIC_REPRESENTATION_CONTEXT() REPRESENTATION_CONTEXT('2D SPACE',''
  ) );
#1500 = PCURVE('',#642,#1501);
#1501 = DEFINITIONAL_REPRESENTATION('',(#1502),#1506);
#1502 = LINE('',#1503,#1504);
#1503 = CARTESIAN_POINT('',(0.,-100.));
#1504 = VECTOR('',#1505,1.);
#1505 = DIRECTION('',(0.,1.));
#1506 = ( GEOMETRIC_REPRESENTATION_CONTEXT(2) 
PARAMETRIC_REPRESENTATION_CONTEXT() REPRESENTATION_CONTEXT('2D SPACE',''
  ) );
#1507 = ORIENTED_EDGE('',*,*,#1508,.F.);
#1508 = EDGE_CURVE('',#57,#1486,#1509,.T.);
#1509 = SURFACE_CURVE('',#1510,(#1514,#1521),.PCURVE_S1.);
#1510 = LINE('',#1511,#1512);
#1511 = CARTESIAN_POINT('',(-50.,50.,0.));
#1512 = VECTOR('',#1513,1.);
#1513 = DIRECTION('',(1.,0.,0.));
#1514 = PCURVE('',#72,#1515);
#1515 = DEFINITIONAL_REPRESENTATION('',(#1516),#1520);
#1516 = LINE('',#1517,#1518);
#1517 = CARTESIAN_POINT('',(0.,100.));
#1518 = VECTOR('',#1519,1.);
#1519 = DIRECTION('',(1.,0.));
#1520 = ( GEOMETRIC_REPRESENTATION_CONTEXT(2) 
PARAMETRIC_REPRESENTATION_CONTEXT() REPRESENTATION_CONTEXT('2D SPACE',''
  ) );
#1521 = PCURVE('',#100,#1522);
#1522 = DEFINITIONAL_REPRESENTATION('',(#1523),#1527);
#1523 = LINE('',#1524,#1525);
#1524 = CARTESIAN_POINT('',(0.,0.));
#1525 = VECTOR('',#1526,1.);
#1526 = DIRECTION('',(0.,1.));
#1527 = ( GEOMETRIC_REPRESENTATION_CONTEXT(2) 
PARAMETRIC_REPRESENTATION_CONTEXT() REPRESENTATION_CONTEXT('2D SPACE',''
  ) );
#1528 = ORIENTED_EDGE('',*,*,#56,.T.);
#1529 = FACE_BOUND('',#1530,.F.);
#1530 = EDGE_LOOP('',(#1531,#1556,#1579,#1602,#1625,#1648,#1671,#1694,
    #1717,#1740,#1763,#1786));
#1531 = ORIENTED_EDGE('',*,*,#1532,.F.);
#1532 = EDGE_CURVE('',#1533,#1535,#1537,.T.);
#1533 = VERTEX_POINT('',#1534);
#1534 = CARTESIAN_POINT('',(-48.,-41.5,0.));
#1535 = VERTEX_POINT('',#1536);
#1536 = CARTESIAN_POINT('',(-41.5,-41.5,0.));
#1537 = SURFACE_CURVE('',#1538,(#1542,#1549),.PCURVE_S1.);
#1538 = LINE('',#1539,#1540);
#1539 = CARTESIAN_POINT('',(-50.,-41.5,0.));
#1540 = VECTOR('',#1541,1.);
#1541 = DIRECTION('',(1.,0.,-0.));
#1542 = PCURVE('',#72,#1543);
#1543 = DEFINITIONAL_REPRESENTATION('',(#1544),#1548);
#1544 = LINE('',#1545,#1546);
#1545 = CARTESIAN_POINT('',(0.,8.5));
#1546 = VECTOR('',#1547,1.);
#1547 = DIRECTION('',(1.,0.));
#1548 = ( GEOMETRIC_REPRESENTATION_CONTEXT(2) 
PARAMETRIC_REPRESENTATION_CONTEXT() REPRESENTATION_CONTEXT('2D SPACE',''
  ) );
#1549 = PCURVE('',#1163,#1550);
#1550 = DEFINITIONAL_REPRESENTATION('',(#1551),#1555);
#1551 = LINE('',#1552,#1553);
#1552 = CARTESIAN_POINT('',(0.,0.));
#1553 = VECTOR('',#1554,1.);
#1554 = DIRECTION('',(0.,1.));
#1555 = ( GEOMETRIC_REPRESENTATION_CONTEXT(2) 
PARAMETRIC_REPRESENTATION_CONTEXT() REPRESENTATION_CONTEXT('2D SPACE',''
  ) );
#1556 = ORIENTED_EDGE('',*,*,#1557,.T.);
#1557 = EDGE_CURVE('',#1533,#1558,#1560,.T.);
#1558 = VERTEX_POINT('',#1559);
#1559 = CARTESIAN_POINT('',(-48.,41.5,0.));
#1560 = SURFACE_CURVE('',#1561,(#1565,#1572),.PCURVE_S1.);
#1561 = LINE('',#1562,#1563);
#1562 = CARTESIAN_POINT('',(-48.,-41.5,0.));
#1563 = VECTOR('',#1564,1.);
#1564 = DIRECTION('',(-0.,1.,0.));
#1565 = PCURVE('',#72,#1566);
#1566 = DEFINITIONAL_REPRESENTATION('',(#1567),#1571);
#1567 = LINE('',#1568,#1569);
#1568 = CARTESIAN_POINT('',(2.,8.5));
#1569 = VECTOR('',#1570,1.);
#1570 = DIRECTION('',(0.,1.));
#1571 = ( GEOMETRIC_REPRESENTATION_CONTEXT(2) 
PARAMETRIC_REPRESENTATION_CONTEXT() REPRESENTATION_CONTEXT('2D SPACE',''
  ) );
#1572 = PCURVE('',#1191,#1573);
#1573 = DEFINITIONAL_REPRESENTATION('',(#1574),#1578);
#1574 = LINE('',#1575,#1576);
#1575 = CARTESIAN_POINT('',(0.,0.));
#1576 = VECTOR('',#1577,1.);
#1577 = DIRECTION('',(0.,-1.));
#1578 = ( GEOMETRIC_REPRESENTATION_CONTEXT(2) 
PARAMETRIC_REPRESENTATION_CONTEXT() REPRESENTATION_CONTEXT('2D SPACE',''
  ) );
#1579 = ORIENTED_EDGE('',*,*,#1580,.T.);
#1580 = EDGE_CURVE('',#1558,#1581,#1583,.T.);
#1581 = VERTEX_POINT('',#1582);
#1582 = CARTESIAN_POINT('',(-41.5,41.5,0.));
#1583 = SURFACE_CURVE('',#1584,(#1588,#1595),.PCURVE_S1.);
#1584 = LINE('',#1585,#1586);
#1585 = CARTESIAN_POINT('',(-50.,41.5,0.));
#1586 = VECTOR('',#1587,1.);
#1587 = DIRECTION('',(1.,0.,-0.));
#1588 = PCURVE('',#72,#1589);
#1589 = DEFINITIONAL_REPRESENTATION('',(#1590),#1594);
#1590 = LINE('',#1591,#1592);
#1591 = CARTESIAN_POINT('',(0.,91.5));
#1592 = VECTOR('',#1593,1.);
#1593 = DIRECTION('',(1.,0.));
#1594 = ( GEOMETRIC_REPRESENTATION_CONTEXT(2) 
PARAMETRIC_REPRESENTATION_CONTEXT() REPRESENTATION_CONTEXT('2D SPACE',''
  ) );
#1595 = PCURVE('',#1219,#1596);
#1596 = DEFINITIONAL_REPRESENTATION('',(#1597),#1601);
#1597 = LINE('',#1598,#1599);
#1598 = CARTESIAN_POINT('',(0.,0.));
#1599 = VECTOR('',#1600,1.);
#1600 = DIRECTION('',(0.,1.));
#1601 = ( GEOMETRIC_REPRESENTATION_CONTEXT(2) 
PARAMETRIC_REPRESENTATION_CONTEXT() REPRESENTATION_CONTEXT('2D SPACE',''
  ) );
#1602 = ORIENTED_EDGE('',*,*,#1603,.T.);
#1603 = EDGE_CURVE('',#1581,#1604,#1606,.T.);
#1604 = VERTEX_POINT('',#1605);
#1605 = CARTESIAN_POINT('',(-41.5,48.,0.));
#1606 = SURFACE_CURVE('',#1607,(#1611,#1618),.PCURVE_S1.);
#1607 = LINE('',#1608,#1609);
#1608 = CARTESIAN_POINT('',(-41.5,41.5,0.));
#1609 = VECTOR('',#1610,1.);
#1610 = DIRECTION('',(-0.,1.,0.));
#1611 = PCURVE('',#72,#1612);
#1612 = DEFINITIONAL_REPRESENTATION('',(#1613),#1617);
#1613 = LINE('',#1614,#1615);
#1614 = CARTESIAN_POINT('',(8.5,91.5));
#1615 = VECTOR('',#1616,1.);
#1616 = DIRECTION('',(0.,1.));
#1617 = ( GEOMETRIC_REPRESENTATION_CONTEXT(2) 
PARAMETRIC_REPRESENTATION_CONTEXT() REPRESENTATION_CONTEXT('2D SPACE',''
  ) );
#1618 = PCURVE('',#1247,#1619);
#1619 = DEFINITIONAL_REPRESENTATION('',(#1620),#1624);
#1620 = LINE('',#1621,#1622);
#1621 = CARTESIAN_POINT('',(0.,0.));
#1622 = VECTOR('',#1623,1.);
#1623 = DIRECTION('',(0.,-1.));
#1624 = ( GEOMETRIC_REPRESENTATION_CONTEXT(2) 
PARAMETRIC_REPRESENTATION_CONTEXT() REPRESENTATION_CONTEXT('2D SPACE',''
  ) );
#1625 = ORIENTED_EDGE('',*,*,#1626,.T.);
#1626 = EDGE_CURVE('',#1604,#1627,#1629,.T.);
#1627 = VERTEX_POINT('',#1628);
#1628 = CARTESIAN_POINT('',(41.5,48.,0.));
#1629 = SURFACE_CURVE('',#1630,(#1634,#1641),.PCURVE_S1.);
#1630 = LINE('',#1631,#1632);
#1631 = CARTESIAN_POINT('',(-41.5,48.,0.));
#1632 = VECTOR('',#1633,1.);
#1633 = DIRECTION('',(1.,0.,-0.));
#1634 = PCURVE('',#72,#1635);
#1635 = DEFINITIONAL_REPRESENTATION('',(#1636),#1640);
#1636 = LINE('',#1637,#1638);
#1637 = CARTESIAN_POINT('',(8.5,98.));
#1638 = VECTOR('',#1639,1.);
#1639 = DIRECTION('',(1.,0.));
#1640 = ( GEOMETRIC_REPRESENTATION_CONTEXT(2) 
PARAMETRIC_REPRESENTATION_CONTEXT() REPRESENTATION_CONTEXT('2D SPACE',''
  ) );
#1641 = PCURVE('',#1275,#1642);
#1642 = DEFINITIONAL_REPRESENTATION('',(#1643),#1647);
#1643 = LINE('',#1644,#1645);
#1644 = CARTESIAN_POINT('',(0.,0.));
#1645 = VECTOR('',#1646,1.);
#1646 = DIRECTION('',(0.,1.));
#1647 = ( GEOMETRIC_REPRESENTATION_CONTEXT(2) 
PARAMETRIC_REPRESENTATION_CONTEXT() REPRESENTATION_CONTEXT('2D SPACE',''
  ) );
#1648 = ORIENTED_EDGE('',*,*,#1649,.F.);
#1649 = EDGE_CURVE('',#1650,#1627,#1652,.T.);
#1650 = VERTEX_POINT('',#1651);
#1651 = CARTESIAN_POINT('',(41.5,41.5,0.));
#1652 = SURFACE_CURVE('',#1653,(#1657,#1664),.PCURVE_S1.);
#1653 = LINE('',#1654,#1655);
#1654 = CARTESIAN_POINT('',(41.5,41.5,0.));
#1655 = VECTOR('',#1656,1.);
#1656 = DIRECTION('',(-0.,1.,0.));
#1657 = PCURVE('',#72,#1658);
#1658 = DEFINITIONAL_REPRESENTATION('',(#1659),#1663);
#1659 = LINE('',#1660,#1661);
#1660 = CARTESIAN_POINT('',(91.5,91.5));
#1661 = VECTOR('',#1662,1.);
#1662 = DIRECTION('',(0.,1.));
#1663 = ( GEOMETRIC_REPRESENTATION_CONTEXT(2) 
PARAMETRIC_REPRESENTATION_CONTEXT() REPRESENTATION_CONTEXT('2D SPACE',''
  ) );
#1664 = PCURVE('',#1303,#1665);
#1665 = DEFINITIONAL_REPRESENTATION('',(#1666),#1670);
#1666 = LINE('',#1667,#1668);
#1667 = CARTESIAN_POINT('',(0.,0.));
#1668 = VECTOR('',#1669,1.);
#1669 = DIRECTION('',(0.,-1.));
#1670 = ( GEOMETRIC_REPRESENTATION_CONTEXT(2) 
PARAMETRIC_REPRESENTATION_CONTEXT() REPRESENTATION_CONTEXT('2D SPACE',''
  ) );
#1671 = ORIENTED_EDGE('',*,*,#1672,.T.);
#1672 = EDGE_CURVE('',#1650,#1673,#1675,.T.);
#1673 = VERTEX_POINT('',#1674);
#1674 = CARTESIAN_POINT('',(48.,41.5,0.));
#1675 = SURFACE_CURVE('',#1676,(#1680,#1687),.PCURVE_S1.);
#1676 = LINE('',#1677,#1678);
#1677 = CARTESIAN_POINT('',(41.5,41.5,0.));
#1678 = VECTOR('',#1679,1.);
#1679 = DIRECTION('',(1.,0.,-0.));
#1680 = PCURVE('',#72,#1681);
#1681 = DEFINITIONAL_REPRESENTATION('',(#1682),#1686);
#1682 = LINE('',#1683,#1684);
#1683 = CARTESIAN_POINT('',(91.5,91.5));
#1684 = VECTOR('',#1685,1.);
#1685 = DIRECTION('',(1.,0.));
#1686 = ( GEOMETRIC_REPRESENTATION_CONTEXT(2) 
PARAMETRIC_REPRESENTATION_CONTEXT() REPRESENTATION_CONTEXT('2D SPACE',''
  ) );
#1687 = PCURVE('',#1331,#1688);
#1688 = DEFINITIONAL_REPRESENTATION('',(#1689),#1693);
#1689 = LINE('',#1690,#1691);
#1690 = CARTESIAN_POINT('',(0.,0.));
#1691 = VECTOR('',#1692,1.);
#1692 = DIRECTION('',(0.,1.));
#1693 = ( GEOMETRIC_REPRESENTATION_CONTEXT(2) 
PARAMETRIC_REPRESENTATION_CONTEXT() REPRESENTATION_CONTEXT('2D SPACE',''
  ) );
#1694 = ORIENTED_EDGE('',*,*,#1695,.F.);
#1695 = EDGE_CURVE('',#1696,#1673,#1698,.T.);
#1696 = VERTEX_POINT('',#1697);
#1697 = CARTESIAN_POINT('',(48.,-41.5,0.));
#1698 = SURFACE_CURVE('',#1699,(#1703,#1710),.PCURVE_S1.);
#1699 = LINE('',#1700,#1701);
#1700 = CARTESIAN_POINT('',(48.,-41.5,0.));
#1701 = VECTOR('',#1702,1.);
#1702 = DIRECTION('',(-0.,1.,0.));
#1703 = PCURVE('',#72,#1704);
#1704 = DEFINITIONAL_REPRESENTATION('',(#1705),#1709);
#1705 = LINE('',#1706,#1707);
#1706 = CARTESIAN_POINT('',(98.,8.5));
#1707 = VECTOR('',#1708,1.);
#1708 = DIRECTION('',(0.,1.));
#1709 = ( GEOMETRIC_REPRESENTATION_CONTEXT(2) 
PARAMETRIC_REPRESENTATION_CONTEXT() REPRESENTATION_CONTEXT('2D SPACE',''
  ) );
#1710 = PCURVE('',#1359,#1711);
#1711 = DEFINITIONAL_REPRESENTATION('',(#1712),#1716);
#1712 = LINE('',#1713,#1714);
#1713 = CARTESIAN_POINT('',(0.,0.));
#1714 = VECTOR('',#1715,1.);
#1715 = DIRECTION('',(0.,-1.));
#1716 = ( GEOMETRIC_REPRESENTATION_CONTEXT(2) 
PARAMETRIC_REPRESENTATION_CONTEXT() REPRESENTATION_CONTEXT('2D SPACE',''
  ) );
#1717 = ORIENTED_EDGE('',*,*,#1718,.F.);
#1718 = EDGE_CURVE('',#1719,#1696,#1721,.T.);
#1719 = VERTEX_POINT('',#1720);
#1720 = CARTESIAN_POINT('',(41.5,-41.5,0.));
#1721 = SURFACE_CURVE('',#1722,(#1726,#1733),.PCURVE_S1.);
#1722 = LINE('',#1723,#1724);
#1723 = CARTESIAN_POINT('',(41.5,-41.5,0.));
#1724 = VECTOR('',#1725,1.);
#1725 = DIRECTION('',(1.,0.,-0.));
#1726 = PCURVE('',#72,#1727);
#1727 = DEFINITIONAL_REPRESENTATION('',(#1728),#1732);
#1728 = LINE('',#1729,#1730);
#1729 = CARTESIAN_POINT('',(91.5,8.5));
#1730 = VECTOR('',#1731,1.);
#1731 = DIRECTION('',(1.,0.));
#1732 = ( GEOMETRIC_REPRESENTATION_CONTEXT(2) 
PARAMETRIC_REPRESENTATION_CONTEXT() REPRESENTATION_CONTEXT('2D SPACE',''
  ) );
#1733 = PCURVE('',#1387,#1734);
#1734 = DEFINITIONAL_REPRESENTATION('',(#1735),#1739);
#1735 = LINE('',#1736,#1737);
#1736 = CARTESIAN_POINT('',(0.,0.));
#1737 = VECTOR('',#1738,1.);
#1738 = DIRECTION('',(0.,1.));
#1739 = ( GEOMETRIC_REPRESENTATION_CONTEXT(2) 
PARAMETRIC_REPRESENTATION_CONTEXT() REPRESENTATION_CONTEXT('2D SPACE',''
  ) );
#1740 = ORIENTED_EDGE('',*,*,#1741,.F.);
#1741 = EDGE_CURVE('',#1742,#1719,#1744,.T.);
#1742 = VERTEX_POINT('',#1743);
#1743 = CARTESIAN_POINT('',(41.5,-48.,0.));
#1744 = SURFACE_CURVE('',#1745,(#1749,#1756),.PCURVE_S1.);
#1745 = LINE('',#1746,#1747);
#1746 = CARTESIAN_POINT('',(41.5,-50.,0.));
#1747 = VECTOR('',#1748,1.);
#1748 = DIRECTION('',(-0.,1.,0.));
#1749 = PCURVE('',#72,#1750);
#1750 = DEFINITIONAL_REPRESENTATION('',(#1751),#1755);
#1751 = LINE('',#1752,#1753);
#1752 = CARTESIAN_POINT('',(91.5,0.));
#1753 = VECTOR('',#1754,1.);
#1754 = DIRECTION('',(0.,1.));
#1755 = ( GEOMETRIC_REPRESENTATION_CONTEXT(2) 
PARAMETRIC_REPRESENTATION_CONTEXT() REPRESENTATION_CONTEXT('2D SPACE',''
  ) );
#1756 = PCURVE('',#1415,#1757);
#1757 = DEFINITIONAL_REPRESENTATION('',(#1758),#1762);
#1758 = LINE('',#1759,#1760);
#1759 = CARTESIAN_POINT('',(0.,0.));
#1760 = VECTOR('',#1761,1.);
#1761 = DIRECTION('',(0.,-1.));
#1762 = ( GEOMETRIC_REPRESENTATION_CONTEXT(2) 
PARAMETRIC_REPRESENTATION_CONTEXT() REPRESENTATION_CONTEXT('2D SPACE',''
  ) );
#1763 = ORIENTED_EDGE('',*,*,#1764,.F.);
#1764 = EDGE_CURVE('',#1765,#1742,#1767,.T.);
#1765 = VERTEX_POINT('',#1766);
#1766 = CARTESIAN_POINT('',(-41.5,-48.,0.));
#1767 = SURFACE_CURVE('',#1768,(#1772,#1779),.PCURVE_S1.);
#1768 = LINE('',#1769,#1770);
#1769 = CARTESIAN_POINT('',(-41.5,-48.,0.));
#1770 = VECTOR('',#1771,1.);
#1771 = DIRECTION('',(1.,0.,-0.));
#1772 = PCURVE('',#72,#1773);
#1773 = DEFINITIONAL_REPRESENTATION('',(#1774),#1778);
#1774 = LINE('',#1775,#1776);
#1775 = CARTESIAN_POINT('',(8.5,2.));
#1776 = VECTOR('',#1777,1.);
#1777 = DIRECTION('',(1.,0.));
#1778 = ( GEOMETRIC_REPRESENTATION_CONTEXT(2) 
PARAMETRIC_REPRESENTATION_CONTEXT() REPRESENTATION_CONTEXT('2D SPACE',''
  ) );
#1779 = PCURVE('',#1443,#1780);
#1780 = DEFINITIONAL_REPRESENTATION('',(#1781),#1785);
#1781 = LINE('',#1782,#1783);
#1782 = CARTESIAN_POINT('',(0.,0.));
#1783 = VECTOR('',#1784,1.);
#1784 = DIRECTION('',(0.,1.));
#1785 = ( GEOMETRIC_REPRESENTATION_CONTEXT(2) 
PARAMETRIC_REPRESENTATION_CONTEXT() REPRESENTATION_CONTEXT('2D SPACE',''
  ) );
#1786 = ORIENTED_EDGE('',*,*,#1787,.T.);
#1787 = EDGE_CURVE('',#1765,#1535,#1788,.T.);
#1788 = SURFACE_CURVE('',#1789,(#1793,#1800),.PCURVE_S1.);
#1789 = LINE('',#1790,#1791);
#1790 = CARTESIAN_POINT('',(-41.5,-50.,0.));
#1791 = VECTOR('',#1792,1.);
#1792 = DIRECTION('',(-0.,1.,0.));
#1793 = PCURVE('',#72,#1794);
#1794 = DEFINITIONAL_REPRESENTATION('',(#1795),#1799);
#1795 = LINE('',#1796,#1797);
#1796 = CARTESIAN_POINT('',(8.5,0.));
#1797 = VECTOR('',#1798,1.);
#1798 = DIRECTION('',(0.,1.));
#1799 = ( GEOMETRIC_REPRESENTATION_CONTEXT(2) 
PARAMETRIC_REPRESENTATION_CONTEXT() REPRESENTATION_CONTEXT('2D SPACE',''
  ) );
#1800 = PCURVE('',#1469,#1801);
#1801 = DEFINITIONAL_REPRESENTATION('',(#1802),#1806);
#1802 = LINE('',#1803,#1804);
#1803 = CARTESIAN_POINT('',(0.,0.));
#1804 = VECTOR('',#1805,1.);
#1805 = DIRECTION('',(0.,-1.));
#1806 = ( GEOMETRIC_REPRESENTATION_CONTEXT(2) 
PARAMETRIC_REPRESENTATION_CONTEXT() REPRESENTATION_CONTEXT('2D SPACE',''
  ) );
#1807 = ADVANCED_FACE('',(#1808),#1163,.T.);
#1808 = FACE_BOUND('',#1809,.T.);
#1809 = EDGE_LOOP('',(#1810,#1811,#1832,#1833));
#1810 = ORIENTED_EDGE('',*,*,#1532,.F.);
#1811 = ORIENTED_EDGE('',*,*,#1812,.T.);
#1812 = EDGE_CURVE('',#1533,#1146,#1813,.T.);
#1813 = SURFACE_CURVE('',#1814,(#1818,#1825),.PCURVE_S1.);
#1814 = LINE('',#1815,#1816);
#1815 = CARTESIAN_POINT('',(-48.,-41.5,0.));
#1816 = VECTOR('',#1817,1.);
#1817 = DIRECTION('',(0.,0.,1.));
#1818 = PCURVE('',#1163,#1819);
#1819 = DEFINITIONAL_REPRESENTATION('',(#1820),#1824);
#1820 = LINE('',#1821,#1822);
#1821 = CARTESIAN_POINT('',(0.,2.));
#1822 = VECTOR('',#1823,1.);
#1823 = DIRECTION('',(1.,0.));
#1824 = ( GEOMETRIC_REPRESENTATION_CONTEXT(2) 
PARAMETRIC_REPRESENTATION_CONTEXT() REPRESENTATION_CONTEXT('2D SPACE',''
  ) );
#1825 = PCURVE('',#1191,#1826);
#1826 = DEFINITIONAL_REPRESENTATION('',(#1827),#1831);
#1827 = LINE('',#1828,#1829);
#1828 = CARTESIAN_POINT('',(0.,0.));
#1829 = VECTOR('',#1830,1.);
#1830 = DIRECTION('',(1.,0.));
#1831 = ( GEOMETRIC_REPRESENTATION_CONTEXT(2) 
PARAMETRIC_REPRESENTATION_CONTEXT() REPRESENTATION_CONTEXT('2D SPACE',''
  ) );
#1832 = ORIENTED_EDGE('',*,*,#1145,.T.);
#1833 = ORIENTED_EDGE('',*,*,#1834,.F.);
#1834 = EDGE_CURVE('',#1535,#1148,#1835,.T.);
#1835 = SURFACE_CURVE('',#1836,(#1840,#1847),.PCURVE_S1.);
#1836 = LINE('',#1837,#1838);
#1837 = CARTESIAN_POINT('',(-41.5,-41.5,0.));
#1838 = VECTOR('',#1839,1.);
#1839 = DIRECTION('',(0.,0.,1.));
#1840 = PCURVE('',#1163,#1841);
#1841 = DEFINITIONAL_REPRESENTATION('',(#1842),#1846);
#1842 = LINE('',#1843,#1844);
#1843 = CARTESIAN_POINT('',(0.,8.5));
#1844 = VECTOR('',#1845,1.);
#1845 = DIRECTION('',(1.,0.));
#1846 = ( GEOMETRIC_REPRESENTATION_CONTEXT(2) 
PARAMETRIC_REPRESENTATION_CONTEXT() REPRESENTATION_CONTEXT('2D SPACE',''
  ) );
#1847 = PCURVE('',#1469,#1848);
#1848 = DEFINITIONAL_REPRESENTATION('',(#1849),#1853);
#1849 = LINE('',#1850,#1851);
#1850 = CARTESIAN_POINT('',(0.,-8.5));
#1851 = VECTOR('',#1852,1.);
#1852 = DIRECTION('',(1.,0.));
#1853 = ( GEOMETRIC_REPRESENTATION_CONTEXT(2) 
PARAMETRIC_REPRESENTATION_CONTEXT() REPRESENTATION_CONTEXT('2D SPACE',''
  ) );
#1854 = ADVANCED_FACE('',(#1855),#1469,.T.);
#1855 = FACE_BOUND('',#1856,.T.);
#1856 = EDGE_LOOP('',(#1857,#1878,#1879,#1880));
#1857 = ORIENTED_EDGE('',*,*,#1858,.F.);
#1858 = EDGE_CURVE('',#1765,#1428,#1859,.T.);
#1859 = SURFACE_CURVE('',#1860,(#1864,#1871),.PCURVE_S1.);
#1860 = LINE('',#1861,#1862);
#1861 = CARTESIAN_POINT('',(-41.5,-48.,0.));
#1862 = VECTOR('',#1863,1.);
#1863 = DIRECTION('',(0.,0.,1.));
#1864 = PCURVE('',#1469,#1865);
#1865 = DEFINITIONAL_REPRESENTATION('',(#1866),#1870);
#1866 = LINE('',#1867,#1868);
#1867 = CARTESIAN_POINT('',(0.,-2.));
#1868 = VECTOR('',#1869,1.);
#1869 = DIRECTION('',(1.,0.));
#1870 = ( GEOMETRIC_REPRESENTATION_CONTEXT(2) 
PARAMETRIC_REPRESENTATION_CONTEXT() REPRESENTATION_CONTEXT('2D SPACE',''
  ) );
#1871 = PCURVE('',#1443,#1872);
#1872 = DEFINITIONAL_REPRESENTATION('',(#1873),#1877);
#1873 = LINE('',#1874,#1875);
#1874 = CARTESIAN_POINT('',(0.,0.));
#1875 = VECTOR('',#1876,1.);
#1876 = DIRECTION('',(1.,0.));
#1877 = ( GEOMETRIC_REPRESENTATION_CONTEXT(2) 
PARAMETRIC_REPRESENTATION_CONTEXT() REPRESENTATION_CONTEXT('2D SPACE',''
  ) );
#1878 = ORIENTED_EDGE('',*,*,#1787,.T.);
#1879 = ORIENTED_EDGE('',*,*,#1834,.T.);
#1880 = ORIENTED_EDGE('',*,*,#1455,.F.);
#1881 = ADVANCED_FACE('',(#1882),#268,.T.);
#1882 = FACE_BOUND('',#1883,.T.);
#1883 = EDGE_LOOP('',(#1884,#1907,#1928,#1949));
#1884 = ORIENTED_EDGE('',*,*,#1885,.F.);
#1885 = EDGE_CURVE('',#1886,#253,#1888,.T.);
#1886 = VERTEX_POINT('',#1887);
#1887 = CARTESIAN_POINT('',(-48.,4.,31.595139709112));
#1888 = SURFACE_CURVE('',#1889,(#1893,#1900),.PCURVE_S1.);
#1889 = LINE('',#1890,#1891);
#1890 = CARTESIAN_POINT('',(-45.,4.,31.595139709112));
#1891 = VECTOR('',#1892,1.);
#1892 = DIRECTION('',(-1.,1.110223024625E-16,0.));
#1893 = PCURVE('',#268,#1894);
#1894 = DEFINITIONAL_REPRESENTATION('',(#1895),#1899);
#1895 = LINE('',#1896,#1897);
#1896 = CARTESIAN_POINT('',(0.,0.));
#1897 = VECTOR('',#1898,1.);
#1898 = DIRECTION('',(0.,1.));
#1899 = ( GEOMETRIC_REPRESENTATION_CONTEXT(2) 
PARAMETRIC_REPRESENTATION_CONTEXT() REPRESENTATION_CONTEXT('2D SPACE',''
  ) );
#1900 = PCURVE('',#295,#1901);
#1901 = DEFINITIONAL_REPRESENTATION('',(#1902),#1906);
#1902 = LINE('',#1903,#1904);
#1903 = CARTESIAN_POINT('',(0.,0.));
#1904 = VECTOR('',#1905,1.);
#1905 = DIRECTION('',(0.,-1.));
#1906 = ( GEOMETRIC_REPRESENTATION_CONTEXT(2) 
PARAMETRIC_REPRESENTATION_CONTEXT() REPRESENTATION_CONTEXT('2D SPACE',''
  ) );
#1907 = ORIENTED_EDGE('',*,*,#1908,.F.);
#1908 = EDGE_CURVE('',#1909,#1886,#1911,.T.);
#1909 = VERTEX_POINT('',#1910);
#1910 = CARTESIAN_POINT('',(-48.,18.404860290888,31.595139709112));
#1911 = SURFACE_CURVE('',#1912,(#1916,#1922),.PCURVE_S1.);
#1912 = LINE('',#1913,#1914);
#1913 = CARTESIAN_POINT('',(-48.,-18.75,31.595139709112));
#1914 = VECTOR('',#1915,1.);
#1915 = DIRECTION('',(0.,-1.,0.));
#1916 = PCURVE('',#268,#1917);
#1917 = DEFINITIONAL_REPRESENTATION('',(#1918),#1921);
#1918 = B_SPLINE_CURVE_WITH_KNOTS('',1,(#1919,#1920),.UNSPECIFIED.,.F.,
  .F.,(2,2),(-37.15486029088,-22.75),.PIECEWISE_BEZIER_KNOTS.);
#1919 = CARTESIAN_POINT('',(14.404860290888,3.));
#1920 = CARTESIAN_POINT('',(0.,3.));
#1921 = ( GEOMETRIC_REPRESENTATION_CONTEXT(2) 
PARAMETRIC_REPRESENTATION_CONTEXT() REPRESENTATION_CONTEXT('2D SPACE',''
  ) );
#1922 = PCURVE('',#1191,#1923);
#1923 = DEFINITIONAL_REPRESENTATION('',(#1924),#1927);
#1924 = B_SPLINE_CURVE_WITH_KNOTS('',1,(#1925,#1926),.UNSPECIFIED.,.F.,
  .F.,(2,2),(-37.15486029088,-22.75),.PIECEWISE_BEZIER_KNOTS.);
#1925 = CARTESIAN_POINT('',(31.595139709112,-59.90486029088));
#1926 = CARTESIAN_POINT('',(31.595139709112,-45.5));
#1927 = ( GEOMETRIC_REPRESENTATION_CONTEXT(2) 
PARAMETRIC_REPRESENTATION_CONTEXT() REPRESENTATION_CONTEXT('2D SPACE',''
  ) );
#1928 = ORIENTED_EDGE('',*,*,#1929,.T.);
#1929 = EDGE_CURVE('',#1909,#251,#1930,.T.);
#1930 = SURFACE_CURVE('',#1931,(#1935,#1942),.PCURVE_S1.);
#1931 = LINE('',#1932,#1933);
#1932 = CARTESIAN_POINT('',(-45.,18.404860290888,31.595139709112));
#1933 = VECTOR('',#1934,1.);
#1934 = DIRECTION('',(-1.,1.110223024625E-16,0.));
#1935 = PCURVE('',#268,#1936);
#1936 = DEFINITIONAL_REPRESENTATION('',(#1937),#1941);
#1937 = LINE('',#1938,#1939);
#1938 = CARTESIAN_POINT('',(14.404860290888,1.599260756145E-15));
#1939 = VECTOR('',#1940,1.);
#1940 = DIRECTION('',(0.,1.));
#1941 = ( GEOMETRIC_REPRESENTATION_CONTEXT(2) 
PARAMETRIC_REPRESENTATION_CONTEXT() REPRESENTATION_CONTEXT('2D SPACE',''
  ) );
#1942 = PCURVE('',#347,#1943);
#1943 = DEFINITIONAL_REPRESENTATION('',(#1944),#1948);
#1944 = LINE('',#1945,#1946);
#1945 = CARTESIAN_POINT('',(0.,0.));
#1946 = VECTOR('',#1947,1.);
#1947 = DIRECTION('',(0.,-1.));
#1948 = ( GEOMETRIC_REPRESENTATION_CONTEXT(2) 
PARAMETRIC_REPRESENTATION_CONTEXT() REPRESENTATION_CONTEXT('2D SPACE',''
  ) );
#1949 = ORIENTED_EDGE('',*,*,#250,.T.);
#1950 = ADVANCED_FACE('',(#1951),#347,.F.);
#1951 = FACE_BOUND('',#1952,.F.);
#1952 = EDGE_LOOP('',(#1953,#1976,#1995,#1996));
#1953 = ORIENTED_EDGE('',*,*,#1954,.F.);
#1954 = EDGE_CURVE('',#1955,#307,#1957,.T.);
#1955 = VERTEX_POINT('',#1956);
#1956 = CARTESIAN_POINT('',(-48.,18.404860290888,46.));
#1957 = SURFACE_CURVE('',#1958,(#1962,#1969),.PCURVE_S1.);
#1958 = LINE('',#1959,#1960);
#1959 = CARTESIAN_POINT('',(-45.,18.404860290888,46.));
#1960 = VECTOR('',#1961,1.);
#1961 = DIRECTION('',(-1.,1.110223024625E-16,0.));
#1962 = PCURVE('',#347,#1963);
#1963 = DEFINITIONAL_REPRESENTATION('',(#1964),#1968);
#1964 = LINE('',#1965,#1966);
#1965 = CARTESIAN_POINT('',(14.404860290888,0.));
#1966 = VECTOR('',#1967,1.);
#1967 = DIRECTION('',(0.,-1.));
#1968 = ( GEOMETRIC_REPRESENTATION_CONTEXT(2) 
PARAMETRIC_REPRESENTATION_CONTEXT() REPRESENTATION_CONTEXT('2D SPACE',''
  ) );
#1969 = PCURVE('',#322,#1970);
#1970 = DEFINITIONAL_REPRESENTATION('',(#1971),#1975);
#1971 = LINE('',#1972,#1973);
#1972 = CARTESIAN_POINT('',(14.404860290888,1.599260756145E-15));
#1973 = VECTOR('',#1974,1.);
#1974 = DIRECTION('',(0.,1.));
#1975 = ( GEOMETRIC_REPRESENTATION_CONTEXT(2) 
PARAMETRIC_REPRESENTATION_CONTEXT() REPRESENTATION_CONTEXT('2D SPACE',''
  ) );
#1976 = ORIENTED_EDGE('',*,*,#1977,.F.);
#1977 = EDGE_CURVE('',#1909,#1955,#1978,.T.);
#1978 = SURFACE_CURVE('',#1979,(#1983,#1989),.PCURVE_S1.);
#1979 = LINE('',#1980,#1981);
#1980 = CARTESIAN_POINT('',(-48.,18.404860290888,15.797569854556));
#1981 = VECTOR('',#1982,1.);
#1982 = DIRECTION('',(0.,-0.,1.));
#1983 = PCURVE('',#347,#1984);
#1984 = DEFINITIONAL_REPRESENTATION('',(#1985),#1988);
#1985 = B_SPLINE_CURVE_WITH_KNOTS('',1,(#1986,#1987),.UNSPECIFIED.,.F.,
  .F.,(2,2),(15.797569854556,30.202430145444),.PIECEWISE_BEZIER_KNOTS.);
#1986 = CARTESIAN_POINT('',(0.,-3.));
#1987 = CARTESIAN_POINT('',(14.404860290888,-3.));
#1988 = ( GEOMETRIC_REPRESENTATION_CONTEXT(2) 
PARAMETRIC_REPRESENTATION_CONTEXT() REPRESENTATION_CONTEXT('2D SPACE',''
  ) );
#1989 = PCURVE('',#1191,#1990);
#1990 = DEFINITIONAL_REPRESENTATION('',(#1991),#1994);
#1991 = B_SPLINE_CURVE_WITH_KNOTS('',1,(#1992,#1993),.UNSPECIFIED.,.F.,
  .F.,(2,2),(15.797569854556,30.202430145444),.PIECEWISE_BEZIER_KNOTS.);
#1992 = CARTESIAN_POINT('',(31.595139709112,-59.90486029088));
#1993 = CARTESIAN_POINT('',(46.,-59.90486029088));
#1994 = ( GEOMETRIC_REPRESENTATION_CONTEXT(2) 
PARAMETRIC_REPRESENTATION_CONTEXT() REPRESENTATION_CONTEXT('2D SPACE',''
  ) );
#1995 = ORIENTED_EDGE('',*,*,#1929,.T.);
#1996 = ORIENTED_EDGE('',*,*,#333,.T.);
#1997 = ADVANCED_FACE('',(#1998),#322,.F.);
#1998 = FACE_BOUND('',#1999,.F.);
#1999 = EDGE_LOOP('',(#2000,#2023,#2042,#2043));
#2000 = ORIENTED_EDGE('',*,*,#2001,.F.);
#2001 = EDGE_CURVE('',#2002,#280,#2004,.T.);
#2002 = VERTEX_POINT('',#2003);
#2003 = CARTESIAN_POINT('',(-48.,4.,46.));
#2004 = SURFACE_CURVE('',#2005,(#2009,#2016),.PCURVE_S1.);
#2005 = LINE('',#2006,#2007);
#2006 = CARTESIAN_POINT('',(-45.,4.,46.));
#2007 = VECTOR('',#2008,1.);
#2008 = DIRECTION('',(-1.,1.110223024625E-16,0.));
#2009 = PCURVE('',#322,#2010);
#2010 = DEFINITIONAL_REPRESENTATION('',(#2011),#2015);
#2011 = LINE('',#2012,#2013);
#2012 = CARTESIAN_POINT('',(0.,0.));
#2013 = VECTOR('',#2014,1.);
#2014 = DIRECTION('',(0.,1.));
#2015 = ( GEOMETRIC_REPRESENTATION_CONTEXT(2) 
PARAMETRIC_REPRESENTATION_CONTEXT() REPRESENTATION_CONTEXT('2D SPACE',''
  ) );
#2016 = PCURVE('',#295,#2017);
#2017 = DEFINITIONAL_REPRESENTATION('',(#2018),#2022);
#2018 = LINE('',#2019,#2020);
#2019 = CARTESIAN_POINT('',(14.404860290888,0.));
#2020 = VECTOR('',#2021,1.);
#2021 = DIRECTION('',(0.,-1.));
#2022 = ( GEOMETRIC_REPRESENTATION_CONTEXT(2) 
PARAMETRIC_REPRESENTATION_CONTEXT() REPRESENTATION_CONTEXT('2D SPACE',''
  ) );
#2023 = ORIENTED_EDGE('',*,*,#2024,.F.);
#2024 = EDGE_CURVE('',#1955,#2002,#2025,.T.);
#2025 = SURFACE_CURVE('',#2026,(#2030,#2036),.PCURVE_S1.);
#2026 = LINE('',#2027,#2028);
#2027 = CARTESIAN_POINT('',(-48.,-18.75,46.));
#2028 = VECTOR('',#2029,1.);
#2029 = DIRECTION('',(0.,-1.,0.));
#2030 = PCURVE('',#322,#2031);
#2031 = DEFINITIONAL_REPRESENTATION('',(#2032),#2035);
#2032 = B_SPLINE_CURVE_WITH_KNOTS('',1,(#2033,#2034),.UNSPECIFIED.,.F.,
  .F.,(2,2),(-37.15486029088,-22.75),.PIECEWISE_BEZIER_KNOTS.);
#2033 = CARTESIAN_POINT('',(14.404860290888,3.));
#2034 = CARTESIAN_POINT('',(0.,3.));
#2035 = ( GEOMETRIC_REPRESENTATION_CONTEXT(2) 
PARAMETRIC_REPRESENTATION_CONTEXT() REPRESENTATION_CONTEXT('2D SPACE',''
  ) );
#2036 = PCURVE('',#1191,#2037);
#2037 = DEFINITIONAL_REPRESENTATION('',(#2038),#2041);
#2038 = B_SPLINE_CURVE_WITH_KNOTS('',1,(#2039,#2040),.UNSPECIFIED.,.F.,
  .F.,(2,2),(-37.15486029088,-22.75),.PIECEWISE_BEZIER_KNOTS.);
#2039 = CARTESIAN_POINT('',(46.,-59.90486029088));
#2040 = CARTESIAN_POINT('',(46.,-45.5));
#2041 = ( GEOMETRIC_REPRESENTATION_CONTEXT(2) 
PARAMETRIC_REPRESENTATION_CONTEXT() REPRESENTATION_CONTEXT('2D SPACE',''
  ) );
#2042 = ORIENTED_EDGE('',*,*,#1954,.T.);
#2043 = ORIENTED_EDGE('',*,*,#306,.T.);
#2044 = ADVANCED_FACE('',(#2045),#295,.T.);
#2045 = FACE_BOUND('',#2046,.T.);
#2046 = EDGE_LOOP('',(#2047,#2048,#2067,#2068));
#2047 = ORIENTED_EDGE('',*,*,#2001,.F.);
#2048 = ORIENTED_EDGE('',*,*,#2049,.F.);
#2049 = EDGE_CURVE('',#1886,#2002,#2050,.T.);
#2050 = SURFACE_CURVE('',#2051,(#2055,#2061),.PCURVE_S1.);
#2051 = LINE('',#2052,#2053);
#2052 = CARTESIAN_POINT('',(-48.,4.,15.797569854556));
#2053 = VECTOR('',#2054,1.);
#2054 = DIRECTION('',(0.,-0.,1.));
#2055 = PCURVE('',#295,#2056);
#2056 = DEFINITIONAL_REPRESENTATION('',(#2057),#2060);
#2057 = B_SPLINE_CURVE_WITH_KNOTS('',1,(#2058,#2059),.UNSPECIFIED.,.F.,
  .F.,(2,2),(15.797569854556,30.202430145444),.PIECEWISE_BEZIER_KNOTS.);
#2058 = CARTESIAN_POINT('',(0.,-3.));
#2059 = CARTESIAN_POINT('',(14.404860290888,-3.));
#2060 = ( GEOMETRIC_REPRESENTATION_CONTEXT(2) 
PARAMETRIC_REPRESENTATION_CONTEXT() REPRESENTATION_CONTEXT('2D SPACE',''
  ) );
#2061 = PCURVE('',#1191,#2062);
#2062 = DEFINITIONAL_REPRESENTATION('',(#2063),#2066);
#2063 = B_SPLINE_CURVE_WITH_KNOTS('',1,(#2064,#2065),.UNSPECIFIED.,.F.,
  .F.,(2,2),(15.797569854556,30.202430145444),.PIECEWISE_BEZIER_KNOTS.);
#2064 = CARTESIAN_POINT('',(31.595139709112,-45.5));
#2065 = CARTESIAN_POINT('',(46.,-45.5));
#2066 = ( GEOMETRIC_REPRESENTATION_CONTEXT(2) 
PARAMETRIC_REPRESENTATION_CONTEXT() REPRESENTATION_CONTEXT('2D SPACE',''
  ) );
#2067 = ORIENTED_EDGE('',*,*,#1885,.T.);
#2068 = ORIENTED_EDGE('',*,*,#279,.T.);
#2069 = ADVANCED_FACE('',(#2070),#378,.T.);
#2070 = FACE_BOUND('',#2071,.T.);
#2071 = EDGE_LOOP('',(#2072,#2095,#2116,#2137));
#2072 = ORIENTED_EDGE('',*,*,#2073,.F.);
#2073 = EDGE_CURVE('',#2074,#363,#2076,.T.);
#2074 = VERTEX_POINT('',#2075);
#2075 = CARTESIAN_POINT('',(-48.,4.,54.));
#2076 = SURFACE_CURVE('',#2077,(#2081,#2088),.PCURVE_S1.);
#2077 = LINE('',#2078,#2079);
#2078 = CARTESIAN_POINT('',(-45.,4.,54.));
#2079 = VECTOR('',#2080,1.);
#2080 = DIRECTION('',(-1.,1.110223024625E-16,0.));
#2081 = PCURVE('',#378,#2082);
#2082 = DEFINITIONAL_REPRESENTATION('',(#2083),#2087);
#2083 = LINE('',#2084,#2085);
#2084 = CARTESIAN_POINT('',(0.,0.));
#2085 = VECTOR('',#2086,1.);
#2086 = DIRECTION('',(0.,1.));
#2087 = ( GEOMETRIC_REPRESENTATION_CONTEXT(2) 
PARAMETRIC_REPRESENTATION_CONTEXT() REPRESENTATION_CONTEXT('2D SPACE',''
  ) );
#2088 = PCURVE('',#405,#2089);
#2089 = DEFINITIONAL_REPRESENTATION('',(#2090),#2094);
#2090 = LINE('',#2091,#2092);
#2091 = CARTESIAN_POINT('',(0.,0.));
#2092 = VECTOR('',#2093,1.);
#2093 = DIRECTION('',(0.,-1.));
#2094 = ( GEOMETRIC_REPRESENTATION_CONTEXT(2) 
PARAMETRIC_REPRESENTATION_CONTEXT() REPRESENTATION_CONTEXT('2D SPACE',''
  ) );
#2095 = ORIENTED_EDGE('',*,*,#2096,.F.);
#2096 = EDGE_CURVE('',#2097,#2074,#2099,.T.);
#2097 = VERTEX_POINT('',#2098);
#2098 = CARTESIAN_POINT('',(-48.,18.404860290888,54.));
#2099 = SURFACE_CURVE('',#2100,(#2104,#2110),.PCURVE_S1.);
#2100 = LINE('',#2101,#2102);
#2101 = CARTESIAN_POINT('',(-48.,-18.75,54.));
#2102 = VECTOR('',#2103,1.);
#2103 = DIRECTION('',(0.,-1.,0.));
#2104 = PCURVE('',#378,#2105);
#2105 = DEFINITIONAL_REPRESENTATION('',(#2106),#2109);
#2106 = B_SPLINE_CURVE_WITH_KNOTS('',1,(#2107,#2108),.UNSPECIFIED.,.F.,
  .F.,(2,2),(-37.15486029088,-22.75),.PIECEWISE_BEZIER_KNOTS.);
#2107 = CARTESIAN_POINT('',(14.404860290888,3.));
#2108 = CARTESIAN_POINT('',(0.,3.));
#2109 = ( GEOMETRIC_REPRESENTATION_CONTEXT(2) 
PARAMETRIC_REPRESENTATION_CONTEXT() REPRESENTATION_CONTEXT('2D SPACE',''
  ) );
#2110 = PCURVE('',#1191,#2111);
#2111 = DEFINITIONAL_REPRESENTATION('',(#2112),#2115);
#2112 = B_SPLINE_CURVE_WITH_KNOTS('',1,(#2113,#2114),.UNSPECIFIED.,.F.,
  .F.,(2,2),(-37.15486029088,-22.75),.PIECEWISE_BEZIER_KNOTS.);
#2113 = CARTESIAN_POINT('',(54.,-59.90486029088));
#2114 = CARTESIAN_POINT('',(54.,-45.5));
#2115 = ( GEOMETRIC_REPRESENTATION_CONTEXT(2) 
PARAMETRIC_REPRESENTATION_CONTEXT() REPRESENTATION_CONTEXT('2D SPACE',''
  ) );
#2116 = ORIENTED_EDGE('',*,*,#2117,.T.);
#2117 = EDGE_CURVE('',#2097,#361,#2118,.T.);
#2118 = SURFACE_CURVE('',#2119,(#2123,#2130),.PCURVE_S1.);
#2119 = LINE('',#2120,#2121);
#2120 = CARTESIAN_POINT('',(-45.,18.404860290888,54.));
#2121 = VECTOR('',#2122,1.);
#2122 = DIRECTION('',(-1.,1.110223024625E-16,0.));
#2123 = PCURVE('',#378,#2124);
#2124 = DEFINITIONAL_REPRESENTATION('',(#2125),#2129);
#2125 = LINE('',#2126,#2127);
#2126 = CARTESIAN_POINT('',(14.404860290888,1.599260756145E-15));
#2127 = VECTOR('',#2128,1.);
#2128 = DIRECTION('',(0.,1.));
#2129 = ( GEOMETRIC_REPRESENTATION_CONTEXT(2) 
PARAMETRIC_REPRESENTATION_CONTEXT() REPRESENTATION_CONTEXT('2D SPACE',''
  ) );
#2130 = PCURVE('',#457,#2131);
#2131 = DEFINITIONAL_REPRESENTATION('',(#2132),#2136);
#2132 = LINE('',#2133,#2134);
#2133 = CARTESIAN_POINT('',(0.,0.));
#2134 = VECTOR('',#2135,1.);
#2135 = DIRECTION('',(0.,-1.));
#2136 = ( GEOMETRIC_REPRESENTATION_CONTEXT(2) 
PARAMETRIC_REPRESENTATION_CONTEXT() REPRESENTATION_CONTEXT('2D SPACE',''
  ) );
#2137 = ORIENTED_EDGE('',*,*,#360,.T.);
#2138 = ADVANCED_FACE('',(#2139),#457,.F.);
#2139 = FACE_BOUND('',#2140,.F.);
#2140 = EDGE_LOOP('',(#2141,#2164,#2183,#2184));
#2141 = ORIENTED_EDGE('',*,*,#2142,.F.);
#2142 = EDGE_CURVE('',#2143,#417,#2145,.T.);
#2143 = VERTEX_POINT('',#2144);
#2144 = CARTESIAN_POINT('',(-48.,18.404860290888,68.404860290888));
#2145 = SURFACE_CURVE('',#2146,(#2150,#2157),.PCURVE_S1.);
#2146 = LINE('',#2147,#2148);
#2147 = CARTESIAN_POINT('',(-45.,18.404860290888,68.404860290888));
#2148 = VECTOR('',#2149,1.);
#2149 = DIRECTION('',(-1.,1.110223024625E-16,0.));
#2150 = PCURVE('',#457,#2151);
#2151 = DEFINITIONAL_REPRESENTATION('',(#2152),#2156);
#2152 = LINE('',#2153,#2154);
#2153 = CARTESIAN_POINT('',(14.404860290888,0.));
#2154 = VECTOR('',#2155,1.);
#2155 = DIRECTION('',(0.,-1.));
#2156 = ( GEOMETRIC_REPRESENTATION_CONTEXT(2) 
PARAMETRIC_REPRESENTATION_CONTEXT() REPRESENTATION_CONTEXT('2D SPACE',''
  ) );
#2157 = PCURVE('',#432,#2158);
#2158 = DEFINITIONAL_REPRESENTATION('',(#2159),#2163);
#2159 = LINE('',#2160,#2161);
#2160 = CARTESIAN_POINT('',(14.404860290888,1.599260756145E-15));
#2161 = VECTOR('',#2162,1.);
#2162 = DIRECTION('',(0.,1.));
#2163 = ( GEOMETRIC_REPRESENTATION_CONTEXT(2) 
PARAMETRIC_REPRESENTATION_CONTEXT() REPRESENTATION_CONTEXT('2D SPACE',''
  ) );
#2164 = ORIENTED_EDGE('',*,*,#2165,.F.);
#2165 = EDGE_CURVE('',#2097,#2143,#2166,.T.);
#2166 = SURFACE_CURVE('',#2167,(#2171,#2177),.PCURVE_S1.);
#2167 = LINE('',#2168,#2169);
#2168 = CARTESIAN_POINT('',(-48.,18.404860290888,27.));
#2169 = VECTOR('',#2170,1.);
#2170 = DIRECTION('',(0.,-0.,1.));
#2171 = PCURVE('',#457,#2172);
#2172 = DEFINITIONAL_REPRESENTATION('',(#2173),#2176);
#2173 = B_SPLINE_CURVE_WITH_KNOTS('',1,(#2174,#2175),.UNSPECIFIED.,.F.,
  .F.,(2,2),(27.,41.404860290888),.PIECEWISE_BEZIER_KNOTS.);
#2174 = CARTESIAN_POINT('',(0.,-3.));
#2175 = CARTESIAN_POINT('',(14.404860290888,-3.));
#2176 = ( GEOMETRIC_REPRESENTATION_CONTEXT(2) 
PARAMETRIC_REPRESENTATION_CONTEXT() REPRESENTATION_CONTEXT('2D SPACE',''
  ) );
#2177 = PCURVE('',#1191,#2178);
#2178 = DEFINITIONAL_REPRESENTATION('',(#2179),#2182);
#2179 = B_SPLINE_CURVE_WITH_KNOTS('',1,(#2180,#2181),.UNSPECIFIED.,.F.,
  .F.,(2,2),(27.,41.404860290888),.PIECEWISE_BEZIER_KNOTS.);
#2180 = CARTESIAN_POINT('',(54.,-59.90486029088));
#2181 = CARTESIAN_POINT('',(68.404860290888,-59.90486029088));
#2182 = ( GEOMETRIC_REPRESENTATION_CONTEXT(2) 
PARAMETRIC_REPRESENTATION_CONTEXT() REPRESENTATION_CONTEXT('2D SPACE',''
  ) );
#2183 = ORIENTED_EDGE('',*,*,#2117,.T.);
#2184 = ORIENTED_EDGE('',*,*,#443,.T.);
#2185 = ADVANCED_FACE('',(#2186),#432,.F.);
#2186 = FACE_BOUND('',#2187,.F.);
#2187 = EDGE_LOOP('',(#2188,#2211,#2230,#2231));
#2188 = ORIENTED_EDGE('',*,*,#2189,.F.);
#2189 = EDGE_CURVE('',#2190,#390,#2192,.T.);
#2190 = VERTEX_POINT('',#2191);
#2191 = CARTESIAN_POINT('',(-48.,4.,68.404860290888));
#2192 = SURFACE_CURVE('',#2193,(#2197,#2204),.PCURVE_S1.);
#2193 = LINE('',#2194,#2195);
#2194 = CARTESIAN_POINT('',(-45.,4.,68.404860290888));
#2195 = VECTOR('',#2196,1.);
#2196 = DIRECTION('',(-1.,1.110223024625E-16,0.));
#2197 = PCURVE('',#432,#2198);
#2198 = DEFINITIONAL_REPRESENTATION('',(#2199),#2203);
#2199 = LINE('',#2200,#2201);
#2200 = CARTESIAN_POINT('',(0.,0.));
#2201 = VECTOR('',#2202,1.);
#2202 = DIRECTION('',(0.,1.));
#2203 = ( GEOMETRIC_REPRESENTATION_CONTEXT(2) 
PARAMETRIC_REPRESENTATION_CONTEXT() REPRESENTATION_CONTEXT('2D SPACE',''
  ) );
#2204 = PCURVE('',#405,#2205);
#2205 = DEFINITIONAL_REPRESENTATION('',(#2206),#2210);
#2206 = LINE('',#2207,#2208);
#2207 = CARTESIAN_POINT('',(14.404860290888,0.));
#2208 = VECTOR('',#2209,1.);
#2209 = DIRECTION('',(0.,-1.));
#2210 = ( GEOMETRIC_REPRESENTATION_CONTEXT(2) 
PARAMETRIC_REPRESENTATION_CONTEXT() REPRESENTATION_CONTEXT('2D SPACE',''
  ) );
#2211 = ORIENTED_EDGE('',*,*,#2212,.F.);
#2212 = EDGE_CURVE('',#2143,#2190,#2213,.T.);
#2213 = SURFACE_CURVE('',#2214,(#2218,#2224),.PCURVE_S1.);
#2214 = LINE('',#2215,#2216);
#2215 = CARTESIAN_POINT('',(-48.,-18.75,68.404860290888));
#2216 = VECTOR('',#2217,1.);
#2217 = DIRECTION('',(0.,-1.,0.));
#2218 = PCURVE('',#432,#2219);
#2219 = DEFINITIONAL_REPRESENTATION('',(#2220),#2223);
#2220 = B_SPLINE_CURVE_WITH_KNOTS('',1,(#2221,#2222),.UNSPECIFIED.,.F.,
  .F.,(2,2),(-37.15486029088,-22.75),.PIECEWISE_BEZIER_KNOTS.);
#2221 = CARTESIAN_POINT('',(14.404860290888,3.));
#2222 = CARTESIAN_POINT('',(0.,3.));
#2223 = ( GEOMETRIC_REPRESENTATION_CONTEXT(2) 
PARAMETRIC_REPRESENTATION_CONTEXT() REPRESENTATION_CONTEXT('2D SPACE',''
  ) );
#2224 = PCURVE('',#1191,#2225);
#2225 = DEFINITIONAL_REPRESENTATION('',(#2226),#2229);
#2226 = B_SPLINE_CURVE_WITH_KNOTS('',1,(#2227,#2228),.UNSPECIFIED.,.F.,
  .F.,(2,2),(-37.15486029088,-22.75),.PIECEWISE_BEZIER_KNOTS.);
#2227 = CARTESIAN_POINT('',(68.404860290888,-59.90486029088));
#2228 = CARTESIAN_POINT('',(68.404860290888,-45.5));
#2229 = ( GEOMETRIC_REPRESENTATION_CONTEXT(2) 
PARAMETRIC_REPRESENTATION_CONTEXT() REPRESENTATION_CONTEXT('2D SPACE',''
  ) );
#2230 = ORIENTED_EDGE('',*,*,#2142,.T.);
#2231 = ORIENTED_EDGE('',*,*,#416,.T.);
#2232 = ADVANCED_FACE('',(#2233),#405,.T.);
#2233 = FACE_BOUND('',#2234,.T.);
#2234 = EDGE_LOOP('',(#2235,#2236,#2255,#2256));
#2235 = ORIENTED_EDGE('',*,*,#2189,.F.);
#2236 = ORIENTED_EDGE('',*,*,#2237,.F.);
#2237 = EDGE_CURVE('',#2074,#2190,#2238,.T.);
#2238 = SURFACE_CURVE('',#2239,(#2243,#2249),.PCURVE_S1.);
#2239 = LINE('',#2240,#2241);
#2240 = CARTESIAN_POINT('',(-48.,4.,27.));
#2241 = VECTOR('',#2242,1.);
#2242 = DIRECTION('',(0.,-0.,1.));
#2243 = PCURVE('',#405,#2244);
#2244 = DEFINITIONAL_REPRESENTATION('',(#2245),#2248);
#2245 = B_SPLINE_CURVE_WITH_KNOTS('',1,(#2246,#2247),.UNSPECIFIED.,.F.,
  .F.,(2,2),(27.,41.404860290888),.PIECEWISE_BEZIER_KNOTS.);
#2246 = CARTESIAN_POINT('',(0.,-3.));
#2247 = CARTESIAN_POINT('',(14.404860290888,-3.));
#2248 = ( GEOMETRIC_REPRESENTATION_CONTEXT(2) 
PARAMETRIC_REPRESENTATION_CONTEXT() REPRESENTATION_CONTEXT('2D SPACE',''
  ) );
#2249 = PCURVE('',#1191,#2250);
#2250 = DEFINITIONAL_REPRESENTATION('',(#2251),#2254);
#2251 = B_SPLINE_CURVE_WITH_KNOTS('',1,(#2252,#2253),.UNSPECIFIED.,.F.,
  .F.,(2,2),(27.,41.404860290888),.PIECEWISE_BEZIER_KNOTS.);
#2252 = CARTESIAN_POINT('',(54.,-45.5));
#2253 = CARTESIAN_POINT('',(68.404860290888,-45.5));
#2254 = ( GEOMETRIC_REPRESENTATION_CONTEXT(2) 
PARAMETRIC_REPRESENTATION_CONTEXT() REPRESENTATION_CONTEXT('2D SPACE',''
  ) );
#2255 = ORIENTED_EDGE('',*,*,#2073,.T.);
#2256 = ORIENTED_EDGE('',*,*,#389,.T.);
#2257 = ADVANCED_FACE('',(#2258),#488,.T.);
#2258 = FACE_BOUND('',#2259,.T.);
#2259 = EDGE_LOOP('',(#2260,#2283,#2304,#2325));
#2260 = ORIENTED_EDGE('',*,*,#2261,.F.);
#2261 = EDGE_CURVE('',#2262,#473,#2264,.T.);
#2262 = VERTEX_POINT('',#2263);
#2263 = CARTESIAN_POINT('',(-48.,-18.40486029088,31.595139709112));
#2264 = SURFACE_CURVE('',#2265,(#2269,#2276),.PCURVE_S1.);
#2265 = LINE('',#2266,#2267);
#2266 = CARTESIAN_POINT('',(-45.,-18.40486029088,31.595139709112));
#2267 = VECTOR('',#2268,1.);
#2268 = DIRECTION('',(-1.,1.110223024625E-16,0.));
#2269 = PCURVE('',#488,#2270);
#2270 = DEFINITIONAL_REPRESENTATION('',(#2271),#2275);
#2271 = LINE('',#2272,#2273);
#2272 = CARTESIAN_POINT('',(0.,0.));
#2273 = VECTOR('',#2274,1.);
#2274 = DIRECTION('',(0.,1.));
#2275 = ( GEOMETRIC_REPRESENTATION_CONTEXT(2) 
PARAMETRIC_REPRESENTATION_CONTEXT() REPRESENTATION_CONTEXT('2D SPACE',''
  ) );
#2276 = PCURVE('',#515,#2277);
#2277 = DEFINITIONAL_REPRESENTATION('',(#2278),#2282);
#2278 = LINE('',#2279,#2280);
#2279 = CARTESIAN_POINT('',(0.,0.));
#2280 = VECTOR('',#2281,1.);
#2281 = DIRECTION('',(0.,-1.));
#2282 = ( GEOMETRIC_REPRESENTATION_CONTEXT(2) 
PARAMETRIC_REPRESENTATION_CONTEXT() REPRESENTATION_CONTEXT('2D SPACE',''
  ) );
#2283 = ORIENTED_EDGE('',*,*,#2284,.F.);
#2284 = EDGE_CURVE('',#2285,#2262,#2287,.T.);
#2285 = VERTEX_POINT('',#2286);
#2286 = CARTESIAN_POINT('',(-48.,-4.,31.595139709112));
#2287 = SURFACE_CURVE('',#2288,(#2292,#2298),.PCURVE_S1.);
#2288 = LINE('',#2289,#2290);
#2289 = CARTESIAN_POINT('',(-48.,-29.95243014544,31.595139709112));
#2290 = VECTOR('',#2291,1.);
#2291 = DIRECTION('',(0.,-1.,0.));
#2292 = PCURVE('',#488,#2293);
#2293 = DEFINITIONAL_REPRESENTATION('',(#2294),#2297);
#2294 = B_SPLINE_CURVE_WITH_KNOTS('',1,(#2295,#2296),.UNSPECIFIED.,.F.,
  .F.,(2,2),(-25.95243014544,-11.54756985455),.PIECEWISE_BEZIER_KNOTS.);
#2295 = CARTESIAN_POINT('',(14.404860290888,3.));
#2296 = CARTESIAN_POINT('',(0.,3.));
#2297 = ( GEOMETRIC_REPRESENTATION_CONTEXT(2) 
PARAMETRIC_REPRESENTATION_CONTEXT() REPRESENTATION_CONTEXT('2D SPACE',''
  ) );
#2298 = PCURVE('',#1191,#2299);
#2299 = DEFINITIONAL_REPRESENTATION('',(#2300),#2303);
#2300 = B_SPLINE_CURVE_WITH_KNOTS('',1,(#2301,#2302),.UNSPECIFIED.,.F.,
  .F.,(2,2),(-25.95243014544,-11.54756985455),.PIECEWISE_BEZIER_KNOTS.);
#2301 = CARTESIAN_POINT('',(31.595139709112,-37.5));
#2302 = CARTESIAN_POINT('',(31.595139709112,-23.09513970911));
#2303 = ( GEOMETRIC_REPRESENTATION_CONTEXT(2) 
PARAMETRIC_REPRESENTATION_CONTEXT() REPRESENTATION_CONTEXT('2D SPACE',''
  ) );
#2304 = ORIENTED_EDGE('',*,*,#2305,.T.);
#2305 = EDGE_CURVE('',#2285,#471,#2306,.T.);
#2306 = SURFACE_CURVE('',#2307,(#2311,#2318),.PCURVE_S1.);
#2307 = LINE('',#2308,#2309);
#2308 = CARTESIAN_POINT('',(-45.,-4.,31.595139709112));
#2309 = VECTOR('',#2310,1.);
#2310 = DIRECTION('',(-1.,1.110223024625E-16,0.));
#2311 = PCURVE('',#488,#2312);
#2312 = DEFINITIONAL_REPRESENTATION('',(#2313),#2317);
#2313 = LINE('',#2314,#2315);
#2314 = CARTESIAN_POINT('',(14.404860290888,1.599260756145E-15));
#2315 = VECTOR('',#2316,1.);
#2316 = DIRECTION('',(0.,1.));
#2317 = ( GEOMETRIC_REPRESENTATION_CONTEXT(2) 
PARAMETRIC_REPRESENTATION_CONTEXT() REPRESENTATION_CONTEXT('2D SPACE',''
  ) );
#2318 = PCURVE('',#567,#2319);
#2319 = DEFINITIONAL_REPRESENTATION('',(#2320),#2324);
#2320 = LINE('',#2321,#2322);
#2321 = CARTESIAN_POINT('',(0.,0.));
#2322 = VECTOR('',#2323,1.);
#2323 = DIRECTION('',(0.,-1.));
#2324 = ( GEOMETRIC_REPRESENTATION_CONTEXT(2) 
PARAMETRIC_REPRESENTATION_CONTEXT() REPRESENTATION_CONTEXT('2D SPACE',''
  ) );
#2325 = ORIENTED_EDGE('',*,*,#470,.T.);
#2326 = ADVANCED_FACE('',(#2327),#567,.F.);
#2327 = FACE_BOUND('',#2328,.F.);
#2328 = EDGE_LOOP('',(#2329,#2352,#2371,#2372));
#2329 = ORIENTED_EDGE('',*,*,#2330,.F.);
#2330 = EDGE_CURVE('',#2331,#527,#2333,.T.);
#2331 = VERTEX_POINT('',#2332);
#2332 = CARTESIAN_POINT('',(-48.,-4.,46.));
#2333 = SURFACE_CURVE('',#2334,(#2338,#2345),.PCURVE_S1.);
#2334 = LINE('',#2335,#2336);
#2335 = CARTESIAN_POINT('',(-45.,-4.,46.));
#2336 = VECTOR('',#2337,1.);
#2337 = DIRECTION('',(-1.,1.110223024625E-16,0.));
#2338 = PCURVE('',#567,#2339);
#2339 = DEFINITIONAL_REPRESENTATION('',(#2340),#2344);
#2340 = LINE('',#2341,#2342);
#2341 = CARTESIAN_POINT('',(14.404860290888,0.));
#2342 = VECTOR('',#2343,1.);
#2343 = DIRECTION('',(0.,-1.));
#2344 = ( GEOMETRIC_REPRESENTATION_CONTEXT(2) 
PARAMETRIC_REPRESENTATION_CONTEXT() REPRESENTATION_CONTEXT('2D SPACE',''
  ) );
#2345 = PCURVE('',#542,#2346);
#2346 = DEFINITIONAL_REPRESENTATION('',(#2347),#2351);
#2347 = LINE('',#2348,#2349);
#2348 = CARTESIAN_POINT('',(14.404860290888,1.599260756145E-15));
#2349 = VECTOR('',#2350,1.);
#2350 = DIRECTION('',(0.,1.));
#2351 = ( GEOMETRIC_REPRESENTATION_CONTEXT(2) 
PARAMETRIC_REPRESENTATION_CONTEXT() REPRESENTATION_CONTEXT('2D SPACE',''
  ) );
#2352 = ORIENTED_EDGE('',*,*,#2353,.F.);
#2353 = EDGE_CURVE('',#2285,#2331,#2354,.T.);
#2354 = SURFACE_CURVE('',#2355,(#2359,#2365),.PCURVE_S1.);
#2355 = LINE('',#2356,#2357);
#2356 = CARTESIAN_POINT('',(-48.,-4.,15.797569854556));
#2357 = VECTOR('',#2358,1.);
#2358 = DIRECTION('',(0.,-0.,1.));
#2359 = PCURVE('',#567,#2360);
#2360 = DEFINITIONAL_REPRESENTATION('',(#2361),#2364);
#2361 = B_SPLINE_CURVE_WITH_KNOTS('',1,(#2362,#2363),.UNSPECIFIED.,.F.,
  .F.,(2,2),(15.797569854556,30.202430145444),.PIECEWISE_BEZIER_KNOTS.);
#2362 = CARTESIAN_POINT('',(0.,-3.));
#2363 = CARTESIAN_POINT('',(14.404860290888,-3.));
#2364 = ( GEOMETRIC_REPRESENTATION_CONTEXT(2) 
PARAMETRIC_REPRESENTATION_CONTEXT() REPRESENTATION_CONTEXT('2D SPACE',''
  ) );
#2365 = PCURVE('',#1191,#2366);
#2366 = DEFINITIONAL_REPRESENTATION('',(#2367),#2370);
#2367 = B_SPLINE_CURVE_WITH_KNOTS('',1,(#2368,#2369),.UNSPECIFIED.,.F.,
  .F.,(2,2),(15.797569854556,30.202430145444),.PIECEWISE_BEZIER_KNOTS.);
#2368 = CARTESIAN_POINT('',(31.595139709112,-37.5));
#2369 = CARTESIAN_POINT('',(46.,-37.5));
#2370 = ( GEOMETRIC_REPRESENTATION_CONTEXT(2) 
PARAMETRIC_REPRESENTATION_CONTEXT() REPRESENTATION_CONTEXT('2D SPACE',''
  ) );
#2371 = ORIENTED_EDGE('',*,*,#2305,.T.);
#2372 = ORIENTED_EDGE('',*,*,#553,.T.);
#2373 = ADVANCED_FACE('',(#2374),#542,.F.);
#2374 = FACE_BOUND('',#2375,.F.);
#2375 = EDGE_LOOP('',(#2376,#2399,#2418,#2419));
#2376 = ORIENTED_EDGE('',*,*,#2377,.F.);
#2377 = EDGE_CURVE('',#2378,#500,#2380,.T.);
#2378 = VERTEX_POINT('',#2379);
#2379 = CARTESIAN_POINT('',(-48.,-18.40486029088,46.));
#2380 = SURFACE_CURVE('',#2381,(#2385,#2392),.PCURVE_S1.);
#2381 = LINE('',#2382,#2383);
#2382 = CARTESIAN_POINT('',(-45.,-18.40486029088,46.));
#2383 = VECTOR('',#2384,1.);
#2384 = DIRECTION('',(-1.,1.110223024625E-16,0.));
#2385 = PCURVE('',#542,#2386);
#2386 = DEFINITIONAL_REPRESENTATION('',(#2387),#2391);
#2387 = LINE('',#2388,#2389);
#2388 = CARTESIAN_POINT('',(0.,0.));
#2389 = VECTOR('',#2390,1.);
#2390 = DIRECTION('',(0.,1.));
#2391 = ( GEOMETRIC_REPRESENTATION_CONTEXT(2) 
PARAMETRIC_REPRESENTATION_CONTEXT() REPRESENTATION_CONTEXT('2D SPACE',''
  ) );
#2392 = PCURVE('',#515,#2393);
#2393 = DEFINITIONAL_REPRESENTATION('',(#2394),#2398);
#2394 = LINE('',#2395,#2396);
#2395 = CARTESIAN_POINT('',(14.404860290888,0.));
#2396 = VECTOR('',#2397,1.);
#2397 = DIRECTION('',(0.,-1.));
#2398 = ( GEOMETRIC_REPRESENTATION_CONTEXT(2) 
PARAMETRIC_REPRESENTATION_CONTEXT() REPRESENTATION_CONTEXT('2D SPACE',''
  ) );
#2399 = ORIENTED_EDGE('',*,*,#2400,.F.);
#2400 = EDGE_CURVE('',#2331,#2378,#2401,.T.);
#2401 = SURFACE_CURVE('',#2402,(#2406,#2412),.PCURVE_S1.);
#2402 = LINE('',#2403,#2404);
#2403 = CARTESIAN_POINT('',(-48.,-29.95243014544,46.));
#2404 = VECTOR('',#2405,1.);
#2405 = DIRECTION('',(0.,-1.,0.));
#2406 = PCURVE('',#542,#2407);
#2407 = DEFINITIONAL_REPRESENTATION('',(#2408),#2411);
#2408 = B_SPLINE_CURVE_WITH_KNOTS('',1,(#2409,#2410),.UNSPECIFIED.,.F.,
  .F.,(2,2),(-25.95243014544,-11.54756985455),.PIECEWISE_BEZIER_KNOTS.);
#2409 = CARTESIAN_POINT('',(14.404860290888,3.));
#2410 = CARTESIAN_POINT('',(0.,3.));
#2411 = ( GEOMETRIC_REPRESENTATION_CONTEXT(2) 
PARAMETRIC_REPRESENTATION_CONTEXT() REPRESENTATION_CONTEXT('2D SPACE',''
  ) );
#2412 = PCURVE('',#1191,#2413);
#2413 = DEFINITIONAL_REPRESENTATION('',(#2414),#2417);
#2414 = B_SPLINE_CURVE_WITH_KNOTS('',1,(#2415,#2416),.UNSPECIFIED.,.F.,
  .F.,(2,2),(-25.95243014544,-11.54756985455),.PIECEWISE_BEZIER_KNOTS.);
#2415 = CARTESIAN_POINT('',(46.,-37.5));
#2416 = CARTESIAN_POINT('',(46.,-23.09513970911));
#2417 = ( GEOMETRIC_REPRESENTATION_CONTEXT(2) 
PARAMETRIC_REPRESENTATION_CONTEXT() REPRESENTATION_CONTEXT('2D SPACE',''
  ) );
#2418 = ORIENTED_EDGE('',*,*,#2330,.T.);
#2419 = ORIENTED_EDGE('',*,*,#526,.T.);
#2420 = ADVANCED_FACE('',(#2421),#515,.T.);
#2421 = FACE_BOUND('',#2422,.T.);
#2422 = EDGE_LOOP('',(#2423,#2424,#2443,#2444));
#2423 = ORIENTED_EDGE('',*,*,#2377,.F.);
#2424 = ORIENTED_EDGE('',*,*,#2425,.F.);
#2425 = EDGE_CURVE('',#2262,#2378,#2426,.T.);
#2426 = SURFACE_CURVE('',#2427,(#2431,#2437),.PCURVE_S1.);
#2427 = LINE('',#2428,#2429);
#2428 = CARTESIAN_POINT('',(-48.,-18.40486029088,15.797569854556));
#2429 = VECTOR('',#2430,1.);
#2430 = DIRECTION('',(0.,-0.,1.));
#2431 = PCURVE('',#515,#2432);
#2432 = DEFINITIONAL_REPRESENTATION('',(#2433),#2436);
#2433 = B_SPLINE_CURVE_WITH_KNOTS('',1,(#2434,#2435),.UNSPECIFIED.,.F.,
  .F.,(2,2),(15.797569854556,30.202430145444),.PIECEWISE_BEZIER_KNOTS.);
#2434 = CARTESIAN_POINT('',(0.,-3.));
#2435 = CARTESIAN_POINT('',(14.404860290888,-3.));
#2436 = ( GEOMETRIC_REPRESENTATION_CONTEXT(2) 
PARAMETRIC_REPRESENTATION_CONTEXT() REPRESENTATION_CONTEXT('2D SPACE',''
  ) );
#2437 = PCURVE('',#1191,#2438);
#2438 = DEFINITIONAL_REPRESENTATION('',(#2439),#2442);
#2439 = B_SPLINE_CURVE_WITH_KNOTS('',1,(#2440,#2441),.UNSPECIFIED.,.F.,
  .F.,(2,2),(15.797569854556,30.202430145444),.PIECEWISE_BEZIER_KNOTS.);
#2440 = CARTESIAN_POINT('',(31.595139709112,-23.09513970911));
#2441 = CARTESIAN_POINT('',(46.,-23.09513970911));
#2442 = ( GEOMETRIC_REPRESENTATION_CONTEXT(2) 
PARAMETRIC_REPRESENTATION_CONTEXT() REPRESENTATION_CONTEXT('2D SPACE',''
  ) );
#2443 = ORIENTED_EDGE('',*,*,#2261,.T.);
#2444 = ORIENTED_EDGE('',*,*,#499,.T.);
#2445 = ADVANCED_FACE('',(#2446),#237,.T.);
#2446 = FACE_BOUND('',#2447,.T.);
#2447 = EDGE_LOOP('',(#2448,#2471,#2492,#2513));
#2448 = ORIENTED_EDGE('',*,*,#2449,.F.);
#2449 = EDGE_CURVE('',#2450,#141,#2452,.T.);
#2450 = VERTEX_POINT('',#2451);
#2451 = CARTESIAN_POINT('',(-48.,-18.40486029088,54.));
#2452 = SURFACE_CURVE('',#2453,(#2457,#2464),.PCURVE_S1.);
#2453 = LINE('',#2454,#2455);
#2454 = CARTESIAN_POINT('',(-45.,-18.40486029088,54.));
#2455 = VECTOR('',#2456,1.);
#2456 = DIRECTION('',(-1.,1.110223024625E-16,0.));
#2457 = PCURVE('',#237,#2458);
#2458 = DEFINITIONAL_REPRESENTATION('',(#2459),#2463);
#2459 = LINE('',#2460,#2461);
#2460 = CARTESIAN_POINT('',(0.,0.));
#2461 = VECTOR('',#2462,1.);
#2462 = DIRECTION('',(0.,1.));
#2463 = ( GEOMETRIC_REPRESENTATION_CONTEXT(2) 
PARAMETRIC_REPRESENTATION_CONTEXT() REPRESENTATION_CONTEXT('2D SPACE',''
  ) );
#2464 = PCURVE('',#158,#2465);
#2465 = DEFINITIONAL_REPRESENTATION('',(#2466),#2470);
#2466 = LINE('',#2467,#2468);
#2467 = CARTESIAN_POINT('',(0.,0.));
#2468 = VECTOR('',#2469,1.);
#2469 = DIRECTION('',(0.,-1.));
#2470 = ( GEOMETRIC_REPRESENTATION_CONTEXT(2) 
PARAMETRIC_REPRESENTATION_CONTEXT() REPRESENTATION_CONTEXT('2D SPACE',''
  ) );
#2471 = ORIENTED_EDGE('',*,*,#2472,.F.);
#2472 = EDGE_CURVE('',#2473,#2450,#2475,.T.);
#2473 = VERTEX_POINT('',#2474);
#2474 = CARTESIAN_POINT('',(-48.,-4.,54.));
#2475 = SURFACE_CURVE('',#2476,(#2480,#2486),.PCURVE_S1.);
#2476 = LINE('',#2477,#2478);
#2477 = CARTESIAN_POINT('',(-48.,-29.95243014544,54.));
#2478 = VECTOR('',#2479,1.);
#2479 = DIRECTION('',(0.,-1.,0.));
#2480 = PCURVE('',#237,#2481);
#2481 = DEFINITIONAL_REPRESENTATION('',(#2482),#2485);
#2482 = B_SPLINE_CURVE_WITH_KNOTS('',1,(#2483,#2484),.UNSPECIFIED.,.F.,
  .F.,(2,2),(-25.95243014544,-11.54756985455),.PIECEWISE_BEZIER_KNOTS.);
#2483 = CARTESIAN_POINT('',(14.404860290888,3.));
#2484 = CARTESIAN_POINT('',(0.,3.));
#2485 = ( GEOMETRIC_REPRESENTATION_CONTEXT(2) 
PARAMETRIC_REPRESENTATION_CONTEXT() REPRESENTATION_CONTEXT('2D SPACE',''
  ) );
#2486 = PCURVE('',#1191,#2487);
#2487 = DEFINITIONAL_REPRESENTATION('',(#2488),#2491);
#2488 = B_SPLINE_CURVE_WITH_KNOTS('',1,(#2489,#2490),.UNSPECIFIED.,.F.,
  .F.,(2,2),(-25.95243014544,-11.54756985455),.PIECEWISE_BEZIER_KNOTS.);
#2489 = CARTESIAN_POINT('',(54.,-37.5));
#2490 = CARTESIAN_POINT('',(54.,-23.09513970911));
#2491 = ( GEOMETRIC_REPRESENTATION_CONTEXT(2) 
PARAMETRIC_REPRESENTATION_CONTEXT() REPRESENTATION_CONTEXT('2D SPACE',''
  ) );
#2492 = ORIENTED_EDGE('',*,*,#2493,.T.);
#2493 = EDGE_CURVE('',#2473,#197,#2494,.T.);
#2494 = SURFACE_CURVE('',#2495,(#2499,#2506),.PCURVE_S1.);
#2495 = LINE('',#2496,#2497);
#2496 = CARTESIAN_POINT('',(-45.,-4.,54.));
#2497 = VECTOR('',#2498,1.);
#2498 = DIRECTION('',(-1.,1.110223024625E-16,0.));
#2499 = PCURVE('',#237,#2500);
#2500 = DEFINITIONAL_REPRESENTATION('',(#2501),#2505);
#2501 = LINE('',#2502,#2503);
#2502 = CARTESIAN_POINT('',(14.404860290888,1.599260756145E-15));
#2503 = VECTOR('',#2504,1.);
#2504 = DIRECTION('',(0.,1.));
#2505 = ( GEOMETRIC_REPRESENTATION_CONTEXT(2) 
PARAMETRIC_REPRESENTATION_CONTEXT() REPRESENTATION_CONTEXT('2D SPACE',''
  ) );
#2506 = PCURVE('',#212,#2507);
#2507 = DEFINITIONAL_REPRESENTATION('',(#2508),#2512);
#2508 = LINE('',#2509,#2510);
#2509 = CARTESIAN_POINT('',(0.,0.));
#2510 = VECTOR('',#2511,1.);
#2511 = DIRECTION('',(0.,-1.));
#2512 = ( GEOMETRIC_REPRESENTATION_CONTEXT(2) 
PARAMETRIC_REPRESENTATION_CONTEXT() REPRESENTATION_CONTEXT('2D SPACE',''
  ) );
#2513 = ORIENTED_EDGE('',*,*,#223,.T.);
#2514 = ADVANCED_FACE('',(#2515),#212,.F.);
#2515 = FACE_BOUND('',#2516,.F.);
#2516 = EDGE_LOOP('',(#2517,#2540,#2559,#2560));
#2517 = ORIENTED_EDGE('',*,*,#2518,.F.);
#2518 = EDGE_CURVE('',#2519,#170,#2521,.T.);
#2519 = VERTEX_POINT('',#2520);
#2520 = CARTESIAN_POINT('',(-48.,-4.,68.404860290888));
#2521 = SURFACE_CURVE('',#2522,(#2526,#2533),.PCURVE_S1.);
#2522 = LINE('',#2523,#2524);
#2523 = CARTESIAN_POINT('',(-45.,-4.,68.404860290888));
#2524 = VECTOR('',#2525,1.);
#2525 = DIRECTION('',(-1.,1.110223024625E-16,0.));
#2526 = PCURVE('',#212,#2527);
#2527 = DEFINITIONAL_REPRESENTATION('',(#2528),#2532);
#2528 = LINE('',#2529,#2530);
#2529 = CARTESIAN_POINT('',(14.404860290888,0.));
#2530 = VECTOR('',#2531,1.);
#2531 = DIRECTION('',(0.,-1.));
#2532 = ( GEOMETRIC_REPRESENTATION_CONTEXT(2) 
PARAMETRIC_REPRESENTATION_CONTEXT() REPRESENTATION_CONTEXT('2D SPACE',''
  ) );
#2533 = PCURVE('',#185,#2534);
#2534 = DEFINITIONAL_REPRESENTATION('',(#2535),#2539);
#2535 = LINE('',#2536,#2537);
#2536 = CARTESIAN_POINT('',(14.404860290888,1.599260756145E-15));
#2537 = VECTOR('',#2538,1.);
#2538 = DIRECTION('',(0.,1.));
#2539 = ( GEOMETRIC_REPRESENTATION_CONTEXT(2) 
PARAMETRIC_REPRESENTATION_CONTEXT() REPRESENTATION_CONTEXT('2D SPACE',''
  ) );
#2540 = ORIENTED_EDGE('',*,*,#2541,.F.);
#2541 = EDGE_CURVE('',#2473,#2519,#2542,.T.);
#2542 = SURFACE_CURVE('',#2543,(#2547,#2553),.PCURVE_S1.);
#2543 = LINE('',#2544,#2545);
#2544 = CARTESIAN_POINT('',(-48.,-4.,27.));
#2545 = VECTOR('',#2546,1.);
#2546 = DIRECTION('',(0.,-0.,1.));
#2547 = PCURVE('',#212,#2548);
#2548 = DEFINITIONAL_REPRESENTATION('',(#2549),#2552);
#2549 = B_SPLINE_CURVE_WITH_KNOTS('',1,(#2550,#2551),.UNSPECIFIED.,.F.,
  .F.,(2,2),(27.,41.404860290888),.PIECEWISE_BEZIER_KNOTS.);
#2550 = CARTESIAN_POINT('',(0.,-3.));
#2551 = CARTESIAN_POINT('',(14.404860290888,-3.));
#2552 = ( GEOMETRIC_REPRESENTATION_CONTEXT(2) 
PARAMETRIC_REPRESENTATION_CONTEXT() REPRESENTATION_CONTEXT('2D SPACE',''
  ) );
#2553 = PCURVE('',#1191,#2554);
#2554 = DEFINITIONAL_REPRESENTATION('',(#2555),#2558);
#2555 = B_SPLINE_CURVE_WITH_KNOTS('',1,(#2556,#2557),.UNSPECIFIED.,.F.,
  .F.,(2,2),(27.,41.404860290888),.PIECEWISE_BEZIER_KNOTS.);
#2556 = CARTESIAN_POINT('',(54.,-37.5));
#2557 = CARTESIAN_POINT('',(68.404860290888,-37.5));
#2558 = ( GEOMETRIC_REPRESENTATION_CONTEXT(2) 
PARAMETRIC_REPRESENTATION_CONTEXT() REPRESENTATION_CONTEXT('2D SPACE',''
  ) );
#2559 = ORIENTED_EDGE('',*,*,#2493,.T.);
#2560 = ORIENTED_EDGE('',*,*,#196,.T.);
#2561 = ADVANCED_FACE('',(#2562),#185,.F.);
#2562 = FACE_BOUND('',#2563,.F.);
#2563 = EDGE_LOOP('',(#2564,#2587,#2606,#2607));
#2564 = ORIENTED_EDGE('',*,*,#2565,.F.);
#2565 = EDGE_CURVE('',#2566,#143,#2568,.T.);
#2566 = VERTEX_POINT('',#2567);
#2567 = CARTESIAN_POINT('',(-48.,-18.40486029088,68.404860290888));
#2568 = SURFACE_CURVE('',#2569,(#2573,#2580),.PCURVE_S1.);
#2569 = LINE('',#2570,#2571);
#2570 = CARTESIAN_POINT('',(-45.,-18.40486029088,68.404860290888));
#2571 = VECTOR('',#2572,1.);
#2572 = DIRECTION('',(-1.,1.110223024625E-16,0.));
#2573 = PCURVE('',#185,#2574);
#2574 = DEFINITIONAL_REPRESENTATION('',(#2575),#2579);
#2575 = LINE('',#2576,#2577);
#2576 = CARTESIAN_POINT('',(0.,0.));
#2577 = VECTOR('',#2578,1.);
#2578 = DIRECTION('',(0.,1.));
#2579 = ( GEOMETRIC_REPRESENTATION_CONTEXT(2) 
PARAMETRIC_REPRESENTATION_CONTEXT() REPRESENTATION_CONTEXT('2D SPACE',''
  ) );
#2580 = PCURVE('',#158,#2581);
#2581 = DEFINITIONAL_REPRESENTATION('',(#2582),#2586);
#2582 = LINE('',#2583,#2584);
#2583 = CARTESIAN_POINT('',(14.404860290888,0.));
#2584 = VECTOR('',#2585,1.);
#2585 = DIRECTION('',(0.,-1.));
#2586 = ( GEOMETRIC_REPRESENTATION_CONTEXT(2) 
PARAMETRIC_REPRESENTATION_CONTEXT() REPRESENTATION_CONTEXT('2D SPACE',''
  ) );
#2587 = ORIENTED_EDGE('',*,*,#2588,.F.);
#2588 = EDGE_CURVE('',#2519,#2566,#2589,.T.);
#2589 = SURFACE_CURVE('',#2590,(#2594,#2600),.PCURVE_S1.);
#2590 = LINE('',#2591,#2592);
#2591 = CARTESIAN_POINT('',(-48.,-29.95243014544,68.404860290888));
#2592 = VECTOR('',#2593,1.);
#2593 = DIRECTION('',(0.,-1.,0.));
#2594 = PCURVE('',#185,#2595);
#2595 = DEFINITIONAL_REPRESENTATION('',(#2596),#2599);
#2596 = B_SPLINE_CURVE_WITH_KNOTS('',1,(#2597,#2598),.UNSPECIFIED.,.F.,
  .F.,(2,2),(-25.95243014544,-11.54756985455),.PIECEWISE_BEZIER_KNOTS.);
#2597 = CARTESIAN_POINT('',(14.404860290888,3.));
#2598 = CARTESIAN_POINT('',(0.,3.));
#2599 = ( GEOMETRIC_REPRESENTATION_CONTEXT(2) 
PARAMETRIC_REPRESENTATION_CONTEXT() REPRESENTATION_CONTEXT('2D SPACE',''
  ) );
#2600 = PCURVE('',#1191,#2601);
#2601 = DEFINITIONAL_REPRESENTATION('',(#2602),#2605);
#2602 = B_SPLINE_CURVE_WITH_KNOTS('',1,(#2603,#2604),.UNSPECIFIED.,.F.,
  .F.,(2,2),(-25.95243014544,-11.54756985455),.PIECEWISE_BEZIER_KNOTS.);
#2603 = CARTESIAN_POINT('',(68.404860290888,-37.5));
#2604 = CARTESIAN_POINT('',(68.404860290888,-23.09513970911));
#2605 = ( GEOMETRIC_REPRESENTATION_CONTEXT(2) 
PARAMETRIC_REPRESENTATION_CONTEXT() REPRESENTATION_CONTEXT('2D SPACE',''
  ) );
#2606 = ORIENTED_EDGE('',*,*,#2518,.T.);
#2607 = ORIENTED_EDGE('',*,*,#169,.T.);
#2608 = ADVANCED_FACE('',(#2609),#158,.T.);
#2609 = FACE_BOUND('',#2610,.T.);
#2610 = EDGE_LOOP('',(#2611,#2612,#2631,#2632));
#2611 = ORIENTED_EDGE('',*,*,#2565,.F.);
#2612 = ORIENTED_EDGE('',*,*,#2613,.F.);
#2613 = EDGE_CURVE('',#2450,#2566,#2614,.T.);
#2614 = SURFACE_CURVE('',#2615,(#2619,#2625),.PCURVE_S1.);
#2615 = LINE('',#2616,#2617);
#2616 = CARTESIAN_POINT('',(-48.,-18.40486029088,27.));
#2617 = VECTOR('',#2618,1.);
#2618 = DIRECTION('',(0.,-0.,1.));
#2619 = PCURVE('',#158,#2620);
#2620 = DEFINITIONAL_REPRESENTATION('',(#2621),#2624);
#2621 = B_SPLINE_CURVE_WITH_KNOTS('',1,(#2622,#2623),.UNSPECIFIED.,.F.,
  .F.,(2,2),(27.,41.404860290888),.PIECEWISE_BEZIER_KNOTS.);
#2622 = CARTESIAN_POINT('',(0.,-3.));
#2623 = CARTESIAN_POINT('',(14.404860290888,-3.));
#2624 = ( GEOMETRIC_REPRESENTATION_CONTEXT(2) 
PARAMETRIC_REPRESENTATION_CONTEXT() REPRESENTATION_CONTEXT('2D SPACE',''
  ) );
#2625 = PCURVE('',#1191,#2626);
#2626 = DEFINITIONAL_REPRESENTATION('',(#2627),#2630);
#2627 = B_SPLINE_CURVE_WITH_KNOTS('',1,(#2628,#2629),.UNSPECIFIED.,.F.,
  .F.,(2,2),(27.,41.404860290888),.PIECEWISE_BEZIER_KNOTS.);
#2628 = CARTESIAN_POINT('',(54.,-23.09513970911));
#2629 = CARTESIAN_POINT('',(68.404860290888,-23.09513970911));
#2630 = ( GEOMETRIC_REPRESENTATION_CONTEXT(2) 
PARAMETRIC_REPRESENTATION_CONTEXT() REPRESENTATION_CONTEXT('2D SPACE',''
  ) );
#2631 = ORIENTED_EDGE('',*,*,#2449,.T.);
#2632 = ORIENTED_EDGE('',*,*,#140,.T.);
#2633 = ADVANCED_FACE('',(#2634),#784,.F.);
#2634 = FACE_BOUND('',#2635,.F.);
#2635 = EDGE_LOOP('',(#2636,#2659,#2660,#2683));
#2636 = ORIENTED_EDGE('',*,*,#2637,.F.);
#2637 = EDGE_CURVE('',#767,#2638,#2640,.T.);
#2638 = VERTEX_POINT('',#2639);
#2639 = CARTESIAN_POINT('',(-18.40486029088,-48.,46.));
#2640 = SURFACE_CURVE('',#2641,(#2645,#2652),.PCURVE_S1.);
#2641 = LINE('',#2642,#2643);
#2642 = CARTESIAN_POINT('',(-18.40486029088,-53.,46.));
#2643 = VECTOR('',#2644,1.);
#2644 = DIRECTION('',(-0.,1.,0.));
#2645 = PCURVE('',#784,#2646);
#2646 = DEFINITIONAL_REPRESENTATION('',(#2647),#2651);
#2647 = LINE('',#2648,#2649);
#2648 = CARTESIAN_POINT('',(0.,0.));
#2649 = VECTOR('',#2650,1.);
#2650 = DIRECTION('',(0.,1.));
#2651 = ( GEOMETRIC_REPRESENTATION_CONTEXT(2) 
PARAMETRIC_REPRESENTATION_CONTEXT() REPRESENTATION_CONTEXT('2D SPACE',''
  ) );
#2652 = PCURVE('',#811,#2653);
#2653 = DEFINITIONAL_REPRESENTATION('',(#2654),#2658);
#2654 = LINE('',#2655,#2656);
#2655 = CARTESIAN_POINT('',(14.404860290888,0.));
#2656 = VECTOR('',#2657,1.);
#2657 = DIRECTION('',(0.,-1.));
#2658 = ( GEOMETRIC_REPRESENTATION_CONTEXT(2) 
PARAMETRIC_REPRESENTATION_CONTEXT() REPRESENTATION_CONTEXT('2D SPACE',''
  ) );
#2659 = ORIENTED_EDGE('',*,*,#766,.T.);
#2660 = ORIENTED_EDGE('',*,*,#2661,.T.);
#2661 = EDGE_CURVE('',#769,#2662,#2664,.T.);
#2662 = VERTEX_POINT('',#2663);
#2663 = CARTESIAN_POINT('',(-4.,-48.,46.));
#2664 = SURFACE_CURVE('',#2665,(#2669,#2676),.PCURVE_S1.);
#2665 = LINE('',#2666,#2667);
#2666 = CARTESIAN_POINT('',(-4.,-53.,46.));
#2667 = VECTOR('',#2668,1.);
#2668 = DIRECTION('',(-0.,1.,0.));
#2669 = PCURVE('',#784,#2670);
#2670 = DEFINITIONAL_REPRESENTATION('',(#2671),#2675);
#2671 = LINE('',#2672,#2673);
#2672 = CARTESIAN_POINT('',(14.404860290888,0.));
#2673 = VECTOR('',#2674,1.);
#2674 = DIRECTION('',(0.,1.));
#2675 = ( GEOMETRIC_REPRESENTATION_CONTEXT(2) 
PARAMETRIC_REPRESENTATION_CONTEXT() REPRESENTATION_CONTEXT('2D SPACE',''
  ) );
#2676 = PCURVE('',#863,#2677);
#2677 = DEFINITIONAL_REPRESENTATION('',(#2678),#2682);
#2678 = LINE('',#2679,#2680);
#2679 = CARTESIAN_POINT('',(14.404860290888,0.));
#2680 = VECTOR('',#2681,1.);
#2681 = DIRECTION('',(0.,-1.));
#2682 = ( GEOMETRIC_REPRESENTATION_CONTEXT(2) 
PARAMETRIC_REPRESENTATION_CONTEXT() REPRESENTATION_CONTEXT('2D SPACE',''
  ) );
#2683 = ORIENTED_EDGE('',*,*,#2684,.F.);
#2684 = EDGE_CURVE('',#2638,#2662,#2685,.T.);
#2685 = SURFACE_CURVE('',#2686,(#2690,#2696),.PCURVE_S1.);
#2686 = LINE('',#2687,#2688);
#2687 = CARTESIAN_POINT('',(-29.95243014544,-48.,46.));
#2688 = VECTOR('',#2689,1.);
#2689 = DIRECTION('',(1.,0.,-0.));
#2690 = PCURVE('',#784,#2691);
#2691 = DEFINITIONAL_REPRESENTATION('',(#2692),#2695);
#2692 = B_SPLINE_CURVE_WITH_KNOTS('',1,(#2693,#2694),.UNSPECIFIED.,.F.,
  .F.,(2,2),(11.547569854556,25.952430145444),.PIECEWISE_BEZIER_KNOTS.);
#2693 = CARTESIAN_POINT('',(0.,5.));
#2694 = CARTESIAN_POINT('',(14.404860290888,5.));
#2695 = ( GEOMETRIC_REPRESENTATION_CONTEXT(2) 
PARAMETRIC_REPRESENTATION_CONTEXT() REPRESENTATION_CONTEXT('2D SPACE',''
  ) );
#2696 = PCURVE('',#1443,#2697);
#2697 = DEFINITIONAL_REPRESENTATION('',(#2698),#2701);
#2698 = B_SPLINE_CURVE_WITH_KNOTS('',1,(#2699,#2700),.UNSPECIFIED.,.F.,
  .F.,(2,2),(11.547569854556,25.952430145444),.PIECEWISE_BEZIER_KNOTS.);
#2699 = CARTESIAN_POINT('',(46.,23.095139709112));
#2700 = CARTESIAN_POINT('',(46.,37.5));
#2701 = ( GEOMETRIC_REPRESENTATION_CONTEXT(2) 
PARAMETRIC_REPRESENTATION_CONTEXT() REPRESENTATION_CONTEXT('2D SPACE',''
  ) );
#2702 = ADVANCED_FACE('',(#2703),#863,.F.);
#2703 = FACE_BOUND('',#2704,.F.);
#2704 = EDGE_LOOP('',(#2705,#2706,#2707,#2730));
#2705 = ORIENTED_EDGE('',*,*,#2661,.F.);
#2706 = ORIENTED_EDGE('',*,*,#849,.T.);
#2707 = ORIENTED_EDGE('',*,*,#2708,.T.);
#2708 = EDGE_CURVE('',#823,#2709,#2711,.T.);
#2709 = VERTEX_POINT('',#2710);
#2710 = CARTESIAN_POINT('',(-4.,-48.,31.595139709112));
#2711 = SURFACE_CURVE('',#2712,(#2716,#2723),.PCURVE_S1.);
#2712 = LINE('',#2713,#2714);
#2713 = CARTESIAN_POINT('',(-4.,-53.,31.595139709112));
#2714 = VECTOR('',#2715,1.);
#2715 = DIRECTION('',(-0.,1.,0.));
#2716 = PCURVE('',#863,#2717);
#2717 = DEFINITIONAL_REPRESENTATION('',(#2718),#2722);
#2718 = LINE('',#2719,#2720);
#2719 = CARTESIAN_POINT('',(0.,0.));
#2720 = VECTOR('',#2721,1.);
#2721 = DIRECTION('',(0.,-1.));
#2722 = ( GEOMETRIC_REPRESENTATION_CONTEXT(2) 
PARAMETRIC_REPRESENTATION_CONTEXT() REPRESENTATION_CONTEXT('2D SPACE',''
  ) );
#2723 = PCURVE('',#838,#2724);
#2724 = DEFINITIONAL_REPRESENTATION('',(#2725),#2729);
#2725 = LINE('',#2726,#2727);
#2726 = CARTESIAN_POINT('',(14.404860290888,0.));
#2727 = VECTOR('',#2728,1.);
#2728 = DIRECTION('',(0.,1.));
#2729 = ( GEOMETRIC_REPRESENTATION_CONTEXT(2) 
PARAMETRIC_REPRESENTATION_CONTEXT() REPRESENTATION_CONTEXT('2D SPACE',''
  ) );
#2730 = ORIENTED_EDGE('',*,*,#2731,.F.);
#2731 = EDGE_CURVE('',#2662,#2709,#2732,.T.);
#2732 = SURFACE_CURVE('',#2733,(#2737,#2743),.PCURVE_S1.);
#2733 = LINE('',#2734,#2735);
#2734 = CARTESIAN_POINT('',(-4.,-48.,15.797569854556));
#2735 = VECTOR('',#2736,1.);
#2736 = DIRECTION('',(-0.,0.,-1.));
#2737 = PCURVE('',#863,#2738);
#2738 = DEFINITIONAL_REPRESENTATION('',(#2739),#2742);
#2739 = B_SPLINE_CURVE_WITH_KNOTS('',1,(#2740,#2741),.UNSPECIFIED.,.F.,
  .F.,(2,2),(-30.20243014544,-15.79756985455),.PIECEWISE_BEZIER_KNOTS.);
#2740 = CARTESIAN_POINT('',(14.404860290888,-5.));
#2741 = CARTESIAN_POINT('',(0.,-5.));
#2742 = ( GEOMETRIC_REPRESENTATION_CONTEXT(2) 
PARAMETRIC_REPRESENTATION_CONTEXT() REPRESENTATION_CONTEXT('2D SPACE',''
  ) );
#2743 = PCURVE('',#1443,#2744);
#2744 = DEFINITIONAL_REPRESENTATION('',(#2745),#2748);
#2745 = B_SPLINE_CURVE_WITH_KNOTS('',1,(#2746,#2747),.UNSPECIFIED.,.F.,
  .F.,(2,2),(-30.20243014544,-15.79756985455),.PIECEWISE_BEZIER_KNOTS.);
#2746 = CARTESIAN_POINT('',(46.,37.5));
#2747 = CARTESIAN_POINT('',(31.595139709112,37.5));
#2748 = ( GEOMETRIC_REPRESENTATION_CONTEXT(2) 
PARAMETRIC_REPRESENTATION_CONTEXT() REPRESENTATION_CONTEXT('2D SPACE',''
  ) );
#2749 = ADVANCED_FACE('',(#2750),#838,.T.);
#2750 = FACE_BOUND('',#2751,.T.);
#2751 = EDGE_LOOP('',(#2752,#2775,#2776,#2777));
#2752 = ORIENTED_EDGE('',*,*,#2753,.F.);
#2753 = EDGE_CURVE('',#796,#2754,#2756,.T.);
#2754 = VERTEX_POINT('',#2755);
#2755 = CARTESIAN_POINT('',(-18.40486029088,-48.,31.595139709112));
#2756 = SURFACE_CURVE('',#2757,(#2761,#2768),.PCURVE_S1.);
#2757 = LINE('',#2758,#2759);
#2758 = CARTESIAN_POINT('',(-18.40486029088,-53.,31.595139709112));
#2759 = VECTOR('',#2760,1.);
#2760 = DIRECTION('',(-0.,1.,0.));
#2761 = PCURVE('',#838,#2762);
#2762 = DEFINITIONAL_REPRESENTATION('',(#2763),#2767);
#2763 = LINE('',#2764,#2765);
#2764 = CARTESIAN_POINT('',(0.,0.));
#2765 = VECTOR('',#2766,1.);
#2766 = DIRECTION('',(0.,1.));
#2767 = ( GEOMETRIC_REPRESENTATION_CONTEXT(2) 
PARAMETRIC_REPRESENTATION_CONTEXT() REPRESENTATION_CONTEXT('2D SPACE',''
  ) );
#2768 = PCURVE('',#811,#2769);
#2769 = DEFINITIONAL_REPRESENTATION('',(#2770),#2774);
#2770 = LINE('',#2771,#2772);
#2771 = CARTESIAN_POINT('',(0.,0.));
#2772 = VECTOR('',#2773,1.);
#2773 = DIRECTION('',(0.,-1.));
#2774 = ( GEOMETRIC_REPRESENTATION_CONTEXT(2) 
PARAMETRIC_REPRESENTATION_CONTEXT() REPRESENTATION_CONTEXT('2D SPACE',''
  ) );
#2775 = ORIENTED_EDGE('',*,*,#822,.T.);
#2776 = ORIENTED_EDGE('',*,*,#2708,.T.);
#2777 = ORIENTED_EDGE('',*,*,#2778,.F.);
#2778 = EDGE_CURVE('',#2754,#2709,#2779,.T.);
#2779 = SURFACE_CURVE('',#2780,(#2784,#2790),.PCURVE_S1.);
#2780 = LINE('',#2781,#2782);
#2781 = CARTESIAN_POINT('',(-29.95243014544,-48.,31.595139709112));
#2782 = VECTOR('',#2783,1.);
#2783 = DIRECTION('',(1.,0.,-0.));
#2784 = PCURVE('',#838,#2785);
#2785 = DEFINITIONAL_REPRESENTATION('',(#2786),#2789);
#2786 = B_SPLINE_CURVE_WITH_KNOTS('',1,(#2787,#2788),.UNSPECIFIED.,.F.,
  .F.,(2,2),(11.547569854556,25.952430145444),.PIECEWISE_BEZIER_KNOTS.);
#2787 = CARTESIAN_POINT('',(0.,5.));
#2788 = CARTESIAN_POINT('',(14.404860290888,5.));
#2789 = ( GEOMETRIC_REPRESENTATION_CONTEXT(2) 
PARAMETRIC_REPRESENTATION_CONTEXT() REPRESENTATION_CONTEXT('2D SPACE',''
  ) );
#2790 = PCURVE('',#1443,#2791);
#2791 = DEFINITIONAL_REPRESENTATION('',(#2792),#2795);
#2792 = B_SPLINE_CURVE_WITH_KNOTS('',1,(#2793,#2794),.UNSPECIFIED.,.F.,
  .F.,(2,2),(11.547569854556,25.952430145444),.PIECEWISE_BEZIER_KNOTS.);
#2793 = CARTESIAN_POINT('',(31.595139709112,23.095139709112));
#2794 = CARTESIAN_POINT('',(31.595139709112,37.5));
#2795 = ( GEOMETRIC_REPRESENTATION_CONTEXT(2) 
PARAMETRIC_REPRESENTATION_CONTEXT() REPRESENTATION_CONTEXT('2D SPACE',''
  ) );
#2796 = ADVANCED_FACE('',(#2797),#811,.T.);
#2797 = FACE_BOUND('',#2798,.T.);
#2798 = EDGE_LOOP('',(#2799,#2800,#2801,#2802));
#2799 = ORIENTED_EDGE('',*,*,#2637,.F.);
#2800 = ORIENTED_EDGE('',*,*,#795,.T.);
#2801 = ORIENTED_EDGE('',*,*,#2753,.T.);
#2802 = ORIENTED_EDGE('',*,*,#2803,.F.);
#2803 = EDGE_CURVE('',#2638,#2754,#2804,.T.);
#2804 = SURFACE_CURVE('',#2805,(#2809,#2815),.PCURVE_S1.);
#2805 = LINE('',#2806,#2807);
#2806 = CARTESIAN_POINT('',(-18.40486029088,-48.,15.797569854556));
#2807 = VECTOR('',#2808,1.);
#2808 = DIRECTION('',(-0.,0.,-1.));
#2809 = PCURVE('',#811,#2810);
#2810 = DEFINITIONAL_REPRESENTATION('',(#2811),#2814);
#2811 = B_SPLINE_CURVE_WITH_KNOTS('',1,(#2812,#2813),.UNSPECIFIED.,.F.,
  .F.,(2,2),(-30.20243014544,-15.79756985455),.PIECEWISE_BEZIER_KNOTS.);
#2812 = CARTESIAN_POINT('',(14.404860290888,-5.));
#2813 = CARTESIAN_POINT('',(0.,-5.));
#2814 = ( GEOMETRIC_REPRESENTATION_CONTEXT(2) 
PARAMETRIC_REPRESENTATION_CONTEXT() REPRESENTATION_CONTEXT('2D SPACE',''
  ) );
#2815 = PCURVE('',#1443,#2816);
#2816 = DEFINITIONAL_REPRESENTATION('',(#2817),#2820);
#2817 = B_SPLINE_CURVE_WITH_KNOTS('',1,(#2818,#2819),.UNSPECIFIED.,.F.,
  .F.,(2,2),(-30.20243014544,-15.79756985455),.PIECEWISE_BEZIER_KNOTS.);
#2818 = CARTESIAN_POINT('',(46.,23.095139709112));
#2819 = CARTESIAN_POINT('',(31.595139709112,23.095139709112));
#2820 = ( GEOMETRIC_REPRESENTATION_CONTEXT(2) 
PARAMETRIC_REPRESENTATION_CONTEXT() REPRESENTATION_CONTEXT('2D SPACE',''
  ) );
#2821 = ADVANCED_FACE('',(#2822),#894,.F.);
#2822 = FACE_BOUND('',#2823,.F.);
#2823 = EDGE_LOOP('',(#2824,#2847,#2848,#2871));
#2824 = ORIENTED_EDGE('',*,*,#2825,.F.);
#2825 = EDGE_CURVE('',#877,#2826,#2828,.T.);
#2826 = VERTEX_POINT('',#2827);
#2827 = CARTESIAN_POINT('',(-18.40486029088,-48.,68.404860290888));
#2828 = SURFACE_CURVE('',#2829,(#2833,#2840),.PCURVE_S1.);
#2829 = LINE('',#2830,#2831);
#2830 = CARTESIAN_POINT('',(-18.40486029088,-53.,68.404860290888));
#2831 = VECTOR('',#2832,1.);
#2832 = DIRECTION('',(-0.,1.,0.));
#2833 = PCURVE('',#894,#2834);
#2834 = DEFINITIONAL_REPRESENTATION('',(#2835),#2839);
#2835 = LINE('',#2836,#2837);
#2836 = CARTESIAN_POINT('',(0.,0.));
#2837 = VECTOR('',#2838,1.);
#2838 = DIRECTION('',(0.,1.));
#2839 = ( GEOMETRIC_REPRESENTATION_CONTEXT(2) 
PARAMETRIC_REPRESENTATION_CONTEXT() REPRESENTATION_CONTEXT('2D SPACE',''
  ) );
#2840 = PCURVE('',#921,#2841);
#2841 = DEFINITIONAL_REPRESENTATION('',(#2842),#2846);
#2842 = LINE('',#2843,#2844);
#2843 = CARTESIAN_POINT('',(14.404860290888,0.));
#2844 = VECTOR('',#2845,1.);
#2845 = DIRECTION('',(0.,-1.));
#2846 = ( GEOMETRIC_REPRESENTATION_CONTEXT(2) 
PARAMETRIC_REPRESENTATION_CONTEXT() REPRESENTATION_CONTEXT('2D SPACE',''
  ) );
#2847 = ORIENTED_EDGE('',*,*,#876,.T.);
#2848 = ORIENTED_EDGE('',*,*,#2849,.T.);
#2849 = EDGE_CURVE('',#879,#2850,#2852,.T.);
#2850 = VERTEX_POINT('',#2851);
#2851 = CARTESIAN_POINT('',(-4.,-48.,68.404860290888));
#2852 = SURFACE_CURVE('',#2853,(#2857,#2864),.PCURVE_S1.);
#2853 = LINE('',#2854,#2855);
#2854 = CARTESIAN_POINT('',(-4.,-53.,68.404860290888));
#2855 = VECTOR('',#2856,1.);
#2856 = DIRECTION('',(-0.,1.,0.));
#2857 = PCURVE('',#894,#2858);
#2858 = DEFINITIONAL_REPRESENTATION('',(#2859),#2863);
#2859 = LINE('',#2860,#2861);
#2860 = CARTESIAN_POINT('',(14.404860290888,0.));
#2861 = VECTOR('',#2862,1.);
#2862 = DIRECTION('',(0.,1.));
#2863 = ( GEOMETRIC_REPRESENTATION_CONTEXT(2) 
PARAMETRIC_REPRESENTATION_CONTEXT() REPRESENTATION_CONTEXT('2D SPACE',''
  ) );
#2864 = PCURVE('',#973,#2865);
#2865 = DEFINITIONAL_REPRESENTATION('',(#2866),#2870);
#2866 = LINE('',#2867,#2868);
#2867 = CARTESIAN_POINT('',(14.404860290888,0.));
#2868 = VECTOR('',#2869,1.);
#2869 = DIRECTION('',(0.,-1.));
#2870 = ( GEOMETRIC_REPRESENTATION_CONTEXT(2) 
PARAMETRIC_REPRESENTATION_CONTEXT() REPRESENTATION_CONTEXT('2D SPACE',''
  ) );
#2871 = ORIENTED_EDGE('',*,*,#2872,.F.);
#2872 = EDGE_CURVE('',#2826,#2850,#2873,.T.);
#2873 = SURFACE_CURVE('',#2874,(#2878,#2884),.PCURVE_S1.);
#2874 = LINE('',#2875,#2876);
#2875 = CARTESIAN_POINT('',(-29.95243014544,-48.,68.404860290888));
#2876 = VECTOR('',#2877,1.);
#2877 = DIRECTION('',(1.,0.,-0.));
#2878 = PCURVE('',#894,#2879);
#2879 = DEFINITIONAL_REPRESENTATION('',(#2880),#2883);
#2880 = B_SPLINE_CURVE_WITH_KNOTS('',1,(#2881,#2882),.UNSPECIFIED.,.F.,
  .F.,(2,2),(11.547569854556,25.952430145444),.PIECEWISE_BEZIER_KNOTS.);
#2881 = CARTESIAN_POINT('',(0.,5.));
#2882 = CARTESIAN_POINT('',(14.404860290888,5.));
#2883 = ( GEOMETRIC_REPRESENTATION_CONTEXT(2) 
PARAMETRIC_REPRESENTATION_CONTEXT() REPRESENTATION_CONTEXT('2D SPACE',''
  ) );
#2884 = PCURVE('',#1443,#2885);
#2885 = DEFINITIONAL_REPRESENTATION('',(#2886),#2889);
#2886 = B_SPLINE_CURVE_WITH_KNOTS('',1,(#2887,#2888),.UNSPECIFIED.,.F.,
  .F.,(2,2),(11.547569854556,25.952430145444),.PIECEWISE_BEZIER_KNOTS.);
#2887 = CARTESIAN_POINT('',(68.404860290888,23.095139709112));
#2888 = CARTESIAN_POINT('',(68.404860290888,37.5));
#2889 = ( GEOMETRIC_REPRESENTATION_CONTEXT(2) 
PARAMETRIC_REPRESENTATION_CONTEXT() REPRESENTATION_CONTEXT('2D SPACE',''
  ) );
#2890 = ADVANCED_FACE('',(#2891),#973,.F.);
#2891 = FACE_BOUND('',#2892,.F.);
#2892 = EDGE_LOOP('',(#2893,#2894,#2895,#2918));
#2893 = ORIENTED_EDGE('',*,*,#2849,.F.);
#2894 = ORIENTED_EDGE('',*,*,#959,.T.);
#2895 = ORIENTED_EDGE('',*,*,#2896,.T.);
#2896 = EDGE_CURVE('',#933,#2897,#2899,.T.);
#2897 = VERTEX_POINT('',#2898);
#2898 = CARTESIAN_POINT('',(-4.,-48.,54.));
#2899 = SURFACE_CURVE('',#2900,(#2904,#2911),.PCURVE_S1.);
#2900 = LINE('',#2901,#2902);
#2901 = CARTESIAN_POINT('',(-4.,-53.,54.));
#2902 = VECTOR('',#2903,1.);
#2903 = DIRECTION('',(-0.,1.,0.));
#2904 = PCURVE('',#973,#2905);
#2905 = DEFINITIONAL_REPRESENTATION('',(#2906),#2910);
#2906 = LINE('',#2907,#2908);
#2907 = CARTESIAN_POINT('',(0.,0.));
#2908 = VECTOR('',#2909,1.);
#2909 = DIRECTION('',(0.,-1.));
#2910 = ( GEOMETRIC_REPRESENTATION_CONTEXT(2) 
PARAMETRIC_REPRESENTATION_CONTEXT() REPRESENTATION_CONTEXT('2D SPACE',''
  ) );
#2911 = PCURVE('',#948,#2912);
#2912 = DEFINITIONAL_REPRESENTATION('',(#2913),#2917);
#2913 = LINE('',#2914,#2915);
#2914 = CARTESIAN_POINT('',(14.404860290888,0.));
#2915 = VECTOR('',#2916,1.);
#2916 = DIRECTION('',(0.,1.));
#2917 = ( GEOMETRIC_REPRESENTATION_CONTEXT(2) 
PARAMETRIC_REPRESENTATION_CONTEXT() REPRESENTATION_CONTEXT('2D SPACE',''
  ) );
#2918 = ORIENTED_EDGE('',*,*,#2919,.F.);
#2919 = EDGE_CURVE('',#2850,#2897,#2920,.T.);
#2920 = SURFACE_CURVE('',#2921,(#2925,#2931),.PCURVE_S1.);
#2921 = LINE('',#2922,#2923);
#2922 = CARTESIAN_POINT('',(-4.,-48.,27.));
#2923 = VECTOR('',#2924,1.);
#2924 = DIRECTION('',(-0.,0.,-1.));
#2925 = PCURVE('',#973,#2926);
#2926 = DEFINITIONAL_REPRESENTATION('',(#2927),#2930);
#2927 = B_SPLINE_CURVE_WITH_KNOTS('',1,(#2928,#2929),.UNSPECIFIED.,.F.,
  .F.,(2,2),(-41.40486029088,-27.),.PIECEWISE_BEZIER_KNOTS.);
#2928 = CARTESIAN_POINT('',(14.404860290888,-5.));
#2929 = CARTESIAN_POINT('',(0.,-5.));
#2930 = ( GEOMETRIC_REPRESENTATION_CONTEXT(2) 
PARAMETRIC_REPRESENTATION_CONTEXT() REPRESENTATION_CONTEXT('2D SPACE',''
  ) );
#2931 = PCURVE('',#1443,#2932);
#2932 = DEFINITIONAL_REPRESENTATION('',(#2933),#2936);
#2933 = B_SPLINE_CURVE_WITH_KNOTS('',1,(#2934,#2935),.UNSPECIFIED.,.F.,
  .F.,(2,2),(-41.40486029088,-27.),.PIECEWISE_BEZIER_KNOTS.);
#2934 = CARTESIAN_POINT('',(68.404860290888,37.5));
#2935 = CARTESIAN_POINT('',(54.,37.5));
#2936 = ( GEOMETRIC_REPRESENTATION_CONTEXT(2) 
PARAMETRIC_REPRESENTATION_CONTEXT() REPRESENTATION_CONTEXT('2D SPACE',''
  ) );
#2937 = ADVANCED_FACE('',(#2938),#948,.T.);
#2938 = FACE_BOUND('',#2939,.T.);
#2939 = EDGE_LOOP('',(#2940,#2963,#2964,#2965));
#2940 = ORIENTED_EDGE('',*,*,#2941,.F.);
#2941 = EDGE_CURVE('',#906,#2942,#2944,.T.);
#2942 = VERTEX_POINT('',#2943);
#2943 = CARTESIAN_POINT('',(-18.40486029088,-48.,54.));
#2944 = SURFACE_CURVE('',#2945,(#2949,#2956),.PCURVE_S1.);
#2945 = LINE('',#2946,#2947);
#2946 = CARTESIAN_POINT('',(-18.40486029088,-53.,54.));
#2947 = VECTOR('',#2948,1.);
#2948 = DIRECTION('',(-0.,1.,0.));
#2949 = PCURVE('',#948,#2950);
#2950 = DEFINITIONAL_REPRESENTATION('',(#2951),#2955);
#2951 = LINE('',#2952,#2953);
#2952 = CARTESIAN_POINT('',(0.,0.));
#2953 = VECTOR('',#2954,1.);
#2954 = DIRECTION('',(0.,1.));
#2955 = ( GEOMETRIC_REPRESENTATION_CONTEXT(2) 
PARAMETRIC_REPRESENTATION_CONTEXT() REPRESENTATION_CONTEXT('2D SPACE',''
  ) );
#2956 = PCURVE('',#921,#2957);
#2957 = DEFINITIONAL_REPRESENTATION('',(#2958),#2962);
#2958 = LINE('',#2959,#2960);
#2959 = CARTESIAN_POINT('',(0.,0.));
#2960 = VECTOR('',#2961,1.);
#2961 = DIRECTION('',(0.,-1.));
#2962 = ( GEOMETRIC_REPRESENTATION_CONTEXT(2) 
PARAMETRIC_REPRESENTATION_CONTEXT() REPRESENTATION_CONTEXT('2D SPACE',''
  ) );
#2963 = ORIENTED_EDGE('',*,*,#932,.T.);
#2964 = ORIENTED_EDGE('',*,*,#2896,.T.);
#2965 = ORIENTED_EDGE('',*,*,#2966,.F.);
#2966 = EDGE_CURVE('',#2942,#2897,#2967,.T.);
#2967 = SURFACE_CURVE('',#2968,(#2972,#2978),.PCURVE_S1.);
#2968 = LINE('',#2969,#2970);
#2969 = CARTESIAN_POINT('',(-29.95243014544,-48.,54.));
#2970 = VECTOR('',#2971,1.);
#2971 = DIRECTION('',(1.,0.,-0.));
#2972 = PCURVE('',#948,#2973);
#2973 = DEFINITIONAL_REPRESENTATION('',(#2974),#2977);
#2974 = B_SPLINE_CURVE_WITH_KNOTS('',1,(#2975,#2976),.UNSPECIFIED.,.F.,
  .F.,(2,2),(11.547569854556,25.952430145444),.PIECEWISE_BEZIER_KNOTS.);
#2975 = CARTESIAN_POINT('',(0.,5.));
#2976 = CARTESIAN_POINT('',(14.404860290888,5.));
#2977 = ( GEOMETRIC_REPRESENTATION_CONTEXT(2) 
PARAMETRIC_REPRESENTATION_CONTEXT() REPRESENTATION_CONTEXT('2D SPACE',''
  ) );
#2978 = PCURVE('',#1443,#2979);
#2979 = DEFINITIONAL_REPRESENTATION('',(#2980),#2983);
#2980 = B_SPLINE_CURVE_WITH_KNOTS('',1,(#2981,#2982),.UNSPECIFIED.,.F.,
  .F.,(2,2),(11.547569854556,25.952430145444),.PIECEWISE_BEZIER_KNOTS.);
#2981 = CARTESIAN_POINT('',(54.,23.095139709112));
#2982 = CARTESIAN_POINT('',(54.,37.5));
#2983 = ( GEOMETRIC_REPRESENTATION_CONTEXT(2) 
PARAMETRIC_REPRESENTATION_CONTEXT() REPRESENTATION_CONTEXT('2D SPACE',''
  ) );
#2984 = ADVANCED_FACE('',(#2985),#921,.T.);
#2985 = FACE_BOUND('',#2986,.T.);
#2986 = EDGE_LOOP('',(#2987,#2988,#2989,#2990));
#2987 = ORIENTED_EDGE('',*,*,#2825,.F.);
#2988 = ORIENTED_EDGE('',*,*,#905,.T.);
#2989 = ORIENTED_EDGE('',*,*,#2941,.T.);
#2990 = ORIENTED_EDGE('',*,*,#2991,.F.);
#2991 = EDGE_CURVE('',#2826,#2942,#2992,.T.);
#2992 = SURFACE_CURVE('',#2993,(#2997,#3003),.PCURVE_S1.);
#2993 = LINE('',#2994,#2995);
#2994 = CARTESIAN_POINT('',(-18.40486029088,-48.,27.));
#2995 = VECTOR('',#2996,1.);
#2996 = DIRECTION('',(-0.,0.,-1.));
#2997 = PCURVE('',#921,#2998);
#2998 = DEFINITIONAL_REPRESENTATION('',(#2999),#3002);
#2999 = B_SPLINE_CURVE_WITH_KNOTS('',1,(#3000,#3001),.UNSPECIFIED.,.F.,
  .F.,(2,2),(-41.40486029088,-27.),.PIECEWISE_BEZIER_KNOTS.);
#3000 = CARTESIAN_POINT('',(14.404860290888,-5.));
#3001 = CARTESIAN_POINT('',(0.,-5.));
#3002 = ( GEOMETRIC_REPRESENTATION_CONTEXT(2) 
PARAMETRIC_REPRESENTATION_CONTEXT() REPRESENTATION_CONTEXT('2D SPACE',''
  ) );
#3003 = PCURVE('',#1443,#3004);
#3004 = DEFINITIONAL_REPRESENTATION('',(#3005),#3008);
#3005 = B_SPLINE_CURVE_WITH_KNOTS('',1,(#3006,#3007),.UNSPECIFIED.,.F.,
  .F.,(2,2),(-41.40486029088,-27.),.PIECEWISE_BEZIER_KNOTS.);
#3006 = CARTESIAN_POINT('',(68.404860290888,23.095139709112));
#3007 = CARTESIAN_POINT('',(54.,23.095139709112));
#3008 = ( GEOMETRIC_REPRESENTATION_CONTEXT(2) 
PARAMETRIC_REPRESENTATION_CONTEXT() REPRESENTATION_CONTEXT('2D SPACE',''
  ) );
#3009 = ADVANCED_FACE('',(#3010),#1004,.F.);
#3010 = FACE_BOUND('',#3011,.F.);
#3011 = EDGE_LOOP('',(#3012,#3035,#3036,#3059));
#3012 = ORIENTED_EDGE('',*,*,#3013,.F.);
#3013 = EDGE_CURVE('',#987,#3014,#3016,.T.);
#3014 = VERTEX_POINT('',#3015);
#3015 = CARTESIAN_POINT('',(4.,-48.,46.));
#3016 = SURFACE_CURVE('',#3017,(#3021,#3028),.PCURVE_S1.);
#3017 = LINE('',#3018,#3019);
#3018 = CARTESIAN_POINT('',(4.,-53.,46.));
#3019 = VECTOR('',#3020,1.);
#3020 = DIRECTION('',(-0.,1.,0.));
#3021 = PCURVE('',#1004,#3022);
#3022 = DEFINITIONAL_REPRESENTATION('',(#3023),#3027);
#3023 = LINE('',#3024,#3025);
#3024 = CARTESIAN_POINT('',(0.,0.));
#3025 = VECTOR('',#3026,1.);
#3026 = DIRECTION('',(0.,1.));
#3027 = ( GEOMETRIC_REPRESENTATION_CONTEXT(2) 
PARAMETRIC_REPRESENTATION_CONTEXT() REPRESENTATION_CONTEXT('2D SPACE',''
  ) );
#3028 = PCURVE('',#1031,#3029);
#3029 = DEFINITIONAL_REPRESENTATION('',(#3030),#3034);
#3030 = LINE('',#3031,#3032);
#3031 = CARTESIAN_POINT('',(14.404860290888,0.));
#3032 = VECTOR('',#3033,1.);
#3033 = DIRECTION('',(0.,-1.));
#3034 = ( GEOMETRIC_REPRESENTATION_CONTEXT(2) 
PARAMETRIC_REPRESENTATION_CONTEXT() REPRESENTATION_CONTEXT('2D SPACE',''
  ) );
#3035 = ORIENTED_EDGE('',*,*,#986,.T.);
#3036 = ORIENTED_EDGE('',*,*,#3037,.T.);
#3037 = EDGE_CURVE('',#989,#3038,#3040,.T.);
#3038 = VERTEX_POINT('',#3039);
#3039 = CARTESIAN_POINT('',(18.404860290888,-48.,46.));
#3040 = SURFACE_CURVE('',#3041,(#3045,#3052),.PCURVE_S1.);
#3041 = LINE('',#3042,#3043);
#3042 = CARTESIAN_POINT('',(18.404860290888,-53.,46.));
#3043 = VECTOR('',#3044,1.);
#3044 = DIRECTION('',(-0.,1.,0.));
#3045 = PCURVE('',#1004,#3046);
#3046 = DEFINITIONAL_REPRESENTATION('',(#3047),#3051);
#3047 = LINE('',#3048,#3049);
#3048 = CARTESIAN_POINT('',(14.404860290888,0.));
#3049 = VECTOR('',#3050,1.);
#3050 = DIRECTION('',(0.,1.));
#3051 = ( GEOMETRIC_REPRESENTATION_CONTEXT(2) 
PARAMETRIC_REPRESENTATION_CONTEXT() REPRESENTATION_CONTEXT('2D SPACE',''
  ) );
#3052 = PCURVE('',#1083,#3053);
#3053 = DEFINITIONAL_REPRESENTATION('',(#3054),#3058);
#3054 = LINE('',#3055,#3056);
#3055 = CARTESIAN_POINT('',(14.404860290888,0.));
#3056 = VECTOR('',#3057,1.);
#3057 = DIRECTION('',(0.,-1.));
#3058 = ( GEOMETRIC_REPRESENTATION_CONTEXT(2) 
PARAMETRIC_REPRESENTATION_CONTEXT() REPRESENTATION_CONTEXT('2D SPACE',''
  ) );
#3059 = ORIENTED_EDGE('',*,*,#3060,.F.);
#3060 = EDGE_CURVE('',#3014,#3038,#3061,.T.);
#3061 = SURFACE_CURVE('',#3062,(#3066,#3072),.PCURVE_S1.);
#3062 = LINE('',#3063,#3064);
#3063 = CARTESIAN_POINT('',(-18.75,-48.,46.));
#3064 = VECTOR('',#3065,1.);
#3065 = DIRECTION('',(1.,0.,-0.));
#3066 = PCURVE('',#1004,#3067);
#3067 = DEFINITIONAL_REPRESENTATION('',(#3068),#3071);
#3068 = B_SPLINE_CURVE_WITH_KNOTS('',1,(#3069,#3070),.UNSPECIFIED.,.F.,
  .F.,(2,2),(22.75,37.154860290888),.PIECEWISE_BEZIER_KNOTS.);
#3069 = CARTESIAN_POINT('',(0.,5.));
#3070 = CARTESIAN_POINT('',(14.404860290888,5.));
#3071 = ( GEOMETRIC_REPRESENTATION_CONTEXT(2) 
PARAMETRIC_REPRESENTATION_CONTEXT() REPRESENTATION_CONTEXT('2D SPACE',''
  ) );
#3072 = PCURVE('',#1443,#3073);
#3073 = DEFINITIONAL_REPRESENTATION('',(#3074),#3077);
#3074 = B_SPLINE_CURVE_WITH_KNOTS('',1,(#3075,#3076),.UNSPECIFIED.,.F.,
  .F.,(2,2),(22.75,37.154860290888),.PIECEWISE_BEZIER_KNOTS.);
#3075 = CARTESIAN_POINT('',(46.,45.5));
#3076 = CARTESIAN_POINT('',(46.,59.904860290888));
#3077 = ( GEOMETRIC_REPRESENTATION_CONTEXT(2) 
PARAMETRIC_REPRESENTATION_CONTEXT() REPRESENTATION_CONTEXT('2D SPACE',''
  ) );
#3078 = ADVANCED_FACE('',(#3079),#1083,.F.);
#3079 = FACE_BOUND('',#3080,.F.);
#3080 = EDGE_LOOP('',(#3081,#3082,#3083,#3106));
#3081 = ORIENTED_EDGE('',*,*,#3037,.F.);
#3082 = ORIENTED_EDGE('',*,*,#1069,.T.);
#3083 = ORIENTED_EDGE('',*,*,#3084,.T.);
#3084 = EDGE_CURVE('',#1043,#3085,#3087,.T.);
#3085 = VERTEX_POINT('',#3086);
#3086 = CARTESIAN_POINT('',(18.404860290888,-48.,31.595139709112));
#3087 = SURFACE_CURVE('',#3088,(#3092,#3099),.PCURVE_S1.);
#3088 = LINE('',#3089,#3090);
#3089 = CARTESIAN_POINT('',(18.404860290888,-53.,31.595139709112));
#3090 = VECTOR('',#3091,1.);
#3091 = DIRECTION('',(-0.,1.,0.));
#3092 = PCURVE('',#1083,#3093);
#3093 = DEFINITIONAL_REPRESENTATION('',(#3094),#3098);
#3094 = LINE('',#3095,#3096);
#3095 = CARTESIAN_POINT('',(0.,0.));
#3096 = VECTOR('',#3097,1.);
#3097 = DIRECTION('',(0.,-1.));
#3098 = ( GEOMETRIC_REPRESENTATION_CONTEXT(2) 
PARAMETRIC_REPRESENTATION_CONTEXT() REPRESENTATION_CONTEXT('2D SPACE',''
  ) );
#3099 = PCURVE('',#1058,#3100);
#3100 = DEFINITIONAL_REPRESENTATION('',(#3101),#3105);
#3101 = LINE('',#3102,#3103);
#3102 = CARTESIAN_POINT('',(14.404860290888,0.));
#3103 = VECTOR('',#3104,1.);
#3104 = DIRECTION('',(0.,1.));
#3105 = ( GEOMETRIC_REPRESENTATION_CONTEXT(2) 
PARAMETRIC_REPRESENTATION_CONTEXT() REPRESENTATION_CONTEXT('2D SPACE',''
  ) );
#3106 = ORIENTED_EDGE('',*,*,#3107,.F.);
#3107 = EDGE_CURVE('',#3038,#3085,#3108,.T.);
#3108 = SURFACE_CURVE('',#3109,(#3113,#3119),.PCURVE_S1.);
#3109 = LINE('',#3110,#3111);
#3110 = CARTESIAN_POINT('',(18.404860290888,-48.,15.797569854556));
#3111 = VECTOR('',#3112,1.);
#3112 = DIRECTION('',(-0.,0.,-1.));
#3113 = PCURVE('',#1083,#3114);
#3114 = DEFINITIONAL_REPRESENTATION('',(#3115),#3118);
#3115 = B_SPLINE_CURVE_WITH_KNOTS('',1,(#3116,#3117),.UNSPECIFIED.,.F.,
  .F.,(2,2),(-30.20243014544,-15.79756985455),.PIECEWISE_BEZIER_KNOTS.);
#3116 = CARTESIAN_POINT('',(14.404860290888,-5.));
#3117 = CARTESIAN_POINT('',(0.,-5.));
#3118 = ( GEOMETRIC_REPRESENTATION_CONTEXT(2) 
PARAMETRIC_REPRESENTATION_CONTEXT() REPRESENTATION_CONTEXT('2D SPACE',''
  ) );
#3119 = PCURVE('',#1443,#3120);
#3120 = DEFINITIONAL_REPRESENTATION('',(#3121),#3124);
#3121 = B_SPLINE_CURVE_WITH_KNOTS('',1,(#3122,#3123),.UNSPECIFIED.,.F.,
  .F.,(2,2),(-30.20243014544,-15.79756985455),.PIECEWISE_BEZIER_KNOTS.);
#3122 = CARTESIAN_POINT('',(46.,59.904860290888));
#3123 = CARTESIAN_POINT('',(31.595139709112,59.904860290888));
#3124 = ( GEOMETRIC_REPRESENTATION_CONTEXT(2) 
PARAMETRIC_REPRESENTATION_CONTEXT() REPRESENTATION_CONTEXT('2D SPACE',''
  ) );
#3125 = ADVANCED_FACE('',(#3126),#1058,.T.);
#3126 = FACE_BOUND('',#3127,.T.);
#3127 = EDGE_LOOP('',(#3128,#3151,#3152,#3153));
#3128 = ORIENTED_EDGE('',*,*,#3129,.F.);
#3129 = EDGE_CURVE('',#1016,#3130,#3132,.T.);
#3130 = VERTEX_POINT('',#3131);
#3131 = CARTESIAN_POINT('',(4.,-48.,31.595139709112));
#3132 = SURFACE_CURVE('',#3133,(#3137,#3144),.PCURVE_S1.);
#3133 = LINE('',#3134,#3135);
#3134 = CARTESIAN_POINT('',(4.,-53.,31.595139709112));
#3135 = VECTOR('',#3136,1.);
#3136 = DIRECTION('',(-0.,1.,0.));
#3137 = PCURVE('',#1058,#3138);
#3138 = DEFINITIONAL_REPRESENTATION('',(#3139),#3143);
#3139 = LINE('',#3140,#3141);
#3140 = CARTESIAN_POINT('',(0.,0.));
#3141 = VECTOR('',#3142,1.);
#3142 = DIRECTION('',(0.,1.));
#3143 = ( GEOMETRIC_REPRESENTATION_CONTEXT(2) 
PARAMETRIC_REPRESENTATION_CONTEXT() REPRESENTATION_CONTEXT('2D SPACE',''
  ) );
#3144 = PCURVE('',#1031,#3145);
#3145 = DEFINITIONAL_REPRESENTATION('',(#3146),#3150);
#3146 = LINE('',#3147,#3148);
#3147 = CARTESIAN_POINT('',(0.,0.));
#3148 = VECTOR('',#3149,1.);
#3149 = DIRECTION('',(0.,-1.));
#3150 = ( GEOMETRIC_REPRESENTATION_CONTEXT(2) 
PARAMETRIC_REPRESENTATION_CONTEXT() REPRESENTATION_CONTEXT('2D SPACE',''
  ) );
#3151 = ORIENTED_EDGE('',*,*,#1042,.T.);
#3152 = ORIENTED_EDGE('',*,*,#3084,.T.);
#3153 = ORIENTED_EDGE('',*,*,#3154,.F.);
#3154 = EDGE_CURVE('',#3130,#3085,#3155,.T.);
#3155 = SURFACE_CURVE('',#3156,(#3160,#3166),.PCURVE_S1.);
#3156 = LINE('',#3157,#3158);
#3157 = CARTESIAN_POINT('',(-18.75,-48.,31.595139709112));
#3158 = VECTOR('',#3159,1.);
#3159 = DIRECTION('',(1.,0.,-0.));
#3160 = PCURVE('',#1058,#3161);
#3161 = DEFINITIONAL_REPRESENTATION('',(#3162),#3165);
#3162 = B_SPLINE_CURVE_WITH_KNOTS('',1,(#3163,#3164),.UNSPECIFIED.,.F.,
  .F.,(2,2),(22.75,37.154860290888),.PIECEWISE_BEZIER_KNOTS.);
#3163 = CARTESIAN_POINT('',(0.,5.));
#3164 = CARTESIAN_POINT('',(14.404860290888,5.));
#3165 = ( GEOMETRIC_REPRESENTATION_CONTEXT(2) 
PARAMETRIC_REPRESENTATION_CONTEXT() REPRESENTATION_CONTEXT('2D SPACE',''
  ) );
#3166 = PCURVE('',#1443,#3167);
#3167 = DEFINITIONAL_REPRESENTATION('',(#3168),#3171);
#3168 = B_SPLINE_CURVE_WITH_KNOTS('',1,(#3169,#3170),.UNSPECIFIED.,.F.,
  .F.,(2,2),(22.75,37.154860290888),.PIECEWISE_BEZIER_KNOTS.);
#3169 = CARTESIAN_POINT('',(31.595139709112,45.5));
#3170 = CARTESIAN_POINT('',(31.595139709112,59.904860290888));
#3171 = ( GEOMETRIC_REPRESENTATION_CONTEXT(2) 
PARAMETRIC_REPRESENTATION_CONTEXT() REPRESENTATION_CONTEXT('2D SPACE',''
  ) );
#3172 = ADVANCED_FACE('',(#3173),#1031,.T.);
#3173 = FACE_BOUND('',#3174,.T.);
#3174 = EDGE_LOOP('',(#3175,#3176,#3177,#3178));
#3175 = ORIENTED_EDGE('',*,*,#3013,.F.);
#3176 = ORIENTED_EDGE('',*,*,#1015,.T.);
#3177 = ORIENTED_EDGE('',*,*,#3129,.T.);
#3178 = ORIENTED_EDGE('',*,*,#3179,.F.);
#3179 = EDGE_CURVE('',#3014,#3130,#3180,.T.);
#3180 = SURFACE_CURVE('',#3181,(#3185,#3191),.PCURVE_S1.);
#3181 = LINE('',#3182,#3183);
#3182 = CARTESIAN_POINT('',(4.,-48.,15.797569854556));
#3183 = VECTOR('',#3184,1.);
#3184 = DIRECTION('',(-0.,0.,-1.));
#3185 = PCURVE('',#1031,#3186);
#3186 = DEFINITIONAL_REPRESENTATION('',(#3187),#3190);
#3187 = B_SPLINE_CURVE_WITH_KNOTS('',1,(#3188,#3189),.UNSPECIFIED.,.F.,
  .F.,(2,2),(-30.20243014544,-15.79756985455),.PIECEWISE_BEZIER_KNOTS.);
#3188 = CARTESIAN_POINT('',(14.404860290888,-5.));
#3189 = CARTESIAN_POINT('',(0.,-5.));
#3190 = ( GEOMETRIC_REPRESENTATION_CONTEXT(2) 
PARAMETRIC_REPRESENTATION_CONTEXT() REPRESENTATION_CONTEXT('2D SPACE',''
  ) );
#3191 = PCURVE('',#1443,#3192);
#3192 = DEFINITIONAL_REPRESENTATION('',(#3193),#3196);
#3193 = B_SPLINE_CURVE_WITH_KNOTS('',1,(#3194,#3195),.UNSPECIFIED.,.F.,
  .F.,(2,2),(-30.20243014544,-15.79756985455),.PIECEWISE_BEZIER_KNOTS.);
#3194 = CARTESIAN_POINT('',(46.,45.5));
#3195 = CARTESIAN_POINT('',(31.595139709112,45.5));
#3196 = ( GEOMETRIC_REPRESENTATION_CONTEXT(2) 
PARAMETRIC_REPRESENTATION_CONTEXT() REPRESENTATION_CONTEXT('2D SPACE',''
  ) );
#3197 = ADVANCED_FACE('',(#3198),#753,.F.);
#3198 = FACE_BOUND('',#3199,.F.);
#3199 = EDGE_LOOP('',(#3200,#3223,#3224,#3247));
#3200 = ORIENTED_EDGE('',*,*,#3201,.F.);
#3201 = EDGE_CURVE('',#657,#3202,#3204,.T.);
#3202 = VERTEX_POINT('',#3203);
#3203 = CARTESIAN_POINT('',(4.,-48.,68.404860290888));
#3204 = SURFACE_CURVE('',#3205,(#3209,#3216),.PCURVE_S1.);
#3205 = LINE('',#3206,#3207);
#3206 = CARTESIAN_POINT('',(4.,-53.,68.404860290888));
#3207 = VECTOR('',#3208,1.);
#3208 = DIRECTION('',(-0.,1.,0.));
#3209 = PCURVE('',#753,#3210);
#3210 = DEFINITIONAL_REPRESENTATION('',(#3211),#3215);
#3211 = LINE('',#3212,#3213);
#3212 = CARTESIAN_POINT('',(0.,0.));
#3213 = VECTOR('',#3214,1.);
#3214 = DIRECTION('',(0.,1.));
#3215 = ( GEOMETRIC_REPRESENTATION_CONTEXT(2) 
PARAMETRIC_REPRESENTATION_CONTEXT() REPRESENTATION_CONTEXT('2D SPACE',''
  ) );
#3216 = PCURVE('',#674,#3217);
#3217 = DEFINITIONAL_REPRESENTATION('',(#3218),#3222);
#3218 = LINE('',#3219,#3220);
#3219 = CARTESIAN_POINT('',(14.404860290888,0.));
#3220 = VECTOR('',#3221,1.);
#3221 = DIRECTION('',(0.,-1.));
#3222 = ( GEOMETRIC_REPRESENTATION_CONTEXT(2) 
PARAMETRIC_REPRESENTATION_CONTEXT() REPRESENTATION_CONTEXT('2D SPACE',''
  ) );
#3223 = ORIENTED_EDGE('',*,*,#739,.T.);
#3224 = ORIENTED_EDGE('',*,*,#3225,.T.);
#3225 = EDGE_CURVE('',#713,#3226,#3228,.T.);
#3226 = VERTEX_POINT('',#3227);
#3227 = CARTESIAN_POINT('',(18.404860290888,-48.,68.404860290888));
#3228 = SURFACE_CURVE('',#3229,(#3233,#3240),.PCURVE_S1.);
#3229 = LINE('',#3230,#3231);
#3230 = CARTESIAN_POINT('',(18.404860290888,-53.,68.404860290888));
#3231 = VECTOR('',#3232,1.);
#3232 = DIRECTION('',(-0.,1.,0.));
#3233 = PCURVE('',#753,#3234);
#3234 = DEFINITIONAL_REPRESENTATION('',(#3235),#3239);
#3235 = LINE('',#3236,#3237);
#3236 = CARTESIAN_POINT('',(14.404860290888,0.));
#3237 = VECTOR('',#3238,1.);
#3238 = DIRECTION('',(0.,1.));
#3239 = ( GEOMETRIC_REPRESENTATION_CONTEXT(2) 
PARAMETRIC_REPRESENTATION_CONTEXT() REPRESENTATION_CONTEXT('2D SPACE',''
  ) );
#3240 = PCURVE('',#728,#3241);
#3241 = DEFINITIONAL_REPRESENTATION('',(#3242),#3246);
#3242 = LINE('',#3243,#3244);
#3243 = CARTESIAN_POINT('',(14.404860290888,0.));
#3244 = VECTOR('',#3245,1.);
#3245 = DIRECTION('',(0.,-1.));
#3246 = ( GEOMETRIC_REPRESENTATION_CONTEXT(2) 
PARAMETRIC_REPRESENTATION_CONTEXT() REPRESENTATION_CONTEXT('2D SPACE',''
  ) );
#3247 = ORIENTED_EDGE('',*,*,#3248,.F.);
#3248 = EDGE_CURVE('',#3202,#3226,#3249,.T.);
#3249 = SURFACE_CURVE('',#3250,(#3254,#3260),.PCURVE_S1.);
#3250 = LINE('',#3251,#3252);
#3251 = CARTESIAN_POINT('',(-18.75,-48.,68.404860290888));
#3252 = VECTOR('',#3253,1.);
#3253 = DIRECTION('',(1.,0.,-0.));
#3254 = PCURVE('',#753,#3255);
#3255 = DEFINITIONAL_REPRESENTATION('',(#3256),#3259);
#3256 = B_SPLINE_CURVE_WITH_KNOTS('',1,(#3257,#3258),.UNSPECIFIED.,.F.,
  .F.,(2,2),(22.75,37.154860290888),.PIECEWISE_BEZIER_KNOTS.);
#3257 = CARTESIAN_POINT('',(0.,5.));
#3258 = CARTESIAN_POINT('',(14.404860290888,5.));
#3259 = ( GEOMETRIC_REPRESENTATION_CONTEXT(2) 
PARAMETRIC_REPRESENTATION_CONTEXT() REPRESENTATION_CONTEXT('2D SPACE',''
  ) );
#3260 = PCURVE('',#1443,#3261);
#3261 = DEFINITIONAL_REPRESENTATION('',(#3262),#3265);
#3262 = B_SPLINE_CURVE_WITH_KNOTS('',1,(#3263,#3264),.UNSPECIFIED.,.F.,
  .F.,(2,2),(22.75,37.154860290888),.PIECEWISE_BEZIER_KNOTS.);
#3263 = CARTESIAN_POINT('',(68.404860290888,45.5));
#3264 = CARTESIAN_POINT('',(68.404860290888,59.904860290888));
#3265 = ( GEOMETRIC_REPRESENTATION_CONTEXT(2) 
PARAMETRIC_REPRESENTATION_CONTEXT() REPRESENTATION_CONTEXT('2D SPACE',''
  ) );
#3266 = ADVANCED_FACE('',(#3267),#728,.F.);
#3267 = FACE_BOUND('',#3268,.F.);
#3268 = EDGE_LOOP('',(#3269,#3270,#3271,#3294));
#3269 = ORIENTED_EDGE('',*,*,#3225,.F.);
#3270 = ORIENTED_EDGE('',*,*,#712,.T.);
#3271 = ORIENTED_EDGE('',*,*,#3272,.T.);
#3272 = EDGE_CURVE('',#686,#3273,#3275,.T.);
#3273 = VERTEX_POINT('',#3274);
#3274 = CARTESIAN_POINT('',(18.404860290888,-48.,54.));
#3275 = SURFACE_CURVE('',#3276,(#3280,#3287),.PCURVE_S1.);
#3276 = LINE('',#3277,#3278);
#3277 = CARTESIAN_POINT('',(18.404860290888,-53.,54.));
#3278 = VECTOR('',#3279,1.);
#3279 = DIRECTION('',(-0.,1.,0.));
#3280 = PCURVE('',#728,#3281);
#3281 = DEFINITIONAL_REPRESENTATION('',(#3282),#3286);
#3282 = LINE('',#3283,#3284);
#3283 = CARTESIAN_POINT('',(0.,0.));
#3284 = VECTOR('',#3285,1.);
#3285 = DIRECTION('',(0.,-1.));
#3286 = ( GEOMETRIC_REPRESENTATION_CONTEXT(2) 
PARAMETRIC_REPRESENTATION_CONTEXT() REPRESENTATION_CONTEXT('2D SPACE',''
  ) );
#3287 = PCURVE('',#701,#3288);
#3288 = DEFINITIONAL_REPRESENTATION('',(#3289),#3293);
#3289 = LINE('',#3290,#3291);
#3290 = CARTESIAN_POINT('',(14.404860290888,0.));
#3291 = VECTOR('',#3292,1.);
#3292 = DIRECTION('',(0.,1.));
#3293 = ( GEOMETRIC_REPRESENTATION_CONTEXT(2) 
PARAMETRIC_REPRESENTATION_CONTEXT() REPRESENTATION_CONTEXT('2D SPACE',''
  ) );
#3294 = ORIENTED_EDGE('',*,*,#3295,.F.);
#3295 = EDGE_CURVE('',#3226,#3273,#3296,.T.);
#3296 = SURFACE_CURVE('',#3297,(#3301,#3307),.PCURVE_S1.);
#3297 = LINE('',#3298,#3299);
#3298 = CARTESIAN_POINT('',(18.404860290888,-48.,27.));
#3299 = VECTOR('',#3300,1.);
#3300 = DIRECTION('',(-0.,0.,-1.));
#3301 = PCURVE('',#728,#3302);
#3302 = DEFINITIONAL_REPRESENTATION('',(#3303),#3306);
#3303 = B_SPLINE_CURVE_WITH_KNOTS('',1,(#3304,#3305),.UNSPECIFIED.,.F.,
  .F.,(2,2),(-41.40486029088,-27.),.PIECEWISE_BEZIER_KNOTS.);
#3304 = CARTESIAN_POINT('',(14.404860290888,-5.));
#3305 = CARTESIAN_POINT('',(0.,-5.));
#3306 = ( GEOMETRIC_REPRESENTATION_CONTEXT(2) 
PARAMETRIC_REPRESENTATION_CONTEXT() REPRESENTATION_CONTEXT('2D SPACE',''
  ) );
#3307 = PCURVE('',#1443,#3308);
#3308 = DEFINITIONAL_REPRESENTATION('',(#3309),#3312);
#3309 = B_SPLINE_CURVE_WITH_KNOTS('',1,(#3310,#3311),.UNSPECIFIED.,.F.,
  .F.,(2,2),(-41.40486029088,-27.),.PIECEWISE_BEZIER_KNOTS.);
#3310 = CARTESIAN_POINT('',(68.404860290888,59.904860290888));
#3311 = CARTESIAN_POINT('',(54.,59.904860290888));
#3312 = ( GEOMETRIC_REPRESENTATION_CONTEXT(2) 
PARAMETRIC_REPRESENTATION_CONTEXT() REPRESENTATION_CONTEXT('2D SPACE',''
  ) );
#3313 = ADVANCED_FACE('',(#3314),#701,.T.);
#3314 = FACE_BOUND('',#3315,.T.);
#3315 = EDGE_LOOP('',(#3316,#3339,#3340,#3341));
#3316 = ORIENTED_EDGE('',*,*,#3317,.F.);
#3317 = EDGE_CURVE('',#659,#3318,#3320,.T.);
#3318 = VERTEX_POINT('',#3319);
#3319 = CARTESIAN_POINT('',(4.,-48.,54.));
#3320 = SURFACE_CURVE('',#3321,(#3325,#3332),.PCURVE_S1.);
#3321 = LINE('',#3322,#3323);
#3322 = CARTESIAN_POINT('',(4.,-53.,54.));
#3323 = VECTOR('',#3324,1.);
#3324 = DIRECTION('',(-0.,1.,0.));
#3325 = PCURVE('',#701,#3326);
#3326 = DEFINITIONAL_REPRESENTATION('',(#3327),#3331);
#3327 = LINE('',#3328,#3329);
#3328 = CARTESIAN_POINT('',(0.,0.));
#3329 = VECTOR('',#3330,1.);
#3330 = DIRECTION('',(0.,1.));
#3331 = ( GEOMETRIC_REPRESENTATION_CONTEXT(2) 
PARAMETRIC_REPRESENTATION_CONTEXT() REPRESENTATION_CONTEXT('2D SPACE',''
  ) );
#3332 = PCURVE('',#674,#3333);
#3333 = DEFINITIONAL_REPRESENTATION('',(#3334),#3338);
#3334 = LINE('',#3335,#3336);
#3335 = CARTESIAN_POINT('',(0.,0.));
#3336 = VECTOR('',#3337,1.);
#3337 = DIRECTION('',(0.,-1.));
#3338 = ( GEOMETRIC_REPRESENTATION_CONTEXT(2) 
PARAMETRIC_REPRESENTATION_CONTEXT() REPRESENTATION_CONTEXT('2D SPACE',''
  ) );
#3339 = ORIENTED_EDGE('',*,*,#685,.T.);
#3340 = ORIENTED_EDGE('',*,*,#3272,.T.);
#3341 = ORIENTED_EDGE('',*,*,#3342,.F.);
#3342 = EDGE_CURVE('',#3318,#3273,#3343,.T.);
#3343 = SURFACE_CURVE('',#3344,(#3348,#3354),.PCURVE_S1.);
#3344 = LINE('',#3345,#3346);
#3345 = CARTESIAN_POINT('',(-18.75,-48.,54.));
#3346 = VECTOR('',#3347,1.);
#3347 = DIRECTION('',(1.,0.,-0.));
#3348 = PCURVE('',#701,#3349);
#3349 = DEFINITIONAL_REPRESENTATION('',(#3350),#3353);
#3350 = B_SPLINE_CURVE_WITH_KNOTS('',1,(#3351,#3352),.UNSPECIFIED.,.F.,
  .F.,(2,2),(22.75,37.154860290888),.PIECEWISE_BEZIER_KNOTS.);
#3351 = CARTESIAN_POINT('',(0.,5.));
#3352 = CARTESIAN_POINT('',(14.404860290888,5.));
#3353 = ( GEOMETRIC_REPRESENTATION_CONTEXT(2) 
PARAMETRIC_REPRESENTATION_CONTEXT() REPRESENTATION_CONTEXT('2D SPACE',''
  ) );
#3354 = PCURVE('',#1443,#3355);
#3355 = DEFINITIONAL_REPRESENTATION('',(#3356),#3359);
#3356 = B_SPLINE_CURVE_WITH_KNOTS('',1,(#3357,#3358),.UNSPECIFIED.,.F.,
  .F.,(2,2),(22.75,37.154860290888),.PIECEWISE_BEZIER_KNOTS.);
#3357 = CARTESIAN_POINT('',(54.,45.5));
#3358 = CARTESIAN_POINT('',(54.,59.904860290888));
#3359 = ( GEOMETRIC_REPRESENTATION_CONTEXT(2) 
PARAMETRIC_REPRESENTATION_CONTEXT() REPRESENTATION_CONTEXT('2D SPACE',''
  ) );
#3360 = ADVANCED_FACE('',(#3361),#674,.T.);
#3361 = FACE_BOUND('',#3362,.T.);
#3362 = EDGE_LOOP('',(#3363,#3364,#3365,#3366));
#3363 = ORIENTED_EDGE('',*,*,#3201,.F.);
#3364 = ORIENTED_EDGE('',*,*,#656,.T.);
#3365 = ORIENTED_EDGE('',*,*,#3317,.T.);
#3366 = ORIENTED_EDGE('',*,*,#3367,.F.);
#3367 = EDGE_CURVE('',#3202,#3318,#3368,.T.);
#3368 = SURFACE_CURVE('',#3369,(#3373,#3379),.PCURVE_S1.);
#3369 = LINE('',#3370,#3371);
#3370 = CARTESIAN_POINT('',(4.,-48.,27.));
#3371 = VECTOR('',#3372,1.);
#3372 = DIRECTION('',(-0.,0.,-1.));
#3373 = PCURVE('',#674,#3374);
#3374 = DEFINITIONAL_REPRESENTATION('',(#3375),#3378);
#3375 = B_SPLINE_CURVE_WITH_KNOTS('',1,(#3376,#3377),.UNSPECIFIED.,.F.,
  .F.,(2,2),(-41.40486029088,-27.),.PIECEWISE_BEZIER_KNOTS.);
#3376 = CARTESIAN_POINT('',(14.404860290888,-5.));
#3377 = CARTESIAN_POINT('',(0.,-5.));
#3378 = ( GEOMETRIC_REPRESENTATION_CONTEXT(2) 
PARAMETRIC_REPRESENTATION_CONTEXT() REPRESENTATION_CONTEXT('2D SPACE',''
  ) );
#3379 = PCURVE('',#1443,#3380);
#3380 = DEFINITIONAL_REPRESENTATION('',(#3381),#3384);
#3381 = B_SPLINE_CURVE_WITH_KNOTS('',1,(#3382,#3383),.UNSPECIFIED.,.F.,
  .F.,(2,2),(-41.40486029088,-27.),.PIECEWISE_BEZIER_KNOTS.);
#3382 = CARTESIAN_POINT('',(68.404860290888,45.5));
#3383 = CARTESIAN_POINT('',(54.,45.5));
#3384 = ( GEOMETRIC_REPRESENTATION_CONTEXT(2) 
PARAMETRIC_REPRESENTATION_CONTEXT() REPRESENTATION_CONTEXT('2D SPACE',''
  ) );
#3385 = ADVANCED_FACE('',(#3386,#3412,#3418,#3424,#3430),#1191,.T.);
#3386 = FACE_BOUND('',#3387,.T.);
#3387 = EDGE_LOOP('',(#3388,#3389,#3390,#3411));
#3388 = ORIENTED_EDGE('',*,*,#1812,.F.);
#3389 = ORIENTED_EDGE('',*,*,#1557,.T.);
#3390 = ORIENTED_EDGE('',*,*,#3391,.T.);
#3391 = EDGE_CURVE('',#1558,#1176,#3392,.T.);
#3392 = SURFACE_CURVE('',#3393,(#3397,#3404),.PCURVE_S1.);
#3393 = LINE('',#3394,#3395);
#3394 = CARTESIAN_POINT('',(-48.,41.5,0.));
#3395 = VECTOR('',#3396,1.);
#3396 = DIRECTION('',(0.,0.,1.));
#3397 = PCURVE('',#1191,#3398);
#3398 = DEFINITIONAL_REPRESENTATION('',(#3399),#3403);
#3399 = LINE('',#3400,#3401);
#3400 = CARTESIAN_POINT('',(0.,-83.));
#3401 = VECTOR('',#3402,1.);
#3402 = DIRECTION('',(1.,0.));
#3403 = ( GEOMETRIC_REPRESENTATION_CONTEXT(2) 
PARAMETRIC_REPRESENTATION_CONTEXT() REPRESENTATION_CONTEXT('2D SPACE',''
  ) );
#3404 = PCURVE('',#1219,#3405);
#3405 = DEFINITIONAL_REPRESENTATION('',(#3406),#3410);
#3406 = LINE('',#3407,#3408);
#3407 = CARTESIAN_POINT('',(0.,2.));
#3408 = VECTOR('',#3409,1.);
#3409 = DIRECTION('',(1.,0.));
#3410 = ( GEOMETRIC_REPRESENTATION_CONTEXT(2) 
PARAMETRIC_REPRESENTATION_CONTEXT() REPRESENTATION_CONTEXT('2D SPACE',''
  ) );
#3411 = ORIENTED_EDGE('',*,*,#1175,.F.);
#3412 = FACE_BOUND('',#3413,.T.);
#3413 = EDGE_LOOP('',(#3414,#3415,#3416,#3417));
#3414 = ORIENTED_EDGE('',*,*,#1908,.T.);
#3415 = ORIENTED_EDGE('',*,*,#2049,.T.);
#3416 = ORIENTED_EDGE('',*,*,#2024,.F.);
#3417 = ORIENTED_EDGE('',*,*,#1977,.F.);
#3418 = FACE_BOUND('',#3419,.T.);
#3419 = EDGE_LOOP('',(#3420,#3421,#3422,#3423));
#3420 = ORIENTED_EDGE('',*,*,#2096,.T.);
#3421 = ORIENTED_EDGE('',*,*,#2237,.T.);
#3422 = ORIENTED_EDGE('',*,*,#2212,.F.);
#3423 = ORIENTED_EDGE('',*,*,#2165,.F.);
#3424 = FACE_BOUND('',#3425,.T.);
#3425 = EDGE_LOOP('',(#3426,#3427,#3428,#3429));
#3426 = ORIENTED_EDGE('',*,*,#2284,.T.);
#3427 = ORIENTED_EDGE('',*,*,#2425,.T.);
#3428 = ORIENTED_EDGE('',*,*,#2400,.F.);
#3429 = ORIENTED_EDGE('',*,*,#2353,.F.);
#3430 = FACE_BOUND('',#3431,.T.);
#3431 = EDGE_LOOP('',(#3432,#3433,#3434,#3435));
#3432 = ORIENTED_EDGE('',*,*,#2472,.T.);
#3433 = ORIENTED_EDGE('',*,*,#2613,.T.);
#3434 = ORIENTED_EDGE('',*,*,#2588,.F.);
#3435 = ORIENTED_EDGE('',*,*,#2541,.F.);
#3436 = ADVANCED_FACE('',(#3437,#3463,#3469,#3475,#3481),#1443,.T.);
#3437 = FACE_BOUND('',#3438,.T.);
#3438 = EDGE_LOOP('',(#3439,#3440,#3441,#3442));
#3439 = ORIENTED_EDGE('',*,*,#1764,.F.);
#3440 = ORIENTED_EDGE('',*,*,#1858,.T.);
#3441 = ORIENTED_EDGE('',*,*,#1427,.T.);
#3442 = ORIENTED_EDGE('',*,*,#3443,.F.);
#3443 = EDGE_CURVE('',#1742,#1400,#3444,.T.);
#3444 = SURFACE_CURVE('',#3445,(#3449,#3456),.PCURVE_S1.);
#3445 = LINE('',#3446,#3447);
#3446 = CARTESIAN_POINT('',(41.5,-48.,0.));
#3447 = VECTOR('',#3448,1.);
#3448 = DIRECTION('',(0.,0.,1.));
#3449 = PCURVE('',#1443,#3450);
#3450 = DEFINITIONAL_REPRESENTATION('',(#3451),#3455);
#3451 = LINE('',#3452,#3453);
#3452 = CARTESIAN_POINT('',(0.,83.));
#3453 = VECTOR('',#3454,1.);
#3454 = DIRECTION('',(1.,0.));
#3455 = ( GEOMETRIC_REPRESENTATION_CONTEXT(2) 
PARAMETRIC_REPRESENTATION_CONTEXT() REPRESENTATION_CONTEXT('2D SPACE',''
  ) );
#3456 = PCURVE('',#1415,#3457);
#3457 = DEFINITIONAL_REPRESENTATION('',(#3458),#3462);
#3458 = LINE('',#3459,#3460);
#3459 = CARTESIAN_POINT('',(0.,-2.));
#3460 = VECTOR('',#3461,1.);
#3461 = DIRECTION('',(1.,0.));
#3462 = ( GEOMETRIC_REPRESENTATION_CONTEXT(2) 
PARAMETRIC_REPRESENTATION_CONTEXT() REPRESENTATION_CONTEXT('2D SPACE',''
  ) );
#3463 = FACE_BOUND('',#3464,.T.);
#3464 = EDGE_LOOP('',(#3465,#3466,#3467,#3468));
#3465 = ORIENTED_EDGE('',*,*,#2684,.F.);
#3466 = ORIENTED_EDGE('',*,*,#2803,.T.);
#3467 = ORIENTED_EDGE('',*,*,#2778,.T.);
#3468 = ORIENTED_EDGE('',*,*,#2731,.F.);
#3469 = FACE_BOUND('',#3470,.T.);
#3470 = EDGE_LOOP('',(#3471,#3472,#3473,#3474));
#3471 = ORIENTED_EDGE('',*,*,#2872,.F.);
#3472 = ORIENTED_EDGE('',*,*,#2991,.T.);
#3473 = ORIENTED_EDGE('',*,*,#2966,.T.);
#3474 = ORIENTED_EDGE('',*,*,#2919,.F.);
#3475 = FACE_BOUND('',#3476,.T.);
#3476 = EDGE_LOOP('',(#3477,#3478,#3479,#3480));
#3477 = ORIENTED_EDGE('',*,*,#3060,.F.);
#3478 = ORIENTED_EDGE('',*,*,#3179,.T.);
#3479 = ORIENTED_EDGE('',*,*,#3154,.T.);
#3480 = ORIENTED_EDGE('',*,*,#3107,.F.);
#3481 = FACE_BOUND('',#3482,.T.);
#3482 = EDGE_LOOP('',(#3483,#3484,#3485,#3486));
#3483 = ORIENTED_EDGE('',*,*,#3248,.F.);
#3484 = ORIENTED_EDGE('',*,*,#3367,.T.);
#3485 = ORIENTED_EDGE('',*,*,#3342,.T.);
#3486 = ORIENTED_EDGE('',*,*,#3295,.F.);
#3487 = ADVANCED_FACE('',(#3488,#3514,#3624,#3734,#3844),#100,.T.);
#3488 = FACE_BOUND('',#3489,.T.);
#3489 = EDGE_LOOP('',(#3490,#3491,#3492,#3493));
#3490 = ORIENTED_EDGE('',*,*,#1508,.F.);
#3491 = ORIENTED_EDGE('',*,*,#84,.T.);
#3492 = ORIENTED_EDGE('',*,*,#1122,.F.);
#3493 = ORIENTED_EDGE('',*,*,#3494,.F.);
#3494 = EDGE_CURVE('',#1486,#1100,#3495,.T.);
#3495 = SURFACE_CURVE('',#3496,(#3500,#3507),.PCURVE_S1.);
#3496 = LINE('',#3497,#3498);
#3497 = CARTESIAN_POINT('',(50.,50.,0.));
#3498 = VECTOR('',#3499,1.);
#3499 = DIRECTION('',(0.,0.,1.));
#3500 = PCURVE('',#100,#3501);
#3501 = DEFINITIONAL_REPRESENTATION('',(#3502),#3506);
#3502 = LINE('',#3503,#3504);
#3503 = CARTESIAN_POINT('',(0.,100.));
#3504 = VECTOR('',#3505,1.);
#3505 = DIRECTION('',(1.,0.));
#3506 = ( GEOMETRIC_REPRESENTATION_CONTEXT(2) 
PARAMETRIC_REPRESENTATION_CONTEXT() REPRESENTATION_CONTEXT('2D SPACE',''
  ) );
#3507 = PCURVE('',#642,#3508);
#3508 = DEFINITIONAL_REPRESENTATION('',(#3509),#3513);
#3509 = LINE('',#3510,#3511);
#3510 = CARTESIAN_POINT('',(0.,-100.));
#3511 = VECTOR('',#3512,1.);
#3512 = DIRECTION('',(1.,0.));
#3513 = ( GEOMETRIC_REPRESENTATION_CONTEXT(2) 
PARAMETRIC_REPRESENTATION_CONTEXT() REPRESENTATION_CONTEXT('2D SPACE',''
  ) );
#3514 = FACE_BOUND('',#3515,.T.);
#3515 = EDGE_LOOP('',(#3516,#3545,#3572,#3599));
#3516 = ORIENTED_EDGE('',*,*,#3517,.T.);
#3517 = EDGE_CURVE('',#3518,#3520,#3522,.T.);
#3518 = VERTEX_POINT('',#3519);
#3519 = CARTESIAN_POINT('',(4.,50.,68.404860290888));
#3520 = VERTEX_POINT('',#3521);
#3521 = CARTESIAN_POINT('',(4.,50.,54.));
#3522 = SURFACE_CURVE('',#3523,(#3527,#3534),.PCURVE_S1.);
#3523 = LINE('',#3524,#3525);
#3524 = CARTESIAN_POINT('',(4.,50.,27.));
#3525 = VECTOR('',#3526,1.);
#3526 = DIRECTION('',(-0.,0.,-1.));
#3527 = PCURVE('',#100,#3528);
#3528 = DEFINITIONAL_REPRESENTATION('',(#3529),#3533);
#3529 = LINE('',#3530,#3531);
#3530 = CARTESIAN_POINT('',(27.,54.));
#3531 = VECTOR('',#3532,1.);
#3532 = DIRECTION('',(-1.,0.));
#3533 = ( GEOMETRIC_REPRESENTATION_CONTEXT(2) 
PARAMETRIC_REPRESENTATION_CONTEXT() REPRESENTATION_CONTEXT('2D SPACE',''
  ) );
#3534 = PCURVE('',#3535,#3540);
#3535 = PLANE('',#3536);
#3536 = AXIS2_PLACEMENT_3D('',#3537,#3538,#3539);
#3537 = CARTESIAN_POINT('',(4.,45.,54.));
#3538 = DIRECTION('',(1.,0.,-0.));
#3539 = DIRECTION('',(0.,0.,1.));
#3540 = DEFINITIONAL_REPRESENTATION('',(#3541),#3544);
#3541 = B_SPLINE_CURVE_WITH_KNOTS('',1,(#3542,#3543),.UNSPECIFIED.,.F.,
  .F.,(2,2),(-41.40486029088,-27.),.PIECEWISE_BEZIER_KNOTS.);
#3542 = CARTESIAN_POINT('',(14.404860290888,-5.));
#3543 = CARTESIAN_POINT('',(0.,-5.));
#3544 = ( GEOMETRIC_REPRESENTATION_CONTEXT(2) 
PARAMETRIC_REPRESENTATION_CONTEXT() REPRESENTATION_CONTEXT('2D SPACE',''
  ) );
#3545 = ORIENTED_EDGE('',*,*,#3546,.T.);
#3546 = EDGE_CURVE('',#3520,#3547,#3549,.T.);
#3547 = VERTEX_POINT('',#3548);
#3548 = CARTESIAN_POINT('',(18.404860290888,50.,54.));
#3549 = SURFACE_CURVE('',#3550,(#3554,#3561),.PCURVE_S1.);
#3550 = LINE('',#3551,#3552);
#3551 = CARTESIAN_POINT('',(-18.75,50.,54.));
#3552 = VECTOR('',#3553,1.);
#3553 = DIRECTION('',(1.,0.,-0.));
#3554 = PCURVE('',#100,#3555);
#3555 = DEFINITIONAL_REPRESENTATION('',(#3556),#3560);
#3556 = LINE('',#3557,#3558);
#3557 = CARTESIAN_POINT('',(54.,31.25));
#3558 = VECTOR('',#3559,1.);
#3559 = DIRECTION('',(0.,1.));
#3560 = ( GEOMETRIC_REPRESENTATION_CONTEXT(2) 
PARAMETRIC_REPRESENTATION_CONTEXT() REPRESENTATION_CONTEXT('2D SPACE',''
  ) );
#3561 = PCURVE('',#3562,#3567);
#3562 = PLANE('',#3563);
#3563 = AXIS2_PLACEMENT_3D('',#3564,#3565,#3566);
#3564 = CARTESIAN_POINT('',(4.,45.,54.));
#3565 = DIRECTION('',(0.,0.,1.));
#3566 = DIRECTION('',(1.,0.,-0.));
#3567 = DEFINITIONAL_REPRESENTATION('',(#3568),#3571);
#3568 = B_SPLINE_CURVE_WITH_KNOTS('',1,(#3569,#3570),.UNSPECIFIED.,.F.,
  .F.,(2,2),(22.75,37.154860290888),.PIECEWISE_BEZIER_KNOTS.);
#3569 = CARTESIAN_POINT('',(0.,5.));
#3570 = CARTESIAN_POINT('',(14.404860290888,5.));
#3571 = ( GEOMETRIC_REPRESENTATION_CONTEXT(2) 
PARAMETRIC_REPRESENTATION_CONTEXT() REPRESENTATION_CONTEXT('2D SPACE',''
  ) );
#3572 = ORIENTED_EDGE('',*,*,#3573,.F.);
#3573 = EDGE_CURVE('',#3574,#3547,#3576,.T.);
#3574 = VERTEX_POINT('',#3575);
#3575 = CARTESIAN_POINT('',(18.404860290888,50.,68.404860290888));
#3576 = SURFACE_CURVE('',#3577,(#3581,#3588),.PCURVE_S1.);
#3577 = LINE('',#3578,#3579);
#3578 = CARTESIAN_POINT('',(18.404860290888,50.,27.));
#3579 = VECTOR('',#3580,1.);
#3580 = DIRECTION('',(-0.,0.,-1.));
#3581 = PCURVE('',#100,#3582);
#3582 = DEFINITIONAL_REPRESENTATION('',(#3583),#3587);
#3583 = LINE('',#3584,#3585);
#3584 = CARTESIAN_POINT('',(27.,68.404860290888));
#3585 = VECTOR('',#3586,1.);
#3586 = DIRECTION('',(-1.,0.));
#3587 = ( GEOMETRIC_REPRESENTATION_CONTEXT(2) 
PARAMETRIC_REPRESENTATION_CONTEXT() REPRESENTATION_CONTEXT('2D SPACE',''
  ) );
#3588 = PCURVE('',#3589,#3594);
#3589 = PLANE('',#3590);
#3590 = AXIS2_PLACEMENT_3D('',#3591,#3592,#3593);
#3591 = CARTESIAN_POINT('',(18.404860290888,45.,54.));
#3592 = DIRECTION('',(1.,0.,-0.));
#3593 = DIRECTION('',(0.,0.,1.));
#3594 = DEFINITIONAL_REPRESENTATION('',(#3595),#3598);
#3595 = B_SPLINE_CURVE_WITH_KNOTS('',1,(#3596,#3597),.UNSPECIFIED.,.F.,
  .F.,(2,2),(-41.40486029088,-27.),.PIECEWISE_BEZIER_KNOTS.);
#3596 = CARTESIAN_POINT('',(14.404860290888,-5.));
#3597 = CARTESIAN_POINT('',(0.,-5.));
#3598 = ( GEOMETRIC_REPRESENTATION_CONTEXT(2) 
PARAMETRIC_REPRESENTATION_CONTEXT() REPRESENTATION_CONTEXT('2D SPACE',''
  ) );
#3599 = ORIENTED_EDGE('',*,*,#3600,.F.);
#3600 = EDGE_CURVE('',#3518,#3574,#3601,.T.);
#3601 = SURFACE_CURVE('',#3602,(#3606,#3613),.PCURVE_S1.);
#3602 = LINE('',#3603,#3604);
#3603 = CARTESIAN_POINT('',(-18.75,50.,68.404860290888));
#3604 = VECTOR('',#3605,1.);
#3605 = DIRECTION('',(1.,0.,-0.));
#3606 = PCURVE('',#100,#3607);
#3607 = DEFINITIONAL_REPRESENTATION('',(#3608),#3612);
#3608 = LINE('',#3609,#3610);
#3609 = CARTESIAN_POINT('',(68.404860290888,31.25));
#3610 = VECTOR('',#3611,1.);
#3611 = DIRECTION('',(0.,1.));
#3612 = ( GEOMETRIC_REPRESENTATION_CONTEXT(2) 
PARAMETRIC_REPRESENTATION_CONTEXT() REPRESENTATION_CONTEXT('2D SPACE',''
  ) );
#3613 = PCURVE('',#3614,#3619);
#3614 = PLANE('',#3615);
#3615 = AXIS2_PLACEMENT_3D('',#3616,#3617,#3618);
#3616 = CARTESIAN_POINT('',(4.,45.,68.404860290888));
#3617 = DIRECTION('',(0.,0.,1.));
#3618 = DIRECTION('',(1.,0.,-0.));
#3619 = DEFINITIONAL_REPRESENTATION('',(#3620),#3623);
#3620 = B_SPLINE_CURVE_WITH_KNOTS('',1,(#3621,#3622),.UNSPECIFIED.,.F.,
  .F.,(2,2),(22.75,37.154860290888),.PIECEWISE_BEZIER_KNOTS.);
#3621 = CARTESIAN_POINT('',(0.,5.));
#3622 = CARTESIAN_POINT('',(14.404860290888,5.));
#3623 = ( GEOMETRIC_REPRESENTATION_CONTEXT(2) 
PARAMETRIC_REPRESENTATION_CONTEXT() REPRESENTATION_CONTEXT('2D SPACE',''
  ) );
#3624 = FACE_BOUND('',#3625,.T.);
#3625 = EDGE_LOOP('',(#3626,#3655,#3682,#3709));
#3626 = ORIENTED_EDGE('',*,*,#3627,.F.);
#3627 = EDGE_CURVE('',#3628,#3630,#3632,.T.);
#3628 = VERTEX_POINT('',#3629);
#3629 = CARTESIAN_POINT('',(-18.40486029088,50.,46.));
#3630 = VERTEX_POINT('',#3631);
#3631 = CARTESIAN_POINT('',(-4.,50.,46.));
#3632 = SURFACE_CURVE('',#3633,(#3637,#3644),.PCURVE_S1.);
#3633 = LINE('',#3634,#3635);
#3634 = CARTESIAN_POINT('',(-29.95243014544,50.,46.));
#3635 = VECTOR('',#3636,1.);
#3636 = DIRECTION('',(1.,0.,-0.));
#3637 = PCURVE('',#100,#3638);
#3638 = DEFINITIONAL_REPRESENTATION('',(#3639),#3643);
#3639 = LINE('',#3640,#3641);
#3640 = CARTESIAN_POINT('',(46.,20.047569854556));
#3641 = VECTOR('',#3642,1.);
#3642 = DIRECTION('',(0.,1.));
#3643 = ( GEOMETRIC_REPRESENTATION_CONTEXT(2) 
PARAMETRIC_REPRESENTATION_CONTEXT() REPRESENTATION_CONTEXT('2D SPACE',''
  ) );
#3644 = PCURVE('',#3645,#3650);
#3645 = PLANE('',#3646);
#3646 = AXIS2_PLACEMENT_3D('',#3647,#3648,#3649);
#3647 = CARTESIAN_POINT('',(-18.40486029088,45.,46.));
#3648 = DIRECTION('',(0.,0.,1.));
#3649 = DIRECTION('',(1.,0.,-0.));
#3650 = DEFINITIONAL_REPRESENTATION('',(#3651),#3654);
#3651 = B_SPLINE_CURVE_WITH_KNOTS('',1,(#3652,#3653),.UNSPECIFIED.,.F.,
  .F.,(2,2),(11.547569854556,25.952430145444),.PIECEWISE_BEZIER_KNOTS.);
#3652 = CARTESIAN_POINT('',(0.,5.));
#3653 = CARTESIAN_POINT('',(14.404860290888,5.));
#3654 = ( GEOMETRIC_REPRESENTATION_CONTEXT(2) 
PARAMETRIC_REPRESENTATION_CONTEXT() REPRESENTATION_CONTEXT('2D SPACE',''
  ) );
#3655 = ORIENTED_EDGE('',*,*,#3656,.T.);
#3656 = EDGE_CURVE('',#3628,#3657,#3659,.T.);
#3657 = VERTEX_POINT('',#3658);
#3658 = CARTESIAN_POINT('',(-18.40486029088,50.,31.595139709112));
#3659 = SURFACE_CURVE('',#3660,(#3664,#3671),.PCURVE_S1.);
#3660 = LINE('',#3661,#3662);
#3661 = CARTESIAN_POINT('',(-18.40486029088,50.,15.797569854556));
#3662 = VECTOR('',#3663,1.);
#3663 = DIRECTION('',(-0.,0.,-1.));
#3664 = PCURVE('',#100,#3665);
#3665 = DEFINITIONAL_REPRESENTATION('',(#3666),#3670);
#3666 = LINE('',#3667,#3668);
#3667 = CARTESIAN_POINT('',(15.797569854556,31.595139709112));
#3668 = VECTOR('',#3669,1.);
#3669 = DIRECTION('',(-1.,0.));
#3670 = ( GEOMETRIC_REPRESENTATION_CONTEXT(2) 
PARAMETRIC_REPRESENTATION_CONTEXT() REPRESENTATION_CONTEXT('2D SPACE',''
  ) );
#3671 = PCURVE('',#3672,#3677);
#3672 = PLANE('',#3673);
#3673 = AXIS2_PLACEMENT_3D('',#3674,#3675,#3676);
#3674 = CARTESIAN_POINT('',(-18.40486029088,45.,31.595139709112));
#3675 = DIRECTION('',(1.,0.,-0.));
#3676 = DIRECTION('',(0.,0.,1.));
#3677 = DEFINITIONAL_REPRESENTATION('',(#3678),#3681);
#3678 = B_SPLINE_CURVE_WITH_KNOTS('',1,(#3679,#3680),.UNSPECIFIED.,.F.,
  .F.,(2,2),(-30.20243014544,-15.79756985455),.PIECEWISE_BEZIER_KNOTS.);
#3679 = CARTESIAN_POINT('',(14.404860290888,-5.));
#3680 = CARTESIAN_POINT('',(0.,-5.));
#3681 = ( GEOMETRIC_REPRESENTATION_CONTEXT(2) 
PARAMETRIC_REPRESENTATION_CONTEXT() REPRESENTATION_CONTEXT('2D SPACE',''
  ) );
#3682 = ORIENTED_EDGE('',*,*,#3683,.T.);
#3683 = EDGE_CURVE('',#3657,#3684,#3686,.T.);
#3684 = VERTEX_POINT('',#3685);
#3685 = CARTESIAN_POINT('',(-4.,50.,31.595139709112));
#3686 = SURFACE_CURVE('',#3687,(#3691,#3698),.PCURVE_S1.);
#3687 = LINE('',#3688,#3689);
#3688 = CARTESIAN_POINT('',(-29.95243014544,50.,31.595139709112));
#3689 = VECTOR('',#3690,1.);
#3690 = DIRECTION('',(1.,0.,-0.));
#3691 = PCURVE('',#100,#3692);
#3692 = DEFINITIONAL_REPRESENTATION('',(#3693),#3697);
#3693 = LINE('',#3694,#3695);
#3694 = CARTESIAN_POINT('',(31.595139709112,20.047569854556));
#3695 = VECTOR('',#3696,1.);
#3696 = DIRECTION('',(0.,1.));
#3697 = ( GEOMETRIC_REPRESENTATION_CONTEXT(2) 
PARAMETRIC_REPRESENTATION_CONTEXT() REPRESENTATION_CONTEXT('2D SPACE',''
  ) );
#3698 = PCURVE('',#3699,#3704);
#3699 = PLANE('',#3700);
#3700 = AXIS2_PLACEMENT_3D('',#3701,#3702,#3703);
#3701 = CARTESIAN_POINT('',(-18.40486029088,45.,31.595139709112));
#3702 = DIRECTION('',(0.,0.,1.));
#3703 = DIRECTION('',(1.,0.,-0.));
#3704 = DEFINITIONAL_REPRESENTATION('',(#3705),#3708);
#3705 = B_SPLINE_CURVE_WITH_KNOTS('',1,(#3706,#3707),.UNSPECIFIED.,.F.,
  .F.,(2,2),(11.547569854556,25.952430145444),.PIECEWISE_BEZIER_KNOTS.);
#3706 = CARTESIAN_POINT('',(0.,5.));
#3707 = CARTESIAN_POINT('',(14.404860290888,5.));
#3708 = ( GEOMETRIC_REPRESENTATION_CONTEXT(2) 
PARAMETRIC_REPRESENTATION_CONTEXT() REPRESENTATION_CONTEXT('2D SPACE',''
  ) );
#3709 = ORIENTED_EDGE('',*,*,#3710,.F.);
#3710 = EDGE_CURVE('',#3630,#3684,#3711,.T.);
#3711 = SURFACE_CURVE('',#3712,(#3716,#3723),.PCURVE_S1.);
#3712 = LINE('',#3713,#3714);
#3713 = CARTESIAN_POINT('',(-4.,50.,15.797569854556));
#3714 = VECTOR('',#3715,1.);
#3715 = DIRECTION('',(-0.,0.,-1.));
#3716 = PCURVE('',#100,#3717);
#3717 = DEFINITIONAL_REPRESENTATION('',(#3718),#3722);
#3718 = LINE('',#3719,#3720);
#3719 = CARTESIAN_POINT('',(15.797569854556,46.));
#3720 = VECTOR('',#3721,1.);
#3721 = DIRECTION('',(-1.,0.));
#3722 = ( GEOMETRIC_REPRESENTATION_CONTEXT(2) 
PARAMETRIC_REPRESENTATION_CONTEXT() REPRESENTATION_CONTEXT('2D SPACE',''
  ) );
#3723 = PCURVE('',#3724,#3729);
#3724 = PLANE('',#3725);
#3725 = AXIS2_PLACEMENT_3D('',#3726,#3727,#3728);
#3726 = CARTESIAN_POINT('',(-4.,45.,31.595139709112));
#3727 = DIRECTION('',(1.,0.,-0.));
#3728 = DIRECTION('',(0.,0.,1.));
#3729 = DEFINITIONAL_REPRESENTATION('',(#3730),#3733);
#3730 = B_SPLINE_CURVE_WITH_KNOTS('',1,(#3731,#3732),.UNSPECIFIED.,.F.,
  .F.,(2,2),(-30.20243014544,-15.79756985455),.PIECEWISE_BEZIER_KNOTS.);
#3731 = CARTESIAN_POINT('',(14.404860290888,-5.));
#3732 = CARTESIAN_POINT('',(0.,-5.));
#3733 = ( GEOMETRIC_REPRESENTATION_CONTEXT(2) 
PARAMETRIC_REPRESENTATION_CONTEXT() REPRESENTATION_CONTEXT('2D SPACE',''
  ) );
#3734 = FACE_BOUND('',#3735,.T.);
#3735 = EDGE_LOOP('',(#3736,#3765,#3792,#3819));
#3736 = ORIENTED_EDGE('',*,*,#3737,.F.);
#3737 = EDGE_CURVE('',#3738,#3740,#3742,.T.);
#3738 = VERTEX_POINT('',#3739);
#3739 = CARTESIAN_POINT('',(-18.40486029088,50.,68.404860290888));
#3740 = VERTEX_POINT('',#3741);
#3741 = CARTESIAN_POINT('',(-4.,50.,68.404860290888));
#3742 = SURFACE_CURVE('',#3743,(#3747,#3754),.PCURVE_S1.);
#3743 = LINE('',#3744,#3745);
#3744 = CARTESIAN_POINT('',(-29.95243014544,50.,68.404860290888));
#3745 = VECTOR('',#3746,1.);
#3746 = DIRECTION('',(1.,0.,-0.));
#3747 = PCURVE('',#100,#3748);
#3748 = DEFINITIONAL_REPRESENTATION('',(#3749),#3753);
#3749 = LINE('',#3750,#3751);
#3750 = CARTESIAN_POINT('',(68.404860290888,20.047569854556));
#3751 = VECTOR('',#3752,1.);
#3752 = DIRECTION('',(0.,1.));
#3753 = ( GEOMETRIC_REPRESENTATION_CONTEXT(2) 
PARAMETRIC_REPRESENTATION_CONTEXT() REPRESENTATION_CONTEXT('2D SPACE',''
  ) );
#3754 = PCURVE('',#3755,#3760);
#3755 = PLANE('',#3756);
#3756 = AXIS2_PLACEMENT_3D('',#3757,#3758,#3759);
#3757 = CARTESIAN_POINT('',(-18.40486029088,45.,68.404860290888));
#3758 = DIRECTION('',(0.,0.,1.));
#3759 = DIRECTION('',(1.,0.,-0.));
#3760 = DEFINITIONAL_REPRESENTATION('',(#3761),#3764);
#3761 = B_SPLINE_CURVE_WITH_KNOTS('',1,(#3762,#3763),.UNSPECIFIED.,.F.,
  .F.,(2,2),(11.547569854556,25.952430145444),.PIECEWISE_BEZIER_KNOTS.);
#3762 = CARTESIAN_POINT('',(0.,5.));
#3763 = CARTESIAN_POINT('',(14.404860290888,5.));
#3764 = ( GEOMETRIC_REPRESENTATION_CONTEXT(2) 
PARAMETRIC_REPRESENTATION_CONTEXT() REPRESENTATION_CONTEXT('2D SPACE',''
  ) );
#3765 = ORIENTED_EDGE('',*,*,#3766,.T.);
#3766 = EDGE_CURVE('',#3738,#3767,#3769,.T.);
#3767 = VERTEX_POINT('',#3768);
#3768 = CARTESIAN_POINT('',(-18.40486029088,50.,54.));
#3769 = SURFACE_CURVE('',#3770,(#3774,#3781),.PCURVE_S1.);
#3770 = LINE('',#3771,#3772);
#3771 = CARTESIAN_POINT('',(-18.40486029088,50.,27.));
#3772 = VECTOR('',#3773,1.);
#3773 = DIRECTION('',(-0.,0.,-1.));
#3774 = PCURVE('',#100,#3775);
#3775 = DEFINITIONAL_REPRESENTATION('',(#3776),#3780);
#3776 = LINE('',#3777,#3778);
#3777 = CARTESIAN_POINT('',(27.,31.595139709112));
#3778 = VECTOR('',#3779,1.);
#3779 = DIRECTION('',(-1.,0.));
#3780 = ( GEOMETRIC_REPRESENTATION_CONTEXT(2) 
PARAMETRIC_REPRESENTATION_CONTEXT() REPRESENTATION_CONTEXT('2D SPACE',''
  ) );
#3781 = PCURVE('',#3782,#3787);
#3782 = PLANE('',#3783);
#3783 = AXIS2_PLACEMENT_3D('',#3784,#3785,#3786);
#3784 = CARTESIAN_POINT('',(-18.40486029088,45.,54.));
#3785 = DIRECTION('',(1.,0.,-0.));
#3786 = DIRECTION('',(0.,0.,1.));
#3787 = DEFINITIONAL_REPRESENTATION('',(#3788),#3791);
#3788 = B_SPLINE_CURVE_WITH_KNOTS('',1,(#3789,#3790),.UNSPECIFIED.,.F.,
  .F.,(2,2),(-41.40486029088,-27.),.PIECEWISE_BEZIER_KNOTS.);
#3789 = CARTESIAN_POINT('',(14.404860290888,-5.));
#3790 = CARTESIAN_POINT('',(0.,-5.));
#3791 = ( GEOMETRIC_REPRESENTATION_CONTEXT(2) 
PARAMETRIC_REPRESENTATION_CONTEXT() REPRESENTATION_CONTEXT('2D SPACE',''
  ) );
#3792 = ORIENTED_EDGE('',*,*,#3793,.T.);
#3793 = EDGE_CURVE('',#3767,#3794,#3796,.T.);
#3794 = VERTEX_POINT('',#3795);
#3795 = CARTESIAN_POINT('',(-4.,50.,54.));
#3796 = SURFACE_CURVE('',#3797,(#3801,#3808),.PCURVE_S1.);
#3797 = LINE('',#3798,#3799);
#3798 = CARTESIAN_POINT('',(-29.95243014544,50.,54.));
#3799 = VECTOR('',#3800,1.);
#3800 = DIRECTION('',(1.,0.,-0.));
#3801 = PCURVE('',#100,#3802);
#3802 = DEFINITIONAL_REPRESENTATION('',(#3803),#3807);
#3803 = LINE('',#3804,#3805);
#3804 = CARTESIAN_POINT('',(54.,20.047569854556));
#3805 = VECTOR('',#3806,1.);
#3806 = DIRECTION('',(0.,1.));
#3807 = ( GEOMETRIC_REPRESENTATION_CONTEXT(2) 
PARAMETRIC_REPRESENTATION_CONTEXT() REPRESENTATION_CONTEXT('2D SPACE',''
  ) );
#3808 = PCURVE('',#3809,#3814);
#3809 = PLANE('',#3810);
#3810 = AXIS2_PLACEMENT_3D('',#3811,#3812,#3813);
#3811 = CARTESIAN_POINT('',(-18.40486029088,45.,54.));
#3812 = DIRECTION('',(0.,0.,1.));
#3813 = DIRECTION('',(1.,0.,-0.));
#3814 = DEFINITIONAL_REPRESENTATION('',(#3815),#3818);
#3815 = B_SPLINE_CURVE_WITH_KNOTS('',1,(#3816,#3817),.UNSPECIFIED.,.F.,
  .F.,(2,2),(11.547569854556,25.952430145444),.PIECEWISE_BEZIER_KNOTS.);
#3816 = CARTESIAN_POINT('',(0.,5.));
#3817 = CARTESIAN_POINT('',(14.404860290888,5.));
#3818 = ( GEOMETRIC_REPRESENTATION_CONTEXT(2) 
PARAMETRIC_REPRESENTATION_CONTEXT() REPRESENTATION_CONTEXT('2D SPACE',''
  ) );
#3819 = ORIENTED_EDGE('',*,*,#3820,.F.);
#3820 = EDGE_CURVE('',#3740,#3794,#3821,.T.);
#3821 = SURFACE_CURVE('',#3822,(#3826,#3833),.PCURVE_S1.);
#3822 = LINE('',#3823,#3824);
#3823 = CARTESIAN_POINT('',(-4.,50.,27.));
#3824 = VECTOR('',#3825,1.);
#3825 = DIRECTION('',(-0.,0.,-1.));
#3826 = PCURVE('',#100,#3827);
#3827 = DEFINITIONAL_REPRESENTATION('',(#3828),#3832);
#3828 = LINE('',#3829,#3830);
#3829 = CARTESIAN_POINT('',(27.,46.));
#3830 = VECTOR('',#3831,1.);
#3831 = DIRECTION('',(-1.,0.));
#3832 = ( GEOMETRIC_REPRESENTATION_CONTEXT(2) 
PARAMETRIC_REPRESENTATION_CONTEXT() REPRESENTATION_CONTEXT('2D SPACE',''
  ) );
#3833 = PCURVE('',#3834,#3839);
#3834 = PLANE('',#3835);
#3835 = AXIS2_PLACEMENT_3D('',#3836,#3837,#3838);
#3836 = CARTESIAN_POINT('',(-4.,45.,54.));
#3837 = DIRECTION('',(1.,0.,-0.));
#3838 = DIRECTION('',(0.,0.,1.));
#3839 = DEFINITIONAL_REPRESENTATION('',(#3840),#3843);
#3840 = B_SPLINE_CURVE_WITH_KNOTS('',1,(#3841,#3842),.UNSPECIFIED.,.F.,
  .F.,(2,2),(-41.40486029088,-27.),.PIECEWISE_BEZIER_KNOTS.);
#3841 = CARTESIAN_POINT('',(14.404860290888,-5.));
#3842 = CARTESIAN_POINT('',(0.,-5.));
#3843 = ( GEOMETRIC_REPRESENTATION_CONTEXT(2) 
PARAMETRIC_REPRESENTATION_CONTEXT() REPRESENTATION_CONTEXT('2D SPACE',''
  ) );
#3844 = FACE_BOUND('',#3845,.T.);
#3845 = EDGE_LOOP('',(#3846,#3875,#3902,#3929));
#3846 = ORIENTED_EDGE('',*,*,#3847,.F.);
#3847 = EDGE_CURVE('',#3848,#3850,#3852,.T.);
#3848 = VERTEX_POINT('',#3849);
#3849 = CARTESIAN_POINT('',(4.,50.,46.));
#3850 = VERTEX_POINT('',#3851);
#3851 = CARTESIAN_POINT('',(18.404860290888,50.,46.));
#3852 = SURFACE_CURVE('',#3853,(#3857,#3864),.PCURVE_S1.);
#3853 = LINE('',#3854,#3855);
#3854 = CARTESIAN_POINT('',(-18.75,50.,46.));
#3855 = VECTOR('',#3856,1.);
#3856 = DIRECTION('',(1.,0.,-0.));
#3857 = PCURVE('',#100,#3858);
#3858 = DEFINITIONAL_REPRESENTATION('',(#3859),#3863);
#3859 = LINE('',#3860,#3861);
#3860 = CARTESIAN_POINT('',(46.,31.25));
#3861 = VECTOR('',#3862,1.);
#3862 = DIRECTION('',(0.,1.));
#3863 = ( GEOMETRIC_REPRESENTATION_CONTEXT(2) 
PARAMETRIC_REPRESENTATION_CONTEXT() REPRESENTATION_CONTEXT('2D SPACE',''
  ) );
#3864 = PCURVE('',#3865,#3870);
#3865 = PLANE('',#3866);
#3866 = AXIS2_PLACEMENT_3D('',#3867,#3868,#3869);
#3867 = CARTESIAN_POINT('',(4.,45.,46.));
#3868 = DIRECTION('',(0.,0.,1.));
#3869 = DIRECTION('',(1.,0.,-0.));
#3870 = DEFINITIONAL_REPRESENTATION('',(#3871),#3874);
#3871 = B_SPLINE_CURVE_WITH_KNOTS('',1,(#3872,#3873),.UNSPECIFIED.,.F.,
  .F.,(2,2),(22.75,37.154860290888),.PIECEWISE_BEZIER_KNOTS.);
#3872 = CARTESIAN_POINT('',(0.,5.));
#3873 = CARTESIAN_POINT('',(14.404860290888,5.));
#3874 = ( GEOMETRIC_REPRESENTATION_CONTEXT(2) 
PARAMETRIC_REPRESENTATION_CONTEXT() REPRESENTATION_CONTEXT('2D SPACE',''
  ) );
#3875 = ORIENTED_EDGE('',*,*,#3876,.T.);
#3876 = EDGE_CURVE('',#3848,#3877,#3879,.T.);
#3877 = VERTEX_POINT('',#3878);
#3878 = CARTESIAN_POINT('',(4.,50.,31.595139709112));
#3879 = SURFACE_CURVE('',#3880,(#3884,#3891),.PCURVE_S1.);
#3880 = LINE('',#3881,#3882);
#3881 = CARTESIAN_POINT('',(4.,50.,15.797569854556));
#3882 = VECTOR('',#3883,1.);
#3883 = DIRECTION('',(-0.,0.,-1.));
#3884 = PCURVE('',#100,#3885);
#3885 = DEFINITIONAL_REPRESENTATION('',(#3886),#3890);
#3886 = LINE('',#3887,#3888);
#3887 = CARTESIAN_POINT('',(15.797569854556,54.));
#3888 = VECTOR('',#3889,1.);
#3889 = DIRECTION('',(-1.,0.));
#3890 = ( GEOMETRIC_REPRESENTATION_CONTEXT(2) 
PARAMETRIC_REPRESENTATION_CONTEXT() REPRESENTATION_CONTEXT('2D SPACE',''
  ) );
#3891 = PCURVE('',#3892,#3897);
#3892 = PLANE('',#3893);
#3893 = AXIS2_PLACEMENT_3D('',#3894,#3895,#3896);
#3894 = CARTESIAN_POINT('',(4.,45.,31.595139709112));
#3895 = DIRECTION('',(1.,0.,-0.));
#3896 = DIRECTION('',(0.,0.,1.));
#3897 = DEFINITIONAL_REPRESENTATION('',(#3898),#3901);
#3898 = B_SPLINE_CURVE_WITH_KNOTS('',1,(#3899,#3900),.UNSPECIFIED.,.F.,
  .F.,(2,2),(-30.20243014544,-15.79756985455),.PIECEWISE_BEZIER_KNOTS.);
#3899 = CARTESIAN_POINT('',(14.404860290888,-5.));
#3900 = CARTESIAN_POINT('',(0.,-5.));
#3901 = ( GEOMETRIC_REPRESENTATION_CONTEXT(2) 
PARAMETRIC_REPRESENTATION_CONTEXT() REPRESENTATION_CONTEXT('2D SPACE',''
  ) );
#3902 = ORIENTED_EDGE('',*,*,#3903,.T.);
#3903 = EDGE_CURVE('',#3877,#3904,#3906,.T.);
#3904 = VERTEX_POINT('',#3905);
#3905 = CARTESIAN_POINT('',(18.404860290888,50.,31.595139709112));
#3906 = SURFACE_CURVE('',#3907,(#3911,#3918),.PCURVE_S1.);
#3907 = LINE('',#3908,#3909);
#3908 = CARTESIAN_POINT('',(-18.75,50.,31.595139709112));
#3909 = VECTOR('',#3910,1.);
#3910 = DIRECTION('',(1.,0.,-0.));
#3911 = PCURVE('',#100,#3912);
#3912 = DEFINITIONAL_REPRESENTATION('',(#3913),#3917);
#3913 = LINE('',#3914,#3915);
#3914 = CARTESIAN_POINT('',(31.595139709112,31.25));
#3915 = VECTOR('',#3916,1.);
#3916 = DIRECTION('',(0.,1.));
#3917 = ( GEOMETRIC_REPRESENTATION_CONTEXT(2) 
PARAMETRIC_REPRESENTATION_CONTEXT() REPRESENTATION_CONTEXT('2D SPACE',''
  ) );
#3918 = PCURVE('',#3919,#3924);
#3919 = PLANE('',#3920);
#3920 = AXIS2_PLACEMENT_3D('',#3921,#3922,#3923);
#3921 = CARTESIAN_POINT('',(4.,45.,31.595139709112));
#3922 = DIRECTION('',(0.,0.,1.));
#3923 = DIRECTION('',(1.,0.,-0.));
#3924 = DEFINITIONAL_REPRESENTATION('',(#3925),#3928);
#3925 = B_SPLINE_CURVE_WITH_KNOTS('',1,(#3926,#3927),.UNSPECIFIED.,.F.,
  .F.,(2,2),(22.75,37.154860290888),.PIECEWISE_BEZIER_KNOTS.);
#3926 = CARTESIAN_POINT('',(0.,5.));
#3927 = CARTESIAN_POINT('',(14.404860290888,5.));
#3928 = ( GEOMETRIC_REPRESENTATION_CONTEXT(2) 
PARAMETRIC_REPRESENTATION_CONTEXT() REPRESENTATION_CONTEXT('2D SPACE',''
  ) );
#3929 = ORIENTED_EDGE('',*,*,#3930,.F.);
#3930 = EDGE_CURVE('',#3850,#3904,#3931,.T.);
#3931 = SURFACE_CURVE('',#3932,(#3936,#3943),.PCURVE_S1.);
#3932 = LINE('',#3933,#3934);
#3933 = CARTESIAN_POINT('',(18.404860290888,50.,15.797569854556));
#3934 = VECTOR('',#3935,1.);
#3935 = DIRECTION('',(-0.,0.,-1.));
#3936 = PCURVE('',#100,#3937);
#3937 = DEFINITIONAL_REPRESENTATION('',(#3938),#3942);
#3938 = LINE('',#3939,#3940);
#3939 = CARTESIAN_POINT('',(15.797569854556,68.404860290888));
#3940 = VECTOR('',#3941,1.);
#3941 = DIRECTION('',(-1.,0.));
#3942 = ( GEOMETRIC_REPRESENTATION_CONTEXT(2) 
PARAMETRIC_REPRESENTATION_CONTEXT() REPRESENTATION_CONTEXT('2D SPACE',''
  ) );
#3943 = PCURVE('',#3944,#3949);
#3944 = PLANE('',#3945);
#3945 = AXIS2_PLACEMENT_3D('',#3946,#3947,#3948);
#3946 = CARTESIAN_POINT('',(18.404860290888,45.,31.595139709112));
#3947 = DIRECTION('',(1.,0.,-0.));
#3948 = DIRECTION('',(0.,0.,1.));
#3949 = DEFINITIONAL_REPRESENTATION('',(#3950),#3953);
#3950 = B_SPLINE_CURVE_WITH_KNOTS('',1,(#3951,#3952),.UNSPECIFIED.,.F.,
  .F.,(2,2),(-30.20243014544,-15.79756985455),.PIECEWISE_BEZIER_KNOTS.);
#3951 = CARTESIAN_POINT('',(14.404860290888,-5.));
#3952 = CARTESIAN_POINT('',(0.,-5.));
#3953 = ( GEOMETRIC_REPRESENTATION_CONTEXT(2) 
PARAMETRIC_REPRESENTATION_CONTEXT() REPRESENTATION_CONTEXT('2D SPACE',''
  ) );
#3954 = ADVANCED_FACE('',(#3955,#3961,#4071,#4181,#4291),#642,.T.);
#3955 = FACE_BOUND('',#3956,.T.);
#3956 = EDGE_LOOP('',(#3957,#3958,#3959,#3960));
#3957 = ORIENTED_EDGE('',*,*,#628,.F.);
#3958 = ORIENTED_EDGE('',*,*,#1485,.F.);
#3959 = ORIENTED_EDGE('',*,*,#3494,.T.);
#3960 = ORIENTED_EDGE('',*,*,#1099,.F.);
#3961 = FACE_BOUND('',#3962,.T.);
#3962 = EDGE_LOOP('',(#3963,#3992,#4019,#4046));
#3963 = ORIENTED_EDGE('',*,*,#3964,.T.);
#3964 = EDGE_CURVE('',#3965,#3967,#3969,.T.);
#3965 = VERTEX_POINT('',#3966);
#3966 = CARTESIAN_POINT('',(50.,-18.40486029088,54.));
#3967 = VERTEX_POINT('',#3968);
#3968 = CARTESIAN_POINT('',(50.,-18.40486029088,68.404860290888));
#3969 = SURFACE_CURVE('',#3970,(#3974,#3981),.PCURVE_S1.);
#3970 = LINE('',#3971,#3972);
#3971 = CARTESIAN_POINT('',(50.,-18.40486029088,27.));
#3972 = VECTOR('',#3973,1.);
#3973 = DIRECTION('',(0.,-0.,1.));
#3974 = PCURVE('',#642,#3975);
#3975 = DEFINITIONAL_REPRESENTATION('',(#3976),#3980);
#3976 = LINE('',#3977,#3978);
#3977 = CARTESIAN_POINT('',(27.,-31.59513970911));
#3978 = VECTOR('',#3979,1.);
#3979 = DIRECTION('',(1.,0.));
#3980 = ( GEOMETRIC_REPRESENTATION_CONTEXT(2) 
PARAMETRIC_REPRESENTATION_CONTEXT() REPRESENTATION_CONTEXT('2D SPACE',''
  ) );
#3981 = PCURVE('',#3982,#3987);
#3982 = PLANE('',#3983);
#3983 = AXIS2_PLACEMENT_3D('',#3984,#3985,#3986);
#3984 = CARTESIAN_POINT('',(53.,-18.40486029088,54.));
#3985 = DIRECTION('',(1.110223024625E-16,1.,0.));
#3986 = DIRECTION('',(0.,0.,1.));
#3987 = DEFINITIONAL_REPRESENTATION('',(#3988),#3991);
#3988 = B_SPLINE_CURVE_WITH_KNOTS('',1,(#3989,#3990),.UNSPECIFIED.,.F.,
  .F.,(2,2),(27.,41.404860290888),.PIECEWISE_BEZIER_KNOTS.);
#3989 = CARTESIAN_POINT('',(0.,-3.));
#3990 = CARTESIAN_POINT('',(14.404860290888,-3.));
#3991 = ( GEOMETRIC_REPRESENTATION_CONTEXT(2) 
PARAMETRIC_REPRESENTATION_CONTEXT() REPRESENTATION_CONTEXT('2D SPACE',''
  ) );
#3992 = ORIENTED_EDGE('',*,*,#3993,.F.);
#3993 = EDGE_CURVE('',#3994,#3967,#3996,.T.);
#3994 = VERTEX_POINT('',#3995);
#3995 = CARTESIAN_POINT('',(50.,-4.,68.404860290888));
#3996 = SURFACE_CURVE('',#3997,(#4001,#4008),.PCURVE_S1.);
#3997 = LINE('',#3998,#3999);
#3998 = CARTESIAN_POINT('',(50.,-29.95243014544,68.404860290888));
#3999 = VECTOR('',#4000,1.);
#4000 = DIRECTION('',(0.,-1.,0.));
#4001 = PCURVE('',#642,#4002);
#4002 = DEFINITIONAL_REPRESENTATION('',(#4003),#4007);
#4003 = LINE('',#4004,#4005);
#4004 = CARTESIAN_POINT('',(68.404860290888,-20.04756985455));
#4005 = VECTOR('',#4006,1.);
#4006 = DIRECTION('',(0.,1.));
#4007 = ( GEOMETRIC_REPRESENTATION_CONTEXT(2) 
PARAMETRIC_REPRESENTATION_CONTEXT() REPRESENTATION_CONTEXT('2D SPACE',''
  ) );
#4008 = PCURVE('',#4009,#4014);
#4009 = PLANE('',#4010);
#4010 = AXIS2_PLACEMENT_3D('',#4011,#4012,#4013);
#4011 = CARTESIAN_POINT('',(53.,-18.40486029088,68.404860290888));
#4012 = DIRECTION('',(0.,0.,1.));
#4013 = DIRECTION('',(1.110223024625E-16,1.,0.));
#4014 = DEFINITIONAL_REPRESENTATION('',(#4015),#4018);
#4015 = B_SPLINE_CURVE_WITH_KNOTS('',1,(#4016,#4017),.UNSPECIFIED.,.F.,
  .F.,(2,2),(-25.95243014544,-11.54756985455),.PIECEWISE_BEZIER_KNOTS.);
#4016 = CARTESIAN_POINT('',(14.404860290888,3.));
#4017 = CARTESIAN_POINT('',(0.,3.));
#4018 = ( GEOMETRIC_REPRESENTATION_CONTEXT(2) 
PARAMETRIC_REPRESENTATION_CONTEXT() REPRESENTATION_CONTEXT('2D SPACE',''
  ) );
#4019 = ORIENTED_EDGE('',*,*,#4020,.F.);
#4020 = EDGE_CURVE('',#4021,#3994,#4023,.T.);
#4021 = VERTEX_POINT('',#4022);
#4022 = CARTESIAN_POINT('',(50.,-4.,54.));
#4023 = SURFACE_CURVE('',#4024,(#4028,#4035),.PCURVE_S1.);
#4024 = LINE('',#4025,#4026);
#4025 = CARTESIAN_POINT('',(50.,-4.,27.));
#4026 = VECTOR('',#4027,1.);
#4027 = DIRECTION('',(0.,-0.,1.));
#4028 = PCURVE('',#642,#4029);
#4029 = DEFINITIONAL_REPRESENTATION('',(#4030),#4034);
#4030 = LINE('',#4031,#4032);
#4031 = CARTESIAN_POINT('',(27.,-46.));
#4032 = VECTOR('',#4033,1.);
#4033 = DIRECTION('',(1.,0.));
#4034 = ( GEOMETRIC_REPRESENTATION_CONTEXT(2) 
PARAMETRIC_REPRESENTATION_CONTEXT() REPRESENTATION_CONTEXT('2D SPACE',''
  ) );
#4035 = PCURVE('',#4036,#4041);
#4036 = PLANE('',#4037);
#4037 = AXIS2_PLACEMENT_3D('',#4038,#4039,#4040);
#4038 = CARTESIAN_POINT('',(53.,-4.,54.));
#4039 = DIRECTION('',(1.110223024625E-16,1.,0.));
#4040 = DIRECTION('',(0.,0.,1.));
#4041 = DEFINITIONAL_REPRESENTATION('',(#4042),#4045);
#4042 = B_SPLINE_CURVE_WITH_KNOTS('',1,(#4043,#4044),.UNSPECIFIED.,.F.,
  .F.,(2,2),(27.,41.404860290888),.PIECEWISE_BEZIER_KNOTS.);
#4043 = CARTESIAN_POINT('',(0.,-3.));
#4044 = CARTESIAN_POINT('',(14.404860290888,-3.));
#4045 = ( GEOMETRIC_REPRESENTATION_CONTEXT(2) 
PARAMETRIC_REPRESENTATION_CONTEXT() REPRESENTATION_CONTEXT('2D SPACE',''
  ) );
#4046 = ORIENTED_EDGE('',*,*,#4047,.T.);
#4047 = EDGE_CURVE('',#4021,#3965,#4048,.T.);
#4048 = SURFACE_CURVE('',#4049,(#4053,#4060),.PCURVE_S1.);
#4049 = LINE('',#4050,#4051);
#4050 = CARTESIAN_POINT('',(50.,-29.95243014544,54.));
#4051 = VECTOR('',#4052,1.);
#4052 = DIRECTION('',(0.,-1.,0.));
#4053 = PCURVE('',#642,#4054);
#4054 = DEFINITIONAL_REPRESENTATION('',(#4055),#4059);
#4055 = LINE('',#4056,#4057);
#4056 = CARTESIAN_POINT('',(54.,-20.04756985455));
#4057 = VECTOR('',#4058,1.);
#4058 = DIRECTION('',(0.,1.));
#4059 = ( GEOMETRIC_REPRESENTATION_CONTEXT(2) 
PARAMETRIC_REPRESENTATION_CONTEXT() REPRESENTATION_CONTEXT('2D SPACE',''
  ) );
#4060 = PCURVE('',#4061,#4066);
#4061 = PLANE('',#4062);
#4062 = AXIS2_PLACEMENT_3D('',#4063,#4064,#4065);
#4063 = CARTESIAN_POINT('',(53.,-18.40486029088,54.));
#4064 = DIRECTION('',(0.,0.,1.));
#4065 = DIRECTION('',(1.110223024625E-16,1.,0.));
#4066 = DEFINITIONAL_REPRESENTATION('',(#4067),#4070);
#4067 = B_SPLINE_CURVE_WITH_KNOTS('',1,(#4068,#4069),.UNSPECIFIED.,.F.,
  .F.,(2,2),(-25.95243014544,-11.54756985455),.PIECEWISE_BEZIER_KNOTS.);
#4068 = CARTESIAN_POINT('',(14.404860290888,3.));
#4069 = CARTESIAN_POINT('',(0.,3.));
#4070 = ( GEOMETRIC_REPRESENTATION_CONTEXT(2) 
PARAMETRIC_REPRESENTATION_CONTEXT() REPRESENTATION_CONTEXT('2D SPACE',''
  ) );
#4071 = FACE_BOUND('',#4072,.T.);
#4072 = EDGE_LOOP('',(#4073,#4102,#4129,#4156));
#4073 = ORIENTED_EDGE('',*,*,#4074,.T.);
#4074 = EDGE_CURVE('',#4075,#4077,#4079,.T.);
#4075 = VERTEX_POINT('',#4076);
#4076 = CARTESIAN_POINT('',(50.,18.404860290888,31.595139709112));
#4077 = VERTEX_POINT('',#4078);
#4078 = CARTESIAN_POINT('',(50.,4.,31.595139709112));
#4079 = SURFACE_CURVE('',#4080,(#4084,#4091),.PCURVE_S1.);
#4080 = LINE('',#4081,#4082);
#4081 = CARTESIAN_POINT('',(50.,-18.75,31.595139709112));
#4082 = VECTOR('',#4083,1.);
#4083 = DIRECTION('',(0.,-1.,0.));
#4084 = PCURVE('',#642,#4085);
#4085 = DEFINITIONAL_REPRESENTATION('',(#4086),#4090);
#4086 = LINE('',#4087,#4088);
#4087 = CARTESIAN_POINT('',(31.595139709112,-31.25));
#4088 = VECTOR('',#4089,1.);
#4089 = DIRECTION('',(0.,1.));
#4090 = ( GEOMETRIC_REPRESENTATION_CONTEXT(2) 
PARAMETRIC_REPRESENTATION_CONTEXT() REPRESENTATION_CONTEXT('2D SPACE',''
  ) );
#4091 = PCURVE('',#4092,#4097);
#4092 = PLANE('',#4093);
#4093 = AXIS2_PLACEMENT_3D('',#4094,#4095,#4096);
#4094 = CARTESIAN_POINT('',(53.,4.,31.595139709112));
#4095 = DIRECTION('',(0.,0.,1.));
#4096 = DIRECTION('',(1.110223024625E-16,1.,0.));
#4097 = DEFINITIONAL_REPRESENTATION('',(#4098),#4101);
#4098 = B_SPLINE_CURVE_WITH_KNOTS('',1,(#4099,#4100),.UNSPECIFIED.,.F.,
  .F.,(2,2),(-37.15486029088,-22.75),.PIECEWISE_BEZIER_KNOTS.);
#4099 = CARTESIAN_POINT('',(14.404860290888,3.));
#4100 = CARTESIAN_POINT('',(0.,3.));
#4101 = ( GEOMETRIC_REPRESENTATION_CONTEXT(2) 
PARAMETRIC_REPRESENTATION_CONTEXT() REPRESENTATION_CONTEXT('2D SPACE',''
  ) );
#4102 = ORIENTED_EDGE('',*,*,#4103,.T.);
#4103 = EDGE_CURVE('',#4077,#4104,#4106,.T.);
#4104 = VERTEX_POINT('',#4105);
#4105 = CARTESIAN_POINT('',(50.,4.,46.));
#4106 = SURFACE_CURVE('',#4107,(#4111,#4118),.PCURVE_S1.);
#4107 = LINE('',#4108,#4109);
#4108 = CARTESIAN_POINT('',(50.,4.,15.797569854556));
#4109 = VECTOR('',#4110,1.);
#4110 = DIRECTION('',(0.,-0.,1.));
#4111 = PCURVE('',#642,#4112);
#4112 = DEFINITIONAL_REPRESENTATION('',(#4113),#4117);
#4113 = LINE('',#4114,#4115);
#4114 = CARTESIAN_POINT('',(15.797569854556,-54.));
#4115 = VECTOR('',#4116,1.);
#4116 = DIRECTION('',(1.,0.));
#4117 = ( GEOMETRIC_REPRESENTATION_CONTEXT(2) 
PARAMETRIC_REPRESENTATION_CONTEXT() REPRESENTATION_CONTEXT('2D SPACE',''
  ) );
#4118 = PCURVE('',#4119,#4124);
#4119 = PLANE('',#4120);
#4120 = AXIS2_PLACEMENT_3D('',#4121,#4122,#4123);
#4121 = CARTESIAN_POINT('',(53.,4.,31.595139709112));
#4122 = DIRECTION('',(1.110223024625E-16,1.,0.));
#4123 = DIRECTION('',(0.,0.,1.));
#4124 = DEFINITIONAL_REPRESENTATION('',(#4125),#4128);
#4125 = B_SPLINE_CURVE_WITH_KNOTS('',1,(#4126,#4127),.UNSPECIFIED.,.F.,
  .F.,(2,2),(15.797569854556,30.202430145444),.PIECEWISE_BEZIER_KNOTS.);
#4126 = CARTESIAN_POINT('',(0.,-3.));
#4127 = CARTESIAN_POINT('',(14.404860290888,-3.));
#4128 = ( GEOMETRIC_REPRESENTATION_CONTEXT(2) 
PARAMETRIC_REPRESENTATION_CONTEXT() REPRESENTATION_CONTEXT('2D SPACE',''
  ) );
#4129 = ORIENTED_EDGE('',*,*,#4130,.F.);
#4130 = EDGE_CURVE('',#4131,#4104,#4133,.T.);
#4131 = VERTEX_POINT('',#4132);
#4132 = CARTESIAN_POINT('',(50.,18.404860290888,46.));
#4133 = SURFACE_CURVE('',#4134,(#4138,#4145),.PCURVE_S1.);
#4134 = LINE('',#4135,#4136);
#4135 = CARTESIAN_POINT('',(50.,-18.75,46.));
#4136 = VECTOR('',#4137,1.);
#4137 = DIRECTION('',(0.,-1.,0.));
#4138 = PCURVE('',#642,#4139);
#4139 = DEFINITIONAL_REPRESENTATION('',(#4140),#4144);
#4140 = LINE('',#4141,#4142);
#4141 = CARTESIAN_POINT('',(46.,-31.25));
#4142 = VECTOR('',#4143,1.);
#4143 = DIRECTION('',(0.,1.));
#4144 = ( GEOMETRIC_REPRESENTATION_CONTEXT(2) 
PARAMETRIC_REPRESENTATION_CONTEXT() REPRESENTATION_CONTEXT('2D SPACE',''
  ) );
#4145 = PCURVE('',#4146,#4151);
#4146 = PLANE('',#4147);
#4147 = AXIS2_PLACEMENT_3D('',#4148,#4149,#4150);
#4148 = CARTESIAN_POINT('',(53.,4.,46.));
#4149 = DIRECTION('',(0.,0.,1.));
#4150 = DIRECTION('',(1.110223024625E-16,1.,0.));
#4151 = DEFINITIONAL_REPRESENTATION('',(#4152),#4155);
#4152 = B_SPLINE_CURVE_WITH_KNOTS('',1,(#4153,#4154),.UNSPECIFIED.,.F.,
  .F.,(2,2),(-37.15486029088,-22.75),.PIECEWISE_BEZIER_KNOTS.);
#4153 = CARTESIAN_POINT('',(14.404860290888,3.));
#4154 = CARTESIAN_POINT('',(0.,3.));
#4155 = ( GEOMETRIC_REPRESENTATION_CONTEXT(2) 
PARAMETRIC_REPRESENTATION_CONTEXT() REPRESENTATION_CONTEXT('2D SPACE',''
  ) );
#4156 = ORIENTED_EDGE('',*,*,#4157,.F.);
#4157 = EDGE_CURVE('',#4075,#4131,#4158,.T.);
#4158 = SURFACE_CURVE('',#4159,(#4163,#4170),.PCURVE_S1.);
#4159 = LINE('',#4160,#4161);
#4160 = CARTESIAN_POINT('',(50.,18.404860290888,15.797569854556));
#4161 = VECTOR('',#4162,1.);
#4162 = DIRECTION('',(0.,-0.,1.));
#4163 = PCURVE('',#642,#4164);
#4164 = DEFINITIONAL_REPRESENTATION('',(#4165),#4169);
#4165 = LINE('',#4166,#4167);
#4166 = CARTESIAN_POINT('',(15.797569854556,-68.40486029088));
#4167 = VECTOR('',#4168,1.);
#4168 = DIRECTION('',(1.,0.));
#4169 = ( GEOMETRIC_REPRESENTATION_CONTEXT(2) 
PARAMETRIC_REPRESENTATION_CONTEXT() REPRESENTATION_CONTEXT('2D SPACE',''
  ) );
#4170 = PCURVE('',#4171,#4176);
#4171 = PLANE('',#4172);
#4172 = AXIS2_PLACEMENT_3D('',#4173,#4174,#4175);
#4173 = CARTESIAN_POINT('',(53.,18.404860290888,31.595139709112));
#4174 = DIRECTION('',(1.110223024625E-16,1.,0.));
#4175 = DIRECTION('',(0.,0.,1.));
#4176 = DEFINITIONAL_REPRESENTATION('',(#4177),#4180);
#4177 = B_SPLINE_CURVE_WITH_KNOTS('',1,(#4178,#4179),.UNSPECIFIED.,.F.,
  .F.,(2,2),(15.797569854556,30.202430145444),.PIECEWISE_BEZIER_KNOTS.);
#4178 = CARTESIAN_POINT('',(0.,-3.));
#4179 = CARTESIAN_POINT('',(14.404860290888,-3.));
#4180 = ( GEOMETRIC_REPRESENTATION_CONTEXT(2) 
PARAMETRIC_REPRESENTATION_CONTEXT() REPRESENTATION_CONTEXT('2D SPACE',''
  ) );
#4181 = FACE_BOUND('',#4182,.T.);
#4182 = EDGE_LOOP('',(#4183,#4212,#4239,#4266));
#4183 = ORIENTED_EDGE('',*,*,#4184,.T.);
#4184 = EDGE_CURVE('',#4185,#4187,#4189,.T.);
#4185 = VERTEX_POINT('',#4186);
#4186 = CARTESIAN_POINT('',(50.,18.404860290888,54.));
#4187 = VERTEX_POINT('',#4188);
#4188 = CARTESIAN_POINT('',(50.,4.,54.));
#4189 = SURFACE_CURVE('',#4190,(#4194,#4201),.PCURVE_S1.);
#4190 = LINE('',#4191,#4192);
#4191 = CARTESIAN_POINT('',(50.,-18.75,54.));
#4192 = VECTOR('',#4193,1.);
#4193 = DIRECTION('',(0.,-1.,0.));
#4194 = PCURVE('',#642,#4195);
#4195 = DEFINITIONAL_REPRESENTATION('',(#4196),#4200);
#4196 = LINE('',#4197,#4198);
#4197 = CARTESIAN_POINT('',(54.,-31.25));
#4198 = VECTOR('',#4199,1.);
#4199 = DIRECTION('',(0.,1.));
#4200 = ( GEOMETRIC_REPRESENTATION_CONTEXT(2) 
PARAMETRIC_REPRESENTATION_CONTEXT() REPRESENTATION_CONTEXT('2D SPACE',''
  ) );
#4201 = PCURVE('',#4202,#4207);
#4202 = PLANE('',#4203);
#4203 = AXIS2_PLACEMENT_3D('',#4204,#4205,#4206);
#4204 = CARTESIAN_POINT('',(53.,4.,54.));
#4205 = DIRECTION('',(0.,0.,1.));
#4206 = DIRECTION('',(1.110223024625E-16,1.,0.));
#4207 = DEFINITIONAL_REPRESENTATION('',(#4208),#4211);
#4208 = B_SPLINE_CURVE_WITH_KNOTS('',1,(#4209,#4210),.UNSPECIFIED.,.F.,
  .F.,(2,2),(-37.15486029088,-22.75),.PIECEWISE_BEZIER_KNOTS.);
#4209 = CARTESIAN_POINT('',(14.404860290888,3.));
#4210 = CARTESIAN_POINT('',(0.,3.));
#4211 = ( GEOMETRIC_REPRESENTATION_CONTEXT(2) 
PARAMETRIC_REPRESENTATION_CONTEXT() REPRESENTATION_CONTEXT('2D SPACE',''
  ) );
#4212 = ORIENTED_EDGE('',*,*,#4213,.T.);
#4213 = EDGE_CURVE('',#4187,#4214,#4216,.T.);
#4214 = VERTEX_POINT('',#4215);
#4215 = CARTESIAN_POINT('',(50.,4.,68.404860290888));
#4216 = SURFACE_CURVE('',#4217,(#4221,#4228),.PCURVE_S1.);
#4217 = LINE('',#4218,#4219);
#4218 = CARTESIAN_POINT('',(50.,4.,27.));
#4219 = VECTOR('',#4220,1.);
#4220 = DIRECTION('',(0.,-0.,1.));
#4221 = PCURVE('',#642,#4222);
#4222 = DEFINITIONAL_REPRESENTATION('',(#4223),#4227);
#4223 = LINE('',#4224,#4225);
#4224 = CARTESIAN_POINT('',(27.,-54.));
#4225 = VECTOR('',#4226,1.);
#4226 = DIRECTION('',(1.,0.));
#4227 = ( GEOMETRIC_REPRESENTATION_CONTEXT(2) 
PARAMETRIC_REPRESENTATION_CONTEXT() REPRESENTATION_CONTEXT('2D SPACE',''
  ) );
#4228 = PCURVE('',#4229,#4234);
#4229 = PLANE('',#4230);
#4230 = AXIS2_PLACEMENT_3D('',#4231,#4232,#4233);
#4231 = CARTESIAN_POINT('',(53.,4.,54.));
#4232 = DIRECTION('',(1.110223024625E-16,1.,0.));
#4233 = DIRECTION('',(0.,0.,1.));
#4234 = DEFINITIONAL_REPRESENTATION('',(#4235),#4238);
#4235 = B_SPLINE_CURVE_WITH_KNOTS('',1,(#4236,#4237),.UNSPECIFIED.,.F.,
  .F.,(2,2),(27.,41.404860290888),.PIECEWISE_BEZIER_KNOTS.);
#4236 = CARTESIAN_POINT('',(0.,-3.));
#4237 = CARTESIAN_POINT('',(14.404860290888,-3.));
#4238 = ( GEOMETRIC_REPRESENTATION_CONTEXT(2) 
PARAMETRIC_REPRESENTATION_CONTEXT() REPRESENTATION_CONTEXT('2D SPACE',''
  ) );
#4239 = ORIENTED_EDGE('',*,*,#4240,.F.);
#4240 = EDGE_CURVE('',#4241,#4214,#4243,.T.);
#4241 = VERTEX_POINT('',#4242);
#4242 = CARTESIAN_POINT('',(50.,18.404860290888,68.404860290888));
#4243 = SURFACE_CURVE('',#4244,(#4248,#4255),.PCURVE_S1.);
#4244 = LINE('',#4245,#4246);
#4245 = CARTESIAN_POINT('',(50.,-18.75,68.404860290888));
#4246 = VECTOR('',#4247,1.);
#4247 = DIRECTION('',(0.,-1.,0.));
#4248 = PCURVE('',#642,#4249);
#4249 = DEFINITIONAL_REPRESENTATION('',(#4250),#4254);
#4250 = LINE('',#4251,#4252);
#4251 = CARTESIAN_POINT('',(68.404860290888,-31.25));
#4252 = VECTOR('',#4253,1.);
#4253 = DIRECTION('',(0.,1.));
#4254 = ( GEOMETRIC_REPRESENTATION_CONTEXT(2) 
PARAMETRIC_REPRESENTATION_CONTEXT() REPRESENTATION_CONTEXT('2D SPACE',''
  ) );
#4255 = PCURVE('',#4256,#4261);
#4256 = PLANE('',#4257);
#4257 = AXIS2_PLACEMENT_3D('',#4258,#4259,#4260);
#4258 = CARTESIAN_POINT('',(53.,4.,68.404860290888));
#4259 = DIRECTION('',(0.,0.,1.));
#4260 = DIRECTION('',(1.110223024625E-16,1.,0.));
#4261 = DEFINITIONAL_REPRESENTATION('',(#4262),#4265);
#4262 = B_SPLINE_CURVE_WITH_KNOTS('',1,(#4263,#4264),.UNSPECIFIED.,.F.,
  .F.,(2,2),(-37.15486029088,-22.75),.PIECEWISE_BEZIER_KNOTS.);
#4263 = CARTESIAN_POINT('',(14.404860290888,3.));
#4264 = CARTESIAN_POINT('',(0.,3.));
#4265 = ( GEOMETRIC_REPRESENTATION_CONTEXT(2) 
PARAMETRIC_REPRESENTATION_CONTEXT() REPRESENTATION_CONTEXT('2D SPACE',''
  ) );
#4266 = ORIENTED_EDGE('',*,*,#4267,.F.);
#4267 = EDGE_CURVE('',#4185,#4241,#4268,.T.);
#4268 = SURFACE_CURVE('',#4269,(#4273,#4280),.PCURVE_S1.);
#4269 = LINE('',#4270,#4271);
#4270 = CARTESIAN_POINT('',(50.,18.404860290888,27.));
#4271 = VECTOR('',#4272,1.);
#4272 = DIRECTION('',(0.,-0.,1.));
#4273 = PCURVE('',#642,#4274);
#4274 = DEFINITIONAL_REPRESENTATION('',(#4275),#4279);
#4275 = LINE('',#4276,#4277);
#4276 = CARTESIAN_POINT('',(27.,-68.40486029088));
#4277 = VECTOR('',#4278,1.);
#4278 = DIRECTION('',(1.,0.));
#4279 = ( GEOMETRIC_REPRESENTATION_CONTEXT(2) 
PARAMETRIC_REPRESENTATION_CONTEXT() REPRESENTATION_CONTEXT('2D SPACE',''
  ) );
#4280 = PCURVE('',#4281,#4286);
#4281 = PLANE('',#4282);
#4282 = AXIS2_PLACEMENT_3D('',#4283,#4284,#4285);
#4283 = CARTESIAN_POINT('',(53.,18.404860290888,54.));
#4284 = DIRECTION('',(1.110223024625E-16,1.,0.));
#4285 = DIRECTION('',(0.,0.,1.));
#4286 = DEFINITIONAL_REPRESENTATION('',(#4287),#4290);
#4287 = B_SPLINE_CURVE_WITH_KNOTS('',1,(#4288,#4289),.UNSPECIFIED.,.F.,
  .F.,(2,2),(27.,41.404860290888),.PIECEWISE_BEZIER_KNOTS.);
#4288 = CARTESIAN_POINT('',(0.,-3.));
#4289 = CARTESIAN_POINT('',(14.404860290888,-3.));
#4290 = ( GEOMETRIC_REPRESENTATION_CONTEXT(2) 
PARAMETRIC_REPRESENTATION_CONTEXT() REPRESENTATION_CONTEXT('2D SPACE',''
  ) );
#4291 = FACE_BOUND('',#4292,.T.);
#4292 = EDGE_LOOP('',(#4293,#4322,#4349,#4376));
#4293 = ORIENTED_EDGE('',*,*,#4294,.T.);
#4294 = EDGE_CURVE('',#4295,#4297,#4299,.T.);
#4295 = VERTEX_POINT('',#4296);
#4296 = CARTESIAN_POINT('',(50.,-4.,31.595139709112));
#4297 = VERTEX_POINT('',#4298);
#4298 = CARTESIAN_POINT('',(50.,-18.40486029088,31.595139709112));
#4299 = SURFACE_CURVE('',#4300,(#4304,#4311),.PCURVE_S1.);
#4300 = LINE('',#4301,#4302);
#4301 = CARTESIAN_POINT('',(50.,-29.95243014544,31.595139709112));
#4302 = VECTOR('',#4303,1.);
#4303 = DIRECTION('',(0.,-1.,0.));
#4304 = PCURVE('',#642,#4305);
#4305 = DEFINITIONAL_REPRESENTATION('',(#4306),#4310);
#4306 = LINE('',#4307,#4308);
#4307 = CARTESIAN_POINT('',(31.595139709112,-20.04756985455));
#4308 = VECTOR('',#4309,1.);
#4309 = DIRECTION('',(0.,1.));
#4310 = ( GEOMETRIC_REPRESENTATION_CONTEXT(2) 
PARAMETRIC_REPRESENTATION_CONTEXT() REPRESENTATION_CONTEXT('2D SPACE',''
  ) );
#4311 = PCURVE('',#4312,#4317);
#4312 = PLANE('',#4313);
#4313 = AXIS2_PLACEMENT_3D('',#4314,#4315,#4316);
#4314 = CARTESIAN_POINT('',(53.,-18.40486029088,31.595139709112));
#4315 = DIRECTION('',(0.,0.,1.));
#4316 = DIRECTION('',(1.110223024625E-16,1.,0.));
#4317 = DEFINITIONAL_REPRESENTATION('',(#4318),#4321);
#4318 = B_SPLINE_CURVE_WITH_KNOTS('',1,(#4319,#4320),.UNSPECIFIED.,.F.,
  .F.,(2,2),(-25.95243014544,-11.54756985455),.PIECEWISE_BEZIER_KNOTS.);
#4319 = CARTESIAN_POINT('',(14.404860290888,3.));
#4320 = CARTESIAN_POINT('',(0.,3.));
#4321 = ( GEOMETRIC_REPRESENTATION_CONTEXT(2) 
PARAMETRIC_REPRESENTATION_CONTEXT() REPRESENTATION_CONTEXT('2D SPACE',''
  ) );
#4322 = ORIENTED_EDGE('',*,*,#4323,.T.);
#4323 = EDGE_CURVE('',#4297,#4324,#4326,.T.);
#4324 = VERTEX_POINT('',#4325);
#4325 = CARTESIAN_POINT('',(50.,-18.40486029088,46.));
#4326 = SURFACE_CURVE('',#4327,(#4331,#4338),.PCURVE_S1.);
#4327 = LINE('',#4328,#4329);
#4328 = CARTESIAN_POINT('',(50.,-18.40486029088,15.797569854556));
#4329 = VECTOR('',#4330,1.);
#4330 = DIRECTION('',(0.,-0.,1.));
#4331 = PCURVE('',#642,#4332);
#4332 = DEFINITIONAL_REPRESENTATION('',(#4333),#4337);
#4333 = LINE('',#4334,#4335);
#4334 = CARTESIAN_POINT('',(15.797569854556,-31.59513970911));
#4335 = VECTOR('',#4336,1.);
#4336 = DIRECTION('',(1.,0.));
#4337 = ( GEOMETRIC_REPRESENTATION_CONTEXT(2) 
PARAMETRIC_REPRESENTATION_CONTEXT() REPRESENTATION_CONTEXT('2D SPACE',''
  ) );
#4338 = PCURVE('',#4339,#4344);
#4339 = PLANE('',#4340);
#4340 = AXIS2_PLACEMENT_3D('',#4341,#4342,#4343);
#4341 = CARTESIAN_POINT('',(53.,-18.40486029088,31.595139709112));
#4342 = DIRECTION('',(1.110223024625E-16,1.,0.));
#4343 = DIRECTION('',(0.,0.,1.));
#4344 = DEFINITIONAL_REPRESENTATION('',(#4345),#4348);
#4345 = B_SPLINE_CURVE_WITH_KNOTS('',1,(#4346,#4347),.UNSPECIFIED.,.F.,
  .F.,(2,2),(15.797569854556,30.202430145444),.PIECEWISE_BEZIER_KNOTS.);
#4346 = CARTESIAN_POINT('',(0.,-3.));
#4347 = CARTESIAN_POINT('',(14.404860290888,-3.));
#4348 = ( GEOMETRIC_REPRESENTATION_CONTEXT(2) 
PARAMETRIC_REPRESENTATION_CONTEXT() REPRESENTATION_CONTEXT('2D SPACE',''
  ) );
#4349 = ORIENTED_EDGE('',*,*,#4350,.F.);
#4350 = EDGE_CURVE('',#4351,#4324,#4353,.T.);
#4351 = VERTEX_POINT('',#4352);
#4352 = CARTESIAN_POINT('',(50.,-4.,46.));
#4353 = SURFACE_CURVE('',#4354,(#4358,#4365),.PCURVE_S1.);
#4354 = LINE('',#4355,#4356);
#4355 = CARTESIAN_POINT('',(50.,-29.95243014544,46.));
#4356 = VECTOR('',#4357,1.);
#4357 = DIRECTION('',(0.,-1.,0.));
#4358 = PCURVE('',#642,#4359);
#4359 = DEFINITIONAL_REPRESENTATION('',(#4360),#4364);
#4360 = LINE('',#4361,#4362);
#4361 = CARTESIAN_POINT('',(46.,-20.04756985455));
#4362 = VECTOR('',#4363,1.);
#4363 = DIRECTION('',(0.,1.));
#4364 = ( GEOMETRIC_REPRESENTATION_CONTEXT(2) 
PARAMETRIC_REPRESENTATION_CONTEXT() REPRESENTATION_CONTEXT('2D SPACE',''
  ) );
#4365 = PCURVE('',#4366,#4371);
#4366 = PLANE('',#4367);
#4367 = AXIS2_PLACEMENT_3D('',#4368,#4369,#4370);
#4368 = CARTESIAN_POINT('',(53.,-18.40486029088,46.));
#4369 = DIRECTION('',(0.,0.,1.));
#4370 = DIRECTION('',(1.110223024625E-16,1.,0.));
#4371 = DEFINITIONAL_REPRESENTATION('',(#4372),#4375);
#4372 = B_SPLINE_CURVE_WITH_KNOTS('',1,(#4373,#4374),.UNSPECIFIED.,.F.,
  .F.,(2,2),(-25.95243014544,-11.54756985455),.PIECEWISE_BEZIER_KNOTS.);
#4373 = CARTESIAN_POINT('',(14.404860290888,3.));
#4374 = CARTESIAN_POINT('',(0.,3.));
#4375 = ( GEOMETRIC_REPRESENTATION_CONTEXT(2) 
PARAMETRIC_REPRESENTATION_CONTEXT() REPRESENTATION_CONTEXT('2D SPACE',''
  ) );
#4376 = ORIENTED_EDGE('',*,*,#4377,.F.);
#4377 = EDGE_CURVE('',#4295,#4351,#4378,.T.);
#4378 = SURFACE_CURVE('',#4379,(#4383,#4390),.PCURVE_S1.);
#4379 = LINE('',#4380,#4381);
#4380 = CARTESIAN_POINT('',(50.,-4.,15.797569854556));
#4381 = VECTOR('',#4382,1.);
#4382 = DIRECTION('',(0.,-0.,1.));
#4383 = PCURVE('',#642,#4384);
#4384 = DEFINITIONAL_REPRESENTATION('',(#4385),#4389);
#4385 = LINE('',#4386,#4387);
#4386 = CARTESIAN_POINT('',(15.797569854556,-46.));
#4387 = VECTOR('',#4388,1.);
#4388 = DIRECTION('',(1.,0.));
#4389 = ( GEOMETRIC_REPRESENTATION_CONTEXT(2) 
PARAMETRIC_REPRESENTATION_CONTEXT() REPRESENTATION_CONTEXT('2D SPACE',''
  ) );
#4390 = PCURVE('',#4391,#4396);
#4391 = PLANE('',#4392);
#4392 = AXIS2_PLACEMENT_3D('',#4393,#4394,#4395);
#4393 = CARTESIAN_POINT('',(53.,-4.,31.595139709112));
#4394 = DIRECTION('',(1.110223024625E-16,1.,0.));
#4395 = DIRECTION('',(0.,0.,1.));
#4396 = DEFINITIONAL_REPRESENTATION('',(#4397),#4400);
#4397 = B_SPLINE_CURVE_WITH_KNOTS('',1,(#4398,#4399),.UNSPECIFIED.,.F.,
  .F.,(2,2),(15.797569854556,30.202430145444),.PIECEWISE_BEZIER_KNOTS.);
#4398 = CARTESIAN_POINT('',(0.,-3.));
#4399 = CARTESIAN_POINT('',(14.404860290888,-3.));
#4400 = ( GEOMETRIC_REPRESENTATION_CONTEXT(2) 
PARAMETRIC_REPRESENTATION_CONTEXT() REPRESENTATION_CONTEXT('2D SPACE',''
  ) );
#4401 = ADVANCED_FACE('',(#4402),#1247,.T.);
#4402 = FACE_BOUND('',#4403,.T.);
#4403 = EDGE_LOOP('',(#4404,#4405,#4426,#4427));
#4404 = ORIENTED_EDGE('',*,*,#1231,.F.);
#4405 = ORIENTED_EDGE('',*,*,#4406,.F.);
#4406 = EDGE_CURVE('',#1581,#1204,#4407,.T.);
#4407 = SURFACE_CURVE('',#4408,(#4412,#4419),.PCURVE_S1.);
#4408 = LINE('',#4409,#4410);
#4409 = CARTESIAN_POINT('',(-41.5,41.5,0.));
#4410 = VECTOR('',#4411,1.);
#4411 = DIRECTION('',(0.,0.,1.));
#4412 = PCURVE('',#1247,#4413);
#4413 = DEFINITIONAL_REPRESENTATION('',(#4414),#4418);
#4414 = LINE('',#4415,#4416);
#4415 = CARTESIAN_POINT('',(0.,0.));
#4416 = VECTOR('',#4417,1.);
#4417 = DIRECTION('',(1.,0.));
#4418 = ( GEOMETRIC_REPRESENTATION_CONTEXT(2) 
PARAMETRIC_REPRESENTATION_CONTEXT() REPRESENTATION_CONTEXT('2D SPACE',''
  ) );
#4419 = PCURVE('',#1219,#4420);
#4420 = DEFINITIONAL_REPRESENTATION('',(#4421),#4425);
#4421 = LINE('',#4422,#4423);
#4422 = CARTESIAN_POINT('',(0.,8.5));
#4423 = VECTOR('',#4424,1.);
#4424 = DIRECTION('',(1.,0.));
#4425 = ( GEOMETRIC_REPRESENTATION_CONTEXT(2) 
PARAMETRIC_REPRESENTATION_CONTEXT() REPRESENTATION_CONTEXT('2D SPACE',''
  ) );
#4426 = ORIENTED_EDGE('',*,*,#1603,.T.);
#4427 = ORIENTED_EDGE('',*,*,#4428,.T.);
#4428 = EDGE_CURVE('',#1604,#1232,#4429,.T.);
#4429 = SURFACE_CURVE('',#4430,(#4434,#4441),.PCURVE_S1.);
#4430 = LINE('',#4431,#4432);
#4431 = CARTESIAN_POINT('',(-41.5,48.,0.));
#4432 = VECTOR('',#4433,1.);
#4433 = DIRECTION('',(0.,0.,1.));
#4434 = PCURVE('',#1247,#4435);
#4435 = DEFINITIONAL_REPRESENTATION('',(#4436),#4440);
#4436 = LINE('',#4437,#4438);
#4437 = CARTESIAN_POINT('',(0.,-6.5));
#4438 = VECTOR('',#4439,1.);
#4439 = DIRECTION('',(1.,0.));
#4440 = ( GEOMETRIC_REPRESENTATION_CONTEXT(2) 
PARAMETRIC_REPRESENTATION_CONTEXT() REPRESENTATION_CONTEXT('2D SPACE',''
  ) );
#4441 = PCURVE('',#1275,#4442);
#4442 = DEFINITIONAL_REPRESENTATION('',(#4443),#4447);
#4443 = LINE('',#4444,#4445);
#4444 = CARTESIAN_POINT('',(0.,0.));
#4445 = VECTOR('',#4446,1.);
#4446 = DIRECTION('',(1.,0.));
#4447 = ( GEOMETRIC_REPRESENTATION_CONTEXT(2) 
PARAMETRIC_REPRESENTATION_CONTEXT() REPRESENTATION_CONTEXT('2D SPACE',''
  ) );
#4448 = ADVANCED_FACE('',(#4449),#1219,.F.);
#4449 = FACE_BOUND('',#4450,.F.);
#4450 = EDGE_LOOP('',(#4451,#4452,#4453,#4454));
#4451 = ORIENTED_EDGE('',*,*,#1580,.F.);
#4452 = ORIENTED_EDGE('',*,*,#3391,.T.);
#4453 = ORIENTED_EDGE('',*,*,#1203,.T.);
#4454 = ORIENTED_EDGE('',*,*,#4406,.F.);
#4455 = ADVANCED_FACE('',(#4456),#1415,.F.);
#4456 = FACE_BOUND('',#4457,.F.);
#4457 = EDGE_LOOP('',(#4458,#4459,#4460,#4481));
#4458 = ORIENTED_EDGE('',*,*,#3443,.F.);
#4459 = ORIENTED_EDGE('',*,*,#1741,.T.);
#4460 = ORIENTED_EDGE('',*,*,#4461,.T.);
#4461 = EDGE_CURVE('',#1719,#1372,#4462,.T.);
#4462 = SURFACE_CURVE('',#4463,(#4467,#4474),.PCURVE_S1.);
#4463 = LINE('',#4464,#4465);
#4464 = CARTESIAN_POINT('',(41.5,-41.5,0.));
#4465 = VECTOR('',#4466,1.);
#4466 = DIRECTION('',(0.,0.,1.));
#4467 = PCURVE('',#1415,#4468);
#4468 = DEFINITIONAL_REPRESENTATION('',(#4469),#4473);
#4469 = LINE('',#4470,#4471);
#4470 = CARTESIAN_POINT('',(0.,-8.5));
#4471 = VECTOR('',#4472,1.);
#4472 = DIRECTION('',(1.,0.));
#4473 = ( GEOMETRIC_REPRESENTATION_CONTEXT(2) 
PARAMETRIC_REPRESENTATION_CONTEXT() REPRESENTATION_CONTEXT('2D SPACE',''
  ) );
#4474 = PCURVE('',#1387,#4475);
#4475 = DEFINITIONAL_REPRESENTATION('',(#4476),#4480);
#4476 = LINE('',#4477,#4478);
#4477 = CARTESIAN_POINT('',(0.,0.));
#4478 = VECTOR('',#4479,1.);
#4479 = DIRECTION('',(1.,0.));
#4480 = ( GEOMETRIC_REPRESENTATION_CONTEXT(2) 
PARAMETRIC_REPRESENTATION_CONTEXT() REPRESENTATION_CONTEXT('2D SPACE',''
  ) );
#4481 = ORIENTED_EDGE('',*,*,#1399,.F.);
#4482 = ADVANCED_FACE('',(#4483),#1387,.T.);
#4483 = FACE_BOUND('',#4484,.T.);
#4484 = EDGE_LOOP('',(#4485,#4486,#4487,#4488));
#4485 = ORIENTED_EDGE('',*,*,#1718,.F.);
#4486 = ORIENTED_EDGE('',*,*,#4461,.T.);
#4487 = ORIENTED_EDGE('',*,*,#1371,.T.);
#4488 = ORIENTED_EDGE('',*,*,#4489,.F.);
#4489 = EDGE_CURVE('',#1696,#1344,#4490,.T.);
#4490 = SURFACE_CURVE('',#4491,(#4495,#4502),.PCURVE_S1.);
#4491 = LINE('',#4492,#4493);
#4492 = CARTESIAN_POINT('',(48.,-41.5,0.));
#4493 = VECTOR('',#4494,1.);
#4494 = DIRECTION('',(0.,0.,1.));
#4495 = PCURVE('',#1387,#4496);
#4496 = DEFINITIONAL_REPRESENTATION('',(#4497),#4501);
#4497 = LINE('',#4498,#4499);
#4498 = CARTESIAN_POINT('',(0.,6.5));
#4499 = VECTOR('',#4500,1.);
#4500 = DIRECTION('',(1.,0.));
#4501 = ( GEOMETRIC_REPRESENTATION_CONTEXT(2) 
PARAMETRIC_REPRESENTATION_CONTEXT() REPRESENTATION_CONTEXT('2D SPACE',''
  ) );
#4502 = PCURVE('',#1359,#4503);
#4503 = DEFINITIONAL_REPRESENTATION('',(#4504),#4508);
#4504 = LINE('',#4505,#4506);
#4505 = CARTESIAN_POINT('',(0.,0.));
#4506 = VECTOR('',#4507,1.);
#4507 = DIRECTION('',(1.,0.));
#4508 = ( GEOMETRIC_REPRESENTATION_CONTEXT(2) 
PARAMETRIC_REPRESENTATION_CONTEXT() REPRESENTATION_CONTEXT('2D SPACE',''
  ) );
#4509 = ADVANCED_FACE('',(#4510,#4536,#4622,#4708,#4794),#1275,.F.);
#4510 = FACE_BOUND('',#4511,.F.);
#4511 = EDGE_LOOP('',(#4512,#4513,#4514,#4515));
#4512 = ORIENTED_EDGE('',*,*,#1626,.F.);
#4513 = ORIENTED_EDGE('',*,*,#4428,.T.);
#4514 = ORIENTED_EDGE('',*,*,#1259,.T.);
#4515 = ORIENTED_EDGE('',*,*,#4516,.F.);
#4516 = EDGE_CURVE('',#1627,#1260,#4517,.T.);
#4517 = SURFACE_CURVE('',#4518,(#4522,#4529),.PCURVE_S1.);
#4518 = LINE('',#4519,#4520);
#4519 = CARTESIAN_POINT('',(41.5,48.,0.));
#4520 = VECTOR('',#4521,1.);
#4521 = DIRECTION('',(0.,0.,1.));
#4522 = PCURVE('',#1275,#4523);
#4523 = DEFINITIONAL_REPRESENTATION('',(#4524),#4528);
#4524 = LINE('',#4525,#4526);
#4525 = CARTESIAN_POINT('',(0.,83.));
#4526 = VECTOR('',#4527,1.);
#4527 = DIRECTION('',(1.,0.));
#4528 = ( GEOMETRIC_REPRESENTATION_CONTEXT(2) 
PARAMETRIC_REPRESENTATION_CONTEXT() REPRESENTATION_CONTEXT('2D SPACE',''
  ) );
#4529 = PCURVE('',#1303,#4530);
#4530 = DEFINITIONAL_REPRESENTATION('',(#4531),#4535);
#4531 = LINE('',#4532,#4533);
#4532 = CARTESIAN_POINT('',(0.,-6.5));
#4533 = VECTOR('',#4534,1.);
#4534 = DIRECTION('',(1.,0.));
#4535 = ( GEOMETRIC_REPRESENTATION_CONTEXT(2) 
PARAMETRIC_REPRESENTATION_CONTEXT() REPRESENTATION_CONTEXT('2D SPACE',''
  ) );
#4536 = FACE_BOUND('',#4537,.F.);
#4537 = EDGE_LOOP('',(#4538,#4561,#4582,#4603));
#4538 = ORIENTED_EDGE('',*,*,#4539,.F.);
#4539 = EDGE_CURVE('',#4540,#4542,#4544,.T.);
#4540 = VERTEX_POINT('',#4541);
#4541 = CARTESIAN_POINT('',(-18.40486029088,48.,46.));
#4542 = VERTEX_POINT('',#4543);
#4543 = CARTESIAN_POINT('',(-4.,48.,46.));
#4544 = SURFACE_CURVE('',#4545,(#4549,#4555),.PCURVE_S1.);
#4545 = LINE('',#4546,#4547);
#4546 = CARTESIAN_POINT('',(-29.95243014544,48.,46.));
#4547 = VECTOR('',#4548,1.);
#4548 = DIRECTION('',(1.,0.,-0.));
#4549 = PCURVE('',#1275,#4550);
#4550 = DEFINITIONAL_REPRESENTATION('',(#4551),#4554);
#4551 = B_SPLINE_CURVE_WITH_KNOTS('',1,(#4552,#4553),.UNSPECIFIED.,.F.,
  .F.,(2,2),(11.547569854556,25.952430145444),.PIECEWISE_BEZIER_KNOTS.);
#4552 = CARTESIAN_POINT('',(46.,23.095139709112));
#4553 = CARTESIAN_POINT('',(46.,37.5));
#4554 = ( GEOMETRIC_REPRESENTATION_CONTEXT(2) 
PARAMETRIC_REPRESENTATION_CONTEXT() REPRESENTATION_CONTEXT('2D SPACE',''
  ) );
#4555 = PCURVE('',#3645,#4556);
#4556 = DEFINITIONAL_REPRESENTATION('',(#4557),#4560);
#4557 = B_SPLINE_CURVE_WITH_KNOTS('',1,(#4558,#4559),.UNSPECIFIED.,.F.,
  .F.,(2,2),(11.547569854556,25.952430145444),.PIECEWISE_BEZIER_KNOTS.);
#4558 = CARTESIAN_POINT('',(0.,3.));
#4559 = CARTESIAN_POINT('',(14.404860290888,3.));
#4560 = ( GEOMETRIC_REPRESENTATION_CONTEXT(2) 
PARAMETRIC_REPRESENTATION_CONTEXT() REPRESENTATION_CONTEXT('2D SPACE',''
  ) );
#4561 = ORIENTED_EDGE('',*,*,#4562,.T.);
#4562 = EDGE_CURVE('',#4540,#4563,#4565,.T.);
#4563 = VERTEX_POINT('',#4564);
#4564 = CARTESIAN_POINT('',(-18.40486029088,48.,31.595139709112));
#4565 = SURFACE_CURVE('',#4566,(#4570,#4576),.PCURVE_S1.);
#4566 = LINE('',#4567,#4568);
#4567 = CARTESIAN_POINT('',(-18.40486029088,48.,15.797569854556));
#4568 = VECTOR('',#4569,1.);
#4569 = DIRECTION('',(-0.,0.,-1.));
#4570 = PCURVE('',#1275,#4571);
#4571 = DEFINITIONAL_REPRESENTATION('',(#4572),#4575);
#4572 = B_SPLINE_CURVE_WITH_KNOTS('',1,(#4573,#4574),.UNSPECIFIED.,.F.,
  .F.,(2,2),(-30.20243014544,-15.79756985455),.PIECEWISE_BEZIER_KNOTS.);
#4573 = CARTESIAN_POINT('',(46.,23.095139709112));
#4574 = CARTESIAN_POINT('',(31.595139709112,23.095139709112));
#4575 = ( GEOMETRIC_REPRESENTATION_CONTEXT(2) 
PARAMETRIC_REPRESENTATION_CONTEXT() REPRESENTATION_CONTEXT('2D SPACE',''
  ) );
#4576 = PCURVE('',#3672,#4577);
#4577 = DEFINITIONAL_REPRESENTATION('',(#4578),#4581);
#4578 = B_SPLINE_CURVE_WITH_KNOTS('',1,(#4579,#4580),.UNSPECIFIED.,.F.,
  .F.,(2,2),(-30.20243014544,-15.79756985455),.PIECEWISE_BEZIER_KNOTS.);
#4579 = CARTESIAN_POINT('',(14.404860290888,-3.));
#4580 = CARTESIAN_POINT('',(0.,-3.));
#4581 = ( GEOMETRIC_REPRESENTATION_CONTEXT(2) 
PARAMETRIC_REPRESENTATION_CONTEXT() REPRESENTATION_CONTEXT('2D SPACE',''
  ) );
#4582 = ORIENTED_EDGE('',*,*,#4583,.T.);
#4583 = EDGE_CURVE('',#4563,#4584,#4586,.T.);
#4584 = VERTEX_POINT('',#4585);
#4585 = CARTESIAN_POINT('',(-4.,48.,31.595139709112));
#4586 = SURFACE_CURVE('',#4587,(#4591,#4597),.PCURVE_S1.);
#4587 = LINE('',#4588,#4589);
#4588 = CARTESIAN_POINT('',(-29.95243014544,48.,31.595139709112));
#4589 = VECTOR('',#4590,1.);
#4590 = DIRECTION('',(1.,0.,-0.));
#4591 = PCURVE('',#1275,#4592);
#4592 = DEFINITIONAL_REPRESENTATION('',(#4593),#4596);
#4593 = B_SPLINE_CURVE_WITH_KNOTS('',1,(#4594,#4595),.UNSPECIFIED.,.F.,
  .F.,(2,2),(11.547569854556,25.952430145444),.PIECEWISE_BEZIER_KNOTS.);
#4594 = CARTESIAN_POINT('',(31.595139709112,23.095139709112));
#4595 = CARTESIAN_POINT('',(31.595139709112,37.5));
#4596 = ( GEOMETRIC_REPRESENTATION_CONTEXT(2) 
PARAMETRIC_REPRESENTATION_CONTEXT() REPRESENTATION_CONTEXT('2D SPACE',''
  ) );
#4597 = PCURVE('',#3699,#4598);
#4598 = DEFINITIONAL_REPRESENTATION('',(#4599),#4602);
#4599 = B_SPLINE_CURVE_WITH_KNOTS('',1,(#4600,#4601),.UNSPECIFIED.,.F.,
  .F.,(2,2),(11.547569854556,25.952430145444),.PIECEWISE_BEZIER_KNOTS.);
#4600 = CARTESIAN_POINT('',(0.,3.));
#4601 = CARTESIAN_POINT('',(14.404860290888,3.));
#4602 = ( GEOMETRIC_REPRESENTATION_CONTEXT(2) 
PARAMETRIC_REPRESENTATION_CONTEXT() REPRESENTATION_CONTEXT('2D SPACE',''
  ) );
#4603 = ORIENTED_EDGE('',*,*,#4604,.F.);
#4604 = EDGE_CURVE('',#4542,#4584,#4605,.T.);
#4605 = SURFACE_CURVE('',#4606,(#4610,#4616),.PCURVE_S1.);
#4606 = LINE('',#4607,#4608);
#4607 = CARTESIAN_POINT('',(-4.,48.,15.797569854556));
#4608 = VECTOR('',#4609,1.);
#4609 = DIRECTION('',(-0.,0.,-1.));
#4610 = PCURVE('',#1275,#4611);
#4611 = DEFINITIONAL_REPRESENTATION('',(#4612),#4615);
#4612 = B_SPLINE_CURVE_WITH_KNOTS('',1,(#4613,#4614),.UNSPECIFIED.,.F.,
  .F.,(2,2),(-30.20243014544,-15.79756985455),.PIECEWISE_BEZIER_KNOTS.);
#4613 = CARTESIAN_POINT('',(46.,37.5));
#4614 = CARTESIAN_POINT('',(31.595139709112,37.5));
#4615 = ( GEOMETRIC_REPRESENTATION_CONTEXT(2) 
PARAMETRIC_REPRESENTATION_CONTEXT() REPRESENTATION_CONTEXT('2D SPACE',''
  ) );
#4616 = PCURVE('',#3724,#4617);
#4617 = DEFINITIONAL_REPRESENTATION('',(#4618),#4621);
#4618 = B_SPLINE_CURVE_WITH_KNOTS('',1,(#4619,#4620),.UNSPECIFIED.,.F.,
  .F.,(2,2),(-30.20243014544,-15.79756985455),.PIECEWISE_BEZIER_KNOTS.);
#4619 = CARTESIAN_POINT('',(14.404860290888,-3.));
#4620 = CARTESIAN_POINT('',(0.,-3.));
#4621 = ( GEOMETRIC_REPRESENTATION_CONTEXT(2) 
PARAMETRIC_REPRESENTATION_CONTEXT() REPRESENTATION_CONTEXT('2D SPACE',''
  ) );
#4622 = FACE_BOUND('',#4623,.F.);
#4623 = EDGE_LOOP('',(#4624,#4647,#4668,#4689));
#4624 = ORIENTED_EDGE('',*,*,#4625,.F.);
#4625 = EDGE_CURVE('',#4626,#4628,#4630,.T.);
#4626 = VERTEX_POINT('',#4627);
#4627 = CARTESIAN_POINT('',(-18.40486029088,48.,68.404860290888));
#4628 = VERTEX_POINT('',#4629);
#4629 = CARTESIAN_POINT('',(-4.,48.,68.404860290888));
#4630 = SURFACE_CURVE('',#4631,(#4635,#4641),.PCURVE_S1.);
#4631 = LINE('',#4632,#4633);
#4632 = CARTESIAN_POINT('',(-29.95243014544,48.,68.404860290888));
#4633 = VECTOR('',#4634,1.);
#4634 = DIRECTION('',(1.,0.,-0.));
#4635 = PCURVE('',#1275,#4636);
#4636 = DEFINITIONAL_REPRESENTATION('',(#4637),#4640);
#4637 = B_SPLINE_CURVE_WITH_KNOTS('',1,(#4638,#4639),.UNSPECIFIED.,.F.,
  .F.,(2,2),(11.547569854556,25.952430145444),.PIECEWISE_BEZIER_KNOTS.);
#4638 = CARTESIAN_POINT('',(68.404860290888,23.095139709112));
#4639 = CARTESIAN_POINT('',(68.404860290888,37.5));
#4640 = ( GEOMETRIC_REPRESENTATION_CONTEXT(2) 
PARAMETRIC_REPRESENTATION_CONTEXT() REPRESENTATION_CONTEXT('2D SPACE',''
  ) );
#4641 = PCURVE('',#3755,#4642);
#4642 = DEFINITIONAL_REPRESENTATION('',(#4643),#4646);
#4643 = B_SPLINE_CURVE_WITH_KNOTS('',1,(#4644,#4645),.UNSPECIFIED.,.F.,
  .F.,(2,2),(11.547569854556,25.952430145444),.PIECEWISE_BEZIER_KNOTS.);
#4644 = CARTESIAN_POINT('',(0.,3.));
#4645 = CARTESIAN_POINT('',(14.404860290888,3.));
#4646 = ( GEOMETRIC_REPRESENTATION_CONTEXT(2) 
PARAMETRIC_REPRESENTATION_CONTEXT() REPRESENTATION_CONTEXT('2D SPACE',''
  ) );
#4647 = ORIENTED_EDGE('',*,*,#4648,.T.);
#4648 = EDGE_CURVE('',#4626,#4649,#4651,.T.);
#4649 = VERTEX_POINT('',#4650);
#4650 = CARTESIAN_POINT('',(-18.40486029088,48.,54.));
#4651 = SURFACE_CURVE('',#4652,(#4656,#4662),.PCURVE_S1.);
#4652 = LINE('',#4653,#4654);
#4653 = CARTESIAN_POINT('',(-18.40486029088,48.,27.));
#4654 = VECTOR('',#4655,1.);
#4655 = DIRECTION('',(-0.,0.,-1.));
#4656 = PCURVE('',#1275,#4657);
#4657 = DEFINITIONAL_REPRESENTATION('',(#4658),#4661);
#4658 = B_SPLINE_CURVE_WITH_KNOTS('',1,(#4659,#4660),.UNSPECIFIED.,.F.,
  .F.,(2,2),(-41.40486029088,-27.),.PIECEWISE_BEZIER_KNOTS.);
#4659 = CARTESIAN_POINT('',(68.404860290888,23.095139709112));
#4660 = CARTESIAN_POINT('',(54.,23.095139709112));
#4661 = ( GEOMETRIC_REPRESENTATION_CONTEXT(2) 
PARAMETRIC_REPRESENTATION_CONTEXT() REPRESENTATION_CONTEXT('2D SPACE',''
  ) );
#4662 = PCURVE('',#3782,#4663);
#4663 = DEFINITIONAL_REPRESENTATION('',(#4664),#4667);
#4664 = B_SPLINE_CURVE_WITH_KNOTS('',1,(#4665,#4666),.UNSPECIFIED.,.F.,
  .F.,(2,2),(-41.40486029088,-27.),.PIECEWISE_BEZIER_KNOTS.);
#4665 = CARTESIAN_POINT('',(14.404860290888,-3.));
#4666 = CARTESIAN_POINT('',(0.,-3.));
#4667 = ( GEOMETRIC_REPRESENTATION_CONTEXT(2) 
PARAMETRIC_REPRESENTATION_CONTEXT() REPRESENTATION_CONTEXT('2D SPACE',''
  ) );
#4668 = ORIENTED_EDGE('',*,*,#4669,.T.);
#4669 = EDGE_CURVE('',#4649,#4670,#4672,.T.);
#4670 = VERTEX_POINT('',#4671);
#4671 = CARTESIAN_POINT('',(-4.,48.,54.));
#4672 = SURFACE_CURVE('',#4673,(#4677,#4683),.PCURVE_S1.);
#4673 = LINE('',#4674,#4675);
#4674 = CARTESIAN_POINT('',(-29.95243014544,48.,54.));
#4675 = VECTOR('',#4676,1.);
#4676 = DIRECTION('',(1.,0.,-0.));
#4677 = PCURVE('',#1275,#4678);
#4678 = DEFINITIONAL_REPRESENTATION('',(#4679),#4682);
#4679 = B_SPLINE_CURVE_WITH_KNOTS('',1,(#4680,#4681),.UNSPECIFIED.,.F.,
  .F.,(2,2),(11.547569854556,25.952430145444),.PIECEWISE_BEZIER_KNOTS.);
#4680 = CARTESIAN_POINT('',(54.,23.095139709112));
#4681 = CARTESIAN_POINT('',(54.,37.5));
#4682 = ( GEOMETRIC_REPRESENTATION_CONTEXT(2) 
PARAMETRIC_REPRESENTATION_CONTEXT() REPRESENTATION_CONTEXT('2D SPACE',''
  ) );
#4683 = PCURVE('',#3809,#4684);
#4684 = DEFINITIONAL_REPRESENTATION('',(#4685),#4688);
#4685 = B_SPLINE_CURVE_WITH_KNOTS('',1,(#4686,#4687),.UNSPECIFIED.,.F.,
  .F.,(2,2),(11.547569854556,25.952430145444),.PIECEWISE_BEZIER_KNOTS.);
#4686 = CARTESIAN_POINT('',(0.,3.));
#4687 = CARTESIAN_POINT('',(14.404860290888,3.));
#4688 = ( GEOMETRIC_REPRESENTATION_CONTEXT(2) 
PARAMETRIC_REPRESENTATION_CONTEXT() REPRESENTATION_CONTEXT('2D SPACE',''
  ) );
#4689 = ORIENTED_EDGE('',*,*,#4690,.F.);
#4690 = EDGE_CURVE('',#4628,#4670,#4691,.T.);
#4691 = SURFACE_CURVE('',#4692,(#4696,#4702),.PCURVE_S1.);
#4692 = LINE('',#4693,#4694);
#4693 = CARTESIAN_POINT('',(-4.,48.,27.));
#4694 = VECTOR('',#4695,1.);
#4695 = DIRECTION('',(-0.,0.,-1.));
#4696 = PCURVE('',#1275,#4697);
#4697 = DEFINITIONAL_REPRESENTATION('',(#4698),#4701);
#4698 = B_SPLINE_CURVE_WITH_KNOTS('',1,(#4699,#4700),.UNSPECIFIED.,.F.,
  .F.,(2,2),(-41.40486029088,-27.),.PIECEWISE_BEZIER_KNOTS.);
#4699 = CARTESIAN_POINT('',(68.404860290888,37.5));
#4700 = CARTESIAN_POINT('',(54.,37.5));
#4701 = ( GEOMETRIC_REPRESENTATION_CONTEXT(2) 
PARAMETRIC_REPRESENTATION_CONTEXT() REPRESENTATION_CONTEXT('2D SPACE',''
  ) );
#4702 = PCURVE('',#3834,#4703);
#4703 = DEFINITIONAL_REPRESENTATION('',(#4704),#4707);
#4704 = B_SPLINE_CURVE_WITH_KNOTS('',1,(#4705,#4706),.UNSPECIFIED.,.F.,
  .F.,(2,2),(-41.40486029088,-27.),.PIECEWISE_BEZIER_KNOTS.);
#4705 = CARTESIAN_POINT('',(14.404860290888,-3.));
#4706 = CARTESIAN_POINT('',(0.,-3.));
#4707 = ( GEOMETRIC_REPRESENTATION_CONTEXT(2) 
PARAMETRIC_REPRESENTATION_CONTEXT() REPRESENTATION_CONTEXT('2D SPACE',''
  ) );
#4708 = FACE_BOUND('',#4709,.F.);
#4709 = EDGE_LOOP('',(#4710,#4733,#4754,#4775));
#4710 = ORIENTED_EDGE('',*,*,#4711,.F.);
#4711 = EDGE_CURVE('',#4712,#4714,#4716,.T.);
#4712 = VERTEX_POINT('',#4713);
#4713 = CARTESIAN_POINT('',(4.,48.,46.));
#4714 = VERTEX_POINT('',#4715);
#4715 = CARTESIAN_POINT('',(18.404860290888,48.,46.));
#4716 = SURFACE_CURVE('',#4717,(#4721,#4727),.PCURVE_S1.);
#4717 = LINE('',#4718,#4719);
#4718 = CARTESIAN_POINT('',(-18.75,48.,46.));
#4719 = VECTOR('',#4720,1.);
#4720 = DIRECTION('',(1.,0.,-0.));
#4721 = PCURVE('',#1275,#4722);
#4722 = DEFINITIONAL_REPRESENTATION('',(#4723),#4726);
#4723 = B_SPLINE_CURVE_WITH_KNOTS('',1,(#4724,#4725),.UNSPECIFIED.,.F.,
  .F.,(2,2),(22.75,37.154860290888),.PIECEWISE_BEZIER_KNOTS.);
#4724 = CARTESIAN_POINT('',(46.,45.5));
#4725 = CARTESIAN_POINT('',(46.,59.904860290888));
#4726 = ( GEOMETRIC_REPRESENTATION_CONTEXT(2) 
PARAMETRIC_REPRESENTATION_CONTEXT() REPRESENTATION_CONTEXT('2D SPACE',''
  ) );
#4727 = PCURVE('',#3865,#4728);
#4728 = DEFINITIONAL_REPRESENTATION('',(#4729),#4732);
#4729 = B_SPLINE_CURVE_WITH_KNOTS('',1,(#4730,#4731),.UNSPECIFIED.,.F.,
  .F.,(2,2),(22.75,37.154860290888),.PIECEWISE_BEZIER_KNOTS.);
#4730 = CARTESIAN_POINT('',(0.,3.));
#4731 = CARTESIAN_POINT('',(14.404860290888,3.));
#4732 = ( GEOMETRIC_REPRESENTATION_CONTEXT(2) 
PARAMETRIC_REPRESENTATION_CONTEXT() REPRESENTATION_CONTEXT('2D SPACE',''
  ) );
#4733 = ORIENTED_EDGE('',*,*,#4734,.T.);
#4734 = EDGE_CURVE('',#4712,#4735,#4737,.T.);
#4735 = VERTEX_POINT('',#4736);
#4736 = CARTESIAN_POINT('',(4.,48.,31.595139709112));
#4737 = SURFACE_CURVE('',#4738,(#4742,#4748),.PCURVE_S1.);
#4738 = LINE('',#4739,#4740);
#4739 = CARTESIAN_POINT('',(4.,48.,15.797569854556));
#4740 = VECTOR('',#4741,1.);
#4741 = DIRECTION('',(-0.,0.,-1.));
#4742 = PCURVE('',#1275,#4743);
#4743 = DEFINITIONAL_REPRESENTATION('',(#4744),#4747);
#4744 = B_SPLINE_CURVE_WITH_KNOTS('',1,(#4745,#4746),.UNSPECIFIED.,.F.,
  .F.,(2,2),(-30.20243014544,-15.79756985455),.PIECEWISE_BEZIER_KNOTS.);
#4745 = CARTESIAN_POINT('',(46.,45.5));
#4746 = CARTESIAN_POINT('',(31.595139709112,45.5));
#4747 = ( GEOMETRIC_REPRESENTATION_CONTEXT(2) 
PARAMETRIC_REPRESENTATION_CONTEXT() REPRESENTATION_CONTEXT('2D SPACE',''
  ) );
#4748 = PCURVE('',#3892,#4749);
#4749 = DEFINITIONAL_REPRESENTATION('',(#4750),#4753);
#4750 = B_SPLINE_CURVE_WITH_KNOTS('',1,(#4751,#4752),.UNSPECIFIED.,.F.,
  .F.,(2,2),(-30.20243014544,-15.79756985455),.PIECEWISE_BEZIER_KNOTS.);
#4751 = CARTESIAN_POINT('',(14.404860290888,-3.));
#4752 = CARTESIAN_POINT('',(0.,-3.));
#4753 = ( GEOMETRIC_REPRESENTATION_CONTEXT(2) 
PARAMETRIC_REPRESENTATION_CONTEXT() REPRESENTATION_CONTEXT('2D SPACE',''
  ) );
#4754 = ORIENTED_EDGE('',*,*,#4755,.T.);
#4755 = EDGE_CURVE('',#4735,#4756,#4758,.T.);
#4756 = VERTEX_POINT('',#4757);
#4757 = CARTESIAN_POINT('',(18.404860290888,48.,31.595139709112));
#4758 = SURFACE_CURVE('',#4759,(#4763,#4769),.PCURVE_S1.);
#4759 = LINE('',#4760,#4761);
#4760 = CARTESIAN_POINT('',(-18.75,48.,31.595139709112));
#4761 = VECTOR('',#4762,1.);
#4762 = DIRECTION('',(1.,0.,-0.));
#4763 = PCURVE('',#1275,#4764);
#4764 = DEFINITIONAL_REPRESENTATION('',(#4765),#4768);
#4765 = B_SPLINE_CURVE_WITH_KNOTS('',1,(#4766,#4767),.UNSPECIFIED.,.F.,
  .F.,(2,2),(22.75,37.154860290888),.PIECEWISE_BEZIER_KNOTS.);
#4766 = CARTESIAN_POINT('',(31.595139709112,45.5));
#4767 = CARTESIAN_POINT('',(31.595139709112,59.904860290888));
#4768 = ( GEOMETRIC_REPRESENTATION_CONTEXT(2) 
PARAMETRIC_REPRESENTATION_CONTEXT() REPRESENTATION_CONTEXT('2D SPACE',''
  ) );
#4769 = PCURVE('',#3919,#4770);
#4770 = DEFINITIONAL_REPRESENTATION('',(#4771),#4774);
#4771 = B_SPLINE_CURVE_WITH_KNOTS('',1,(#4772,#4773),.UNSPECIFIED.,.F.,
  .F.,(2,2),(22.75,37.154860290888),.PIECEWISE_BEZIER_KNOTS.);
#4772 = CARTESIAN_POINT('',(0.,3.));
#4773 = CARTESIAN_POINT('',(14.404860290888,3.));
#4774 = ( GEOMETRIC_REPRESENTATION_CONTEXT(2) 
PARAMETRIC_REPRESENTATION_CONTEXT() REPRESENTATION_CONTEXT('2D SPACE',''
  ) );
#4775 = ORIENTED_EDGE('',*,*,#4776,.F.);
#4776 = EDGE_CURVE('',#4714,#4756,#4777,.T.);
#4777 = SURFACE_CURVE('',#4778,(#4782,#4788),.PCURVE_S1.);
#4778 = LINE('',#4779,#4780);
#4779 = CARTESIAN_POINT('',(18.404860290888,48.,15.797569854556));
#4780 = VECTOR('',#4781,1.);
#4781 = DIRECTION('',(-0.,0.,-1.));
#4782 = PCURVE('',#1275,#4783);
#4783 = DEFINITIONAL_REPRESENTATION('',(#4784),#4787);
#4784 = B_SPLINE_CURVE_WITH_KNOTS('',1,(#4785,#4786),.UNSPECIFIED.,.F.,
  .F.,(2,2),(-30.20243014544,-15.79756985455),.PIECEWISE_BEZIER_KNOTS.);
#4785 = CARTESIAN_POINT('',(46.,59.904860290888));
#4786 = CARTESIAN_POINT('',(31.595139709112,59.904860290888));
#4787 = ( GEOMETRIC_REPRESENTATION_CONTEXT(2) 
PARAMETRIC_REPRESENTATION_CONTEXT() REPRESENTATION_CONTEXT('2D SPACE',''
  ) );
#4788 = PCURVE('',#3944,#4789);
#4789 = DEFINITIONAL_REPRESENTATION('',(#4790),#4793);
#4790 = B_SPLINE_CURVE_WITH_KNOTS('',1,(#4791,#4792),.UNSPECIFIED.,.F.,
  .F.,(2,2),(-30.20243014544,-15.79756985455),.PIECEWISE_BEZIER_KNOTS.);
#4791 = CARTESIAN_POINT('',(14.404860290888,-3.));
#4792 = CARTESIAN_POINT('',(0.,-3.));
#4793 = ( GEOMETRIC_REPRESENTATION_CONTEXT(2) 
PARAMETRIC_REPRESENTATION_CONTEXT() REPRESENTATION_CONTEXT('2D SPACE',''
  ) );
#4794 = FACE_BOUND('',#4795,.F.);
#4795 = EDGE_LOOP('',(#4796,#4819,#4840,#4861));
#4796 = ORIENTED_EDGE('',*,*,#4797,.F.);
#4797 = EDGE_CURVE('',#4798,#4800,#4802,.T.);
#4798 = VERTEX_POINT('',#4799);
#4799 = CARTESIAN_POINT('',(4.,48.,68.404860290888));
#4800 = VERTEX_POINT('',#4801);
#4801 = CARTESIAN_POINT('',(18.404860290888,48.,68.404860290888));
#4802 = SURFACE_CURVE('',#4803,(#4807,#4813),.PCURVE_S1.);
#4803 = LINE('',#4804,#4805);
#4804 = CARTESIAN_POINT('',(-18.75,48.,68.404860290888));
#4805 = VECTOR('',#4806,1.);
#4806 = DIRECTION('',(1.,0.,-0.));
#4807 = PCURVE('',#1275,#4808);
#4808 = DEFINITIONAL_REPRESENTATION('',(#4809),#4812);
#4809 = B_SPLINE_CURVE_WITH_KNOTS('',1,(#4810,#4811),.UNSPECIFIED.,.F.,
  .F.,(2,2),(22.75,37.154860290888),.PIECEWISE_BEZIER_KNOTS.);
#4810 = CARTESIAN_POINT('',(68.404860290888,45.5));
#4811 = CARTESIAN_POINT('',(68.404860290888,59.904860290888));
#4812 = ( GEOMETRIC_REPRESENTATION_CONTEXT(2) 
PARAMETRIC_REPRESENTATION_CONTEXT() REPRESENTATION_CONTEXT('2D SPACE',''
  ) );
#4813 = PCURVE('',#3614,#4814);
#4814 = DEFINITIONAL_REPRESENTATION('',(#4815),#4818);
#4815 = B_SPLINE_CURVE_WITH_KNOTS('',1,(#4816,#4817),.UNSPECIFIED.,.F.,
  .F.,(2,2),(22.75,37.154860290888),.PIECEWISE_BEZIER_KNOTS.);
#4816 = CARTESIAN_POINT('',(0.,3.));
#4817 = CARTESIAN_POINT('',(14.404860290888,3.));
#4818 = ( GEOMETRIC_REPRESENTATION_CONTEXT(2) 
PARAMETRIC_REPRESENTATION_CONTEXT() REPRESENTATION_CONTEXT('2D SPACE',''
  ) );
#4819 = ORIENTED_EDGE('',*,*,#4820,.T.);
#4820 = EDGE_CURVE('',#4798,#4821,#4823,.T.);
#4821 = VERTEX_POINT('',#4822);
#4822 = CARTESIAN_POINT('',(4.,48.,54.));
#4823 = SURFACE_CURVE('',#4824,(#4828,#4834),.PCURVE_S1.);
#4824 = LINE('',#4825,#4826);
#4825 = CARTESIAN_POINT('',(4.,48.,27.));
#4826 = VECTOR('',#4827,1.);
#4827 = DIRECTION('',(-0.,0.,-1.));
#4828 = PCURVE('',#1275,#4829);
#4829 = DEFINITIONAL_REPRESENTATION('',(#4830),#4833);
#4830 = B_SPLINE_CURVE_WITH_KNOTS('',1,(#4831,#4832),.UNSPECIFIED.,.F.,
  .F.,(2,2),(-41.40486029088,-27.),.PIECEWISE_BEZIER_KNOTS.);
#4831 = CARTESIAN_POINT('',(68.404860290888,45.5));
#4832 = CARTESIAN_POINT('',(54.,45.5));
#4833 = ( GEOMETRIC_REPRESENTATION_CONTEXT(2) 
PARAMETRIC_REPRESENTATION_CONTEXT() REPRESENTATION_CONTEXT('2D SPACE',''
  ) );
#4834 = PCURVE('',#3535,#4835);
#4835 = DEFINITIONAL_REPRESENTATION('',(#4836),#4839);
#4836 = B_SPLINE_CURVE_WITH_KNOTS('',1,(#4837,#4838),.UNSPECIFIED.,.F.,
  .F.,(2,2),(-41.40486029088,-27.),.PIECEWISE_BEZIER_KNOTS.);
#4837 = CARTESIAN_POINT('',(14.404860290888,-3.));
#4838 = CARTESIAN_POINT('',(0.,-3.));
#4839 = ( GEOMETRIC_REPRESENTATION_CONTEXT(2) 
PARAMETRIC_REPRESENTATION_CONTEXT() REPRESENTATION_CONTEXT('2D SPACE',''
  ) );
#4840 = ORIENTED_EDGE('',*,*,#4841,.T.);
#4841 = EDGE_CURVE('',#4821,#4842,#4844,.T.);
#4842 = VERTEX_POINT('',#4843);
#4843 = CARTESIAN_POINT('',(18.404860290888,48.,54.));
#4844 = SURFACE_CURVE('',#4845,(#4849,#4855),.PCURVE_S1.);
#4845 = LINE('',#4846,#4847);
#4846 = CARTESIAN_POINT('',(-18.75,48.,54.));
#4847 = VECTOR('',#4848,1.);
#4848 = DIRECTION('',(1.,0.,-0.));
#4849 = PCURVE('',#1275,#4850);
#4850 = DEFINITIONAL_REPRESENTATION('',(#4851),#4854);
#4851 = B_SPLINE_CURVE_WITH_KNOTS('',1,(#4852,#4853),.UNSPECIFIED.,.F.,
  .F.,(2,2),(22.75,37.154860290888),.PIECEWISE_BEZIER_KNOTS.);
#4852 = CARTESIAN_POINT('',(54.,45.5));
#4853 = CARTESIAN_POINT('',(54.,59.904860290888));
#4854 = ( GEOMETRIC_REPRESENTATION_CONTEXT(2) 
PARAMETRIC_REPRESENTATION_CONTEXT() REPRESENTATION_CONTEXT('2D SPACE',''
  ) );
#4855 = PCURVE('',#3562,#4856);
#4856 = DEFINITIONAL_REPRESENTATION('',(#4857),#4860);
#4857 = B_SPLINE_CURVE_WITH_KNOTS('',1,(#4858,#4859),.UNSPECIFIED.,.F.,
  .F.,(2,2),(22.75,37.154860290888),.PIECEWISE_BEZIER_KNOTS.);
#4858 = CARTESIAN_POINT('',(0.,3.));
#4859 = CARTESIAN_POINT('',(14.404860290888,3.));
#4860 = ( GEOMETRIC_REPRESENTATION_CONTEXT(2) 
PARAMETRIC_REPRESENTATION_CONTEXT() REPRESENTATION_CONTEXT('2D SPACE',''
  ) );
#4861 = ORIENTED_EDGE('',*,*,#4862,.F.);
#4862 = EDGE_CURVE('',#4800,#4842,#4863,.T.);
#4863 = SURFACE_CURVE('',#4864,(#4868,#4874),.PCURVE_S1.);
#4864 = LINE('',#4865,#4866);
#4865 = CARTESIAN_POINT('',(18.404860290888,48.,27.));
#4866 = VECTOR('',#4867,1.);
#4867 = DIRECTION('',(-0.,0.,-1.));
#4868 = PCURVE('',#1275,#4869);
#4869 = DEFINITIONAL_REPRESENTATION('',(#4870),#4873);
#4870 = B_SPLINE_CURVE_WITH_KNOTS('',1,(#4871,#4872),.UNSPECIFIED.,.F.,
  .F.,(2,2),(-41.40486029088,-27.),.PIECEWISE_BEZIER_KNOTS.);
#4871 = CARTESIAN_POINT('',(68.404860290888,59.904860290888));
#4872 = CARTESIAN_POINT('',(54.,59.904860290888));
#4873 = ( GEOMETRIC_REPRESENTATION_CONTEXT(2) 
PARAMETRIC_REPRESENTATION_CONTEXT() REPRESENTATION_CONTEXT('2D SPACE',''
  ) );
#4874 = PCURVE('',#3589,#4875);
#4875 = DEFINITIONAL_REPRESENTATION('',(#4876),#4879);
#4876 = B_SPLINE_CURVE_WITH_KNOTS('',1,(#4877,#4878),.UNSPECIFIED.,.F.,
  .F.,(2,2),(-41.40486029088,-27.),.PIECEWISE_BEZIER_KNOTS.);
#4877 = CARTESIAN_POINT('',(14.404860290888,-3.));
#4878 = CARTESIAN_POINT('',(0.,-3.));
#4879 = ( GEOMETRIC_REPRESENTATION_CONTEXT(2) 
PARAMETRIC_REPRESENTATION_CONTEXT() REPRESENTATION_CONTEXT('2D SPACE',''
  ) );
#4880 = ADVANCED_FACE('',(#4881,#4907,#4993,#5079,#5165),#1359,.F.);
#4881 = FACE_BOUND('',#4882,.F.);
#4882 = EDGE_LOOP('',(#4883,#4884,#4885,#4906));
#4883 = ORIENTED_EDGE('',*,*,#4489,.F.);
#4884 = ORIENTED_EDGE('',*,*,#1695,.T.);
#4885 = ORIENTED_EDGE('',*,*,#4886,.T.);
#4886 = EDGE_CURVE('',#1673,#1316,#4887,.T.);
#4887 = SURFACE_CURVE('',#4888,(#4892,#4899),.PCURVE_S1.);
#4888 = LINE('',#4889,#4890);
#4889 = CARTESIAN_POINT('',(48.,41.5,0.));
#4890 = VECTOR('',#4891,1.);
#4891 = DIRECTION('',(0.,0.,1.));
#4892 = PCURVE('',#1359,#4893);
#4893 = DEFINITIONAL_REPRESENTATION('',(#4894),#4898);
#4894 = LINE('',#4895,#4896);
#4895 = CARTESIAN_POINT('',(0.,-83.));
#4896 = VECTOR('',#4897,1.);
#4897 = DIRECTION('',(1.,0.));
#4898 = ( GEOMETRIC_REPRESENTATION_CONTEXT(2) 
PARAMETRIC_REPRESENTATION_CONTEXT() REPRESENTATION_CONTEXT('2D SPACE',''
  ) );
#4899 = PCURVE('',#1331,#4900);
#4900 = DEFINITIONAL_REPRESENTATION('',(#4901),#4905);
#4901 = LINE('',#4902,#4903);
#4902 = CARTESIAN_POINT('',(0.,6.5));
#4903 = VECTOR('',#4904,1.);
#4904 = DIRECTION('',(1.,0.));
#4905 = ( GEOMETRIC_REPRESENTATION_CONTEXT(2) 
PARAMETRIC_REPRESENTATION_CONTEXT() REPRESENTATION_CONTEXT('2D SPACE',''
  ) );
#4906 = ORIENTED_EDGE('',*,*,#1343,.F.);
#4907 = FACE_BOUND('',#4908,.F.);
#4908 = EDGE_LOOP('',(#4909,#4932,#4953,#4974));
#4909 = ORIENTED_EDGE('',*,*,#4910,.T.);
#4910 = EDGE_CURVE('',#4911,#4913,#4915,.T.);
#4911 = VERTEX_POINT('',#4912);
#4912 = CARTESIAN_POINT('',(48.,18.404860290888,31.595139709112));
#4913 = VERTEX_POINT('',#4914);
#4914 = CARTESIAN_POINT('',(48.,4.,31.595139709112));
#4915 = SURFACE_CURVE('',#4916,(#4920,#4926),.PCURVE_S1.);
#4916 = LINE('',#4917,#4918);
#4917 = CARTESIAN_POINT('',(48.,-18.75,31.595139709112));
#4918 = VECTOR('',#4919,1.);
#4919 = DIRECTION('',(0.,-1.,0.));
#4920 = PCURVE('',#1359,#4921);
#4921 = DEFINITIONAL_REPRESENTATION('',(#4922),#4925);
#4922 = B_SPLINE_CURVE_WITH_KNOTS('',1,(#4923,#4924),.UNSPECIFIED.,.F.,
  .F.,(2,2),(-37.15486029088,-22.75),.PIECEWISE_BEZIER_KNOTS.);
#4923 = CARTESIAN_POINT('',(31.595139709112,-59.90486029088));
#4924 = CARTESIAN_POINT('',(31.595139709112,-45.5));
#4925 = ( GEOMETRIC_REPRESENTATION_CONTEXT(2) 
PARAMETRIC_REPRESENTATION_CONTEXT() REPRESENTATION_CONTEXT('2D SPACE',''
  ) );
#4926 = PCURVE('',#4092,#4927);
#4927 = DEFINITIONAL_REPRESENTATION('',(#4928),#4931);
#4928 = B_SPLINE_CURVE_WITH_KNOTS('',1,(#4929,#4930),.UNSPECIFIED.,.F.,
  .F.,(2,2),(-37.15486029088,-22.75),.PIECEWISE_BEZIER_KNOTS.);
#4929 = CARTESIAN_POINT('',(14.404860290888,5.));
#4930 = CARTESIAN_POINT('',(0.,5.));
#4931 = ( GEOMETRIC_REPRESENTATION_CONTEXT(2) 
PARAMETRIC_REPRESENTATION_CONTEXT() REPRESENTATION_CONTEXT('2D SPACE',''
  ) );
#4932 = ORIENTED_EDGE('',*,*,#4933,.T.);
#4933 = EDGE_CURVE('',#4913,#4934,#4936,.T.);
#4934 = VERTEX_POINT('',#4935);
#4935 = CARTESIAN_POINT('',(48.,4.,46.));
#4936 = SURFACE_CURVE('',#4937,(#4941,#4947),.PCURVE_S1.);
#4937 = LINE('',#4938,#4939);
#4938 = CARTESIAN_POINT('',(48.,4.,15.797569854556));
#4939 = VECTOR('',#4940,1.);
#4940 = DIRECTION('',(0.,-0.,1.));
#4941 = PCURVE('',#1359,#4942);
#4942 = DEFINITIONAL_REPRESENTATION('',(#4943),#4946);
#4943 = B_SPLINE_CURVE_WITH_KNOTS('',1,(#4944,#4945),.UNSPECIFIED.,.F.,
  .F.,(2,2),(15.797569854556,30.202430145444),.PIECEWISE_BEZIER_KNOTS.);
#4944 = CARTESIAN_POINT('',(31.595139709112,-45.5));
#4945 = CARTESIAN_POINT('',(46.,-45.5));
#4946 = ( GEOMETRIC_REPRESENTATION_CONTEXT(2) 
PARAMETRIC_REPRESENTATION_CONTEXT() REPRESENTATION_CONTEXT('2D SPACE',''
  ) );
#4947 = PCURVE('',#4119,#4948);
#4948 = DEFINITIONAL_REPRESENTATION('',(#4949),#4952);
#4949 = B_SPLINE_CURVE_WITH_KNOTS('',1,(#4950,#4951),.UNSPECIFIED.,.F.,
  .F.,(2,2),(15.797569854556,30.202430145444),.PIECEWISE_BEZIER_KNOTS.);
#4950 = CARTESIAN_POINT('',(0.,-5.));
#4951 = CARTESIAN_POINT('',(14.404860290888,-5.));
#4952 = ( GEOMETRIC_REPRESENTATION_CONTEXT(2) 
PARAMETRIC_REPRESENTATION_CONTEXT() REPRESENTATION_CONTEXT('2D SPACE',''
  ) );
#4953 = ORIENTED_EDGE('',*,*,#4954,.F.);
#4954 = EDGE_CURVE('',#4955,#4934,#4957,.T.);
#4955 = VERTEX_POINT('',#4956);
#4956 = CARTESIAN_POINT('',(48.,18.404860290888,46.));
#4957 = SURFACE_CURVE('',#4958,(#4962,#4968),.PCURVE_S1.);
#4958 = LINE('',#4959,#4960);
#4959 = CARTESIAN_POINT('',(48.,-18.75,46.));
#4960 = VECTOR('',#4961,1.);
#4961 = DIRECTION('',(0.,-1.,0.));
#4962 = PCURVE('',#1359,#4963);
#4963 = DEFINITIONAL_REPRESENTATION('',(#4964),#4967);
#4964 = B_SPLINE_CURVE_WITH_KNOTS('',1,(#4965,#4966),.UNSPECIFIED.,.F.,
  .F.,(2,2),(-37.15486029088,-22.75),.PIECEWISE_BEZIER_KNOTS.);
#4965 = CARTESIAN_POINT('',(46.,-59.90486029088));
#4966 = CARTESIAN_POINT('',(46.,-45.5));
#4967 = ( GEOMETRIC_REPRESENTATION_CONTEXT(2) 
PARAMETRIC_REPRESENTATION_CONTEXT() REPRESENTATION_CONTEXT('2D SPACE',''
  ) );
#4968 = PCURVE('',#4146,#4969);
#4969 = DEFINITIONAL_REPRESENTATION('',(#4970),#4973);
#4970 = B_SPLINE_CURVE_WITH_KNOTS('',1,(#4971,#4972),.UNSPECIFIED.,.F.,
  .F.,(2,2),(-37.15486029088,-22.75),.PIECEWISE_BEZIER_KNOTS.);
#4971 = CARTESIAN_POINT('',(14.404860290888,5.));
#4972 = CARTESIAN_POINT('',(0.,5.));
#4973 = ( GEOMETRIC_REPRESENTATION_CONTEXT(2) 
PARAMETRIC_REPRESENTATION_CONTEXT() REPRESENTATION_CONTEXT('2D SPACE',''
  ) );
#4974 = ORIENTED_EDGE('',*,*,#4975,.F.);
#4975 = EDGE_CURVE('',#4911,#4955,#4976,.T.);
#4976 = SURFACE_CURVE('',#4977,(#4981,#4987),.PCURVE_S1.);
#4977 = LINE('',#4978,#4979);
#4978 = CARTESIAN_POINT('',(48.,18.404860290888,15.797569854556));
#4979 = VECTOR('',#4980,1.);
#4980 = DIRECTION('',(0.,-0.,1.));
#4981 = PCURVE('',#1359,#4982);
#4982 = DEFINITIONAL_REPRESENTATION('',(#4983),#4986);
#4983 = B_SPLINE_CURVE_WITH_KNOTS('',1,(#4984,#4985),.UNSPECIFIED.,.F.,
  .F.,(2,2),(15.797569854556,30.202430145444),.PIECEWISE_BEZIER_KNOTS.);
#4984 = CARTESIAN_POINT('',(31.595139709112,-59.90486029088));
#4985 = CARTESIAN_POINT('',(46.,-59.90486029088));
#4986 = ( GEOMETRIC_REPRESENTATION_CONTEXT(2) 
PARAMETRIC_REPRESENTATION_CONTEXT() REPRESENTATION_CONTEXT('2D SPACE',''
  ) );
#4987 = PCURVE('',#4171,#4988);
#4988 = DEFINITIONAL_REPRESENTATION('',(#4989),#4992);
#4989 = B_SPLINE_CURVE_WITH_KNOTS('',1,(#4990,#4991),.UNSPECIFIED.,.F.,
  .F.,(2,2),(15.797569854556,30.202430145444),.PIECEWISE_BEZIER_KNOTS.);
#4990 = CARTESIAN_POINT('',(0.,-5.));
#4991 = CARTESIAN_POINT('',(14.404860290888,-5.));
#4992 = ( GEOMETRIC_REPRESENTATION_CONTEXT(2) 
PARAMETRIC_REPRESENTATION_CONTEXT() REPRESENTATION_CONTEXT('2D SPACE',''
  ) );
#4993 = FACE_BOUND('',#4994,.F.);
#4994 = EDGE_LOOP('',(#4995,#5018,#5039,#5060));
#4995 = ORIENTED_EDGE('',*,*,#4996,.T.);
#4996 = EDGE_CURVE('',#4997,#4999,#5001,.T.);
#4997 = VERTEX_POINT('',#4998);
#4998 = CARTESIAN_POINT('',(48.,18.404860290888,54.));
#4999 = VERTEX_POINT('',#5000);
#5000 = CARTESIAN_POINT('',(48.,4.,54.));
#5001 = SURFACE_CURVE('',#5002,(#5006,#5012),.PCURVE_S1.);
#5002 = LINE('',#5003,#5004);
#5003 = CARTESIAN_POINT('',(48.,-18.75,54.));
#5004 = VECTOR('',#5005,1.);
#5005 = DIRECTION('',(0.,-1.,0.));
#5006 = PCURVE('',#1359,#5007);
#5007 = DEFINITIONAL_REPRESENTATION('',(#5008),#5011);
#5008 = B_SPLINE_CURVE_WITH_KNOTS('',1,(#5009,#5010),.UNSPECIFIED.,.F.,
  .F.,(2,2),(-37.15486029088,-22.75),.PIECEWISE_BEZIER_KNOTS.);
#5009 = CARTESIAN_POINT('',(54.,-59.90486029088));
#5010 = CARTESIAN_POINT('',(54.,-45.5));
#5011 = ( GEOMETRIC_REPRESENTATION_CONTEXT(2) 
PARAMETRIC_REPRESENTATION_CONTEXT() REPRESENTATION_CONTEXT('2D SPACE',''
  ) );
#5012 = PCURVE('',#4202,#5013);
#5013 = DEFINITIONAL_REPRESENTATION('',(#5014),#5017);
#5014 = B_SPLINE_CURVE_WITH_KNOTS('',1,(#5015,#5016),.UNSPECIFIED.,.F.,
  .F.,(2,2),(-37.15486029088,-22.75),.PIECEWISE_BEZIER_KNOTS.);
#5015 = CARTESIAN_POINT('',(14.404860290888,5.));
#5016 = CARTESIAN_POINT('',(0.,5.));
#5017 = ( GEOMETRIC_REPRESENTATION_CONTEXT(2) 
PARAMETRIC_REPRESENTATION_CONTEXT() REPRESENTATION_CONTEXT('2D SPACE',''
  ) );
#5018 = ORIENTED_EDGE('',*,*,#5019,.T.);
#5019 = EDGE_CURVE('',#4999,#5020,#5022,.T.);
#5020 = VERTEX_POINT('',#5021);
#5021 = CARTESIAN_POINT('',(48.,4.,68.404860290888));
#5022 = SURFACE_CURVE('',#5023,(#5027,#5033),.PCURVE_S1.);
#5023 = LINE('',#5024,#5025);
#5024 = CARTESIAN_POINT('',(48.,4.,27.));
#5025 = VECTOR('',#5026,1.);
#5026 = DIRECTION('',(0.,-0.,1.));
#5027 = PCURVE('',#1359,#5028);
#5028 = DEFINITIONAL_REPRESENTATION('',(#5029),#5032);
#5029 = B_SPLINE_CURVE_WITH_KNOTS('',1,(#5030,#5031),.UNSPECIFIED.,.F.,
  .F.,(2,2),(27.,41.404860290888),.PIECEWISE_BEZIER_KNOTS.);
#5030 = CARTESIAN_POINT('',(54.,-45.5));
#5031 = CARTESIAN_POINT('',(68.404860290888,-45.5));
#5032 = ( GEOMETRIC_REPRESENTATION_CONTEXT(2) 
PARAMETRIC_REPRESENTATION_CONTEXT() REPRESENTATION_CONTEXT('2D SPACE',''
  ) );
#5033 = PCURVE('',#4229,#5034);
#5034 = DEFINITIONAL_REPRESENTATION('',(#5035),#5038);
#5035 = B_SPLINE_CURVE_WITH_KNOTS('',1,(#5036,#5037),.UNSPECIFIED.,.F.,
  .F.,(2,2),(27.,41.404860290888),.PIECEWISE_BEZIER_KNOTS.);
#5036 = CARTESIAN_POINT('',(0.,-5.));
#5037 = CARTESIAN_POINT('',(14.404860290888,-5.));
#5038 = ( GEOMETRIC_REPRESENTATION_CONTEXT(2) 
PARAMETRIC_REPRESENTATION_CONTEXT() REPRESENTATION_CONTEXT('2D SPACE',''
  ) );
#5039 = ORIENTED_EDGE('',*,*,#5040,.F.);
#5040 = EDGE_CURVE('',#5041,#5020,#5043,.T.);
#5041 = VERTEX_POINT('',#5042);
#5042 = CARTESIAN_POINT('',(48.,18.404860290888,68.404860290888));
#5043 = SURFACE_CURVE('',#5044,(#5048,#5054),.PCURVE_S1.);
#5044 = LINE('',#5045,#5046);
#5045 = CARTESIAN_POINT('',(48.,-18.75,68.404860290888));
#5046 = VECTOR('',#5047,1.);
#5047 = DIRECTION('',(0.,-1.,0.));
#5048 = PCURVE('',#1359,#5049);
#5049 = DEFINITIONAL_REPRESENTATION('',(#5050),#5053);
#5050 = B_SPLINE_CURVE_WITH_KNOTS('',1,(#5051,#5052),.UNSPECIFIED.,.F.,
  .F.,(2,2),(-37.15486029088,-22.75),.PIECEWISE_BEZIER_KNOTS.);
#5051 = CARTESIAN_POINT('',(68.404860290888,-59.90486029088));
#5052 = CARTESIAN_POINT('',(68.404860290888,-45.5));
#5053 = ( GEOMETRIC_REPRESENTATION_CONTEXT(2) 
PARAMETRIC_REPRESENTATION_CONTEXT() REPRESENTATION_CONTEXT('2D SPACE',''
  ) );
#5054 = PCURVE('',#4256,#5055);
#5055 = DEFINITIONAL_REPRESENTATION('',(#5056),#5059);
#5056 = B_SPLINE_CURVE_WITH_KNOTS('',1,(#5057,#5058),.UNSPECIFIED.,.F.,
  .F.,(2,2),(-37.15486029088,-22.75),.PIECEWISE_BEZIER_KNOTS.);
#5057 = CARTESIAN_POINT('',(14.404860290888,5.));
#5058 = CARTESIAN_POINT('',(0.,5.));
#5059 = ( GEOMETRIC_REPRESENTATION_CONTEXT(2) 
PARAMETRIC_REPRESENTATION_CONTEXT() REPRESENTATION_CONTEXT('2D SPACE',''
  ) );
#5060 = ORIENTED_EDGE('',*,*,#5061,.F.);
#5061 = EDGE_CURVE('',#4997,#5041,#5062,.T.);
#5062 = SURFACE_CURVE('',#5063,(#5067,#5073),.PCURVE_S1.);
#5063 = LINE('',#5064,#5065);
#5064 = CARTESIAN_POINT('',(48.,18.404860290888,27.));
#5065 = VECTOR('',#5066,1.);
#5066 = DIRECTION('',(0.,-0.,1.));
#5067 = PCURVE('',#1359,#5068);
#5068 = DEFINITIONAL_REPRESENTATION('',(#5069),#5072);
#5069 = B_SPLINE_CURVE_WITH_KNOTS('',1,(#5070,#5071),.UNSPECIFIED.,.F.,
  .F.,(2,2),(27.,41.404860290888),.PIECEWISE_BEZIER_KNOTS.);
#5070 = CARTESIAN_POINT('',(54.,-59.90486029088));
#5071 = CARTESIAN_POINT('',(68.404860290888,-59.90486029088));
#5072 = ( GEOMETRIC_REPRESENTATION_CONTEXT(2) 
PARAMETRIC_REPRESENTATION_CONTEXT() REPRESENTATION_CONTEXT('2D SPACE',''
  ) );
#5073 = PCURVE('',#4281,#5074);
#5074 = DEFINITIONAL_REPRESENTATION('',(#5075),#5078);
#5075 = B_SPLINE_CURVE_WITH_KNOTS('',1,(#5076,#5077),.UNSPECIFIED.,.F.,
  .F.,(2,2),(27.,41.404860290888),.PIECEWISE_BEZIER_KNOTS.);
#5076 = CARTESIAN_POINT('',(0.,-5.));
#5077 = CARTESIAN_POINT('',(14.404860290888,-5.));
#5078 = ( GEOMETRIC_REPRESENTATION_CONTEXT(2) 
PARAMETRIC_REPRESENTATION_CONTEXT() REPRESENTATION_CONTEXT('2D SPACE',''
  ) );
#5079 = FACE_BOUND('',#5080,.F.);
#5080 = EDGE_LOOP('',(#5081,#5104,#5125,#5146));
#5081 = ORIENTED_EDGE('',*,*,#5082,.T.);
#5082 = EDGE_CURVE('',#5083,#5085,#5087,.T.);
#5083 = VERTEX_POINT('',#5084);
#5084 = CARTESIAN_POINT('',(48.,-4.,31.595139709112));
#5085 = VERTEX_POINT('',#5086);
#5086 = CARTESIAN_POINT('',(48.,-18.40486029088,31.595139709112));
#5087 = SURFACE_CURVE('',#5088,(#5092,#5098),.PCURVE_S1.);
#5088 = LINE('',#5089,#5090);
#5089 = CARTESIAN_POINT('',(48.,-29.95243014544,31.595139709112));
#5090 = VECTOR('',#5091,1.);
#5091 = DIRECTION('',(0.,-1.,0.));
#5092 = PCURVE('',#1359,#5093);
#5093 = DEFINITIONAL_REPRESENTATION('',(#5094),#5097);
#5094 = B_SPLINE_CURVE_WITH_KNOTS('',1,(#5095,#5096),.UNSPECIFIED.,.F.,
  .F.,(2,2),(-25.95243014544,-11.54756985455),.PIECEWISE_BEZIER_KNOTS.);
#5095 = CARTESIAN_POINT('',(31.595139709112,-37.5));
#5096 = CARTESIAN_POINT('',(31.595139709112,-23.09513970911));
#5097 = ( GEOMETRIC_REPRESENTATION_CONTEXT(2) 
PARAMETRIC_REPRESENTATION_CONTEXT() REPRESENTATION_CONTEXT('2D SPACE',''
  ) );
#5098 = PCURVE('',#4312,#5099);
#5099 = DEFINITIONAL_REPRESENTATION('',(#5100),#5103);
#5100 = B_SPLINE_CURVE_WITH_KNOTS('',1,(#5101,#5102),.UNSPECIFIED.,.F.,
  .F.,(2,2),(-25.95243014544,-11.54756985455),.PIECEWISE_BEZIER_KNOTS.);
#5101 = CARTESIAN_POINT('',(14.404860290888,5.));
#5102 = CARTESIAN_POINT('',(0.,5.));
#5103 = ( GEOMETRIC_REPRESENTATION_CONTEXT(2) 
PARAMETRIC_REPRESENTATION_CONTEXT() REPRESENTATION_CONTEXT('2D SPACE',''
  ) );
#5104 = ORIENTED_EDGE('',*,*,#5105,.T.);
#5105 = EDGE_CURVE('',#5085,#5106,#5108,.T.);
#5106 = VERTEX_POINT('',#5107);
#5107 = CARTESIAN_POINT('',(48.,-18.40486029088,46.));
#5108 = SURFACE_CURVE('',#5109,(#5113,#5119),.PCURVE_S1.);
#5109 = LINE('',#5110,#5111);
#5110 = CARTESIAN_POINT('',(48.,-18.40486029088,15.797569854556));
#5111 = VECTOR('',#5112,1.);
#5112 = DIRECTION('',(0.,-0.,1.));
#5113 = PCURVE('',#1359,#5114);
#5114 = DEFINITIONAL_REPRESENTATION('',(#5115),#5118);
#5115 = B_SPLINE_CURVE_WITH_KNOTS('',1,(#5116,#5117),.UNSPECIFIED.,.F.,
  .F.,(2,2),(15.797569854556,30.202430145444),.PIECEWISE_BEZIER_KNOTS.);
#5116 = CARTESIAN_POINT('',(31.595139709112,-23.09513970911));
#5117 = CARTESIAN_POINT('',(46.,-23.09513970911));
#5118 = ( GEOMETRIC_REPRESENTATION_CONTEXT(2) 
PARAMETRIC_REPRESENTATION_CONTEXT() REPRESENTATION_CONTEXT('2D SPACE',''
  ) );
#5119 = PCURVE('',#4339,#5120);
#5120 = DEFINITIONAL_REPRESENTATION('',(#5121),#5124);
#5121 = B_SPLINE_CURVE_WITH_KNOTS('',1,(#5122,#5123),.UNSPECIFIED.,.F.,
  .F.,(2,2),(15.797569854556,30.202430145444),.PIECEWISE_BEZIER_KNOTS.);
#5122 = CARTESIAN_POINT('',(0.,-5.));
#5123 = CARTESIAN_POINT('',(14.404860290888,-5.));
#5124 = ( GEOMETRIC_REPRESENTATION_CONTEXT(2) 
PARAMETRIC_REPRESENTATION_CONTEXT() REPRESENTATION_CONTEXT('2D SPACE',''
  ) );
#5125 = ORIENTED_EDGE('',*,*,#5126,.F.);
#5126 = EDGE_CURVE('',#5127,#5106,#5129,.T.);
#5127 = VERTEX_POINT('',#5128);
#5128 = CARTESIAN_POINT('',(48.,-4.,46.));
#5129 = SURFACE_CURVE('',#5130,(#5134,#5140),.PCURVE_S1.);
#5130 = LINE('',#5131,#5132);
#5131 = CARTESIAN_POINT('',(48.,-29.95243014544,46.));
#5132 = VECTOR('',#5133,1.);
#5133 = DIRECTION('',(0.,-1.,0.));
#5134 = PCURVE('',#1359,#5135);
#5135 = DEFINITIONAL_REPRESENTATION('',(#5136),#5139);
#5136 = B_SPLINE_CURVE_WITH_KNOTS('',1,(#5137,#5138),.UNSPECIFIED.,.F.,
  .F.,(2,2),(-25.95243014544,-11.54756985455),.PIECEWISE_BEZIER_KNOTS.);
#5137 = CARTESIAN_POINT('',(46.,-37.5));
#5138 = CARTESIAN_POINT('',(46.,-23.09513970911));
#5139 = ( GEOMETRIC_REPRESENTATION_CONTEXT(2) 
PARAMETRIC_REPRESENTATION_CONTEXT() REPRESENTATION_CONTEXT('2D SPACE',''
  ) );
#5140 = PCURVE('',#4366,#5141);
#5141 = DEFINITIONAL_REPRESENTATION('',(#5142),#5145);
#5142 = B_SPLINE_CURVE_WITH_KNOTS('',1,(#5143,#5144),.UNSPECIFIED.,.F.,
  .F.,(2,2),(-25.95243014544,-11.54756985455),.PIECEWISE_BEZIER_KNOTS.);
#5143 = CARTESIAN_POINT('',(14.404860290888,5.));
#5144 = CARTESIAN_POINT('',(0.,5.));
#5145 = ( GEOMETRIC_REPRESENTATION_CONTEXT(2) 
PARAMETRIC_REPRESENTATION_CONTEXT() REPRESENTATION_CONTEXT('2D SPACE',''
  ) );
#5146 = ORIENTED_EDGE('',*,*,#5147,.F.);
#5147 = EDGE_CURVE('',#5083,#5127,#5148,.T.);
#5148 = SURFACE_CURVE('',#5149,(#5153,#5159),.PCURVE_S1.);
#5149 = LINE('',#5150,#5151);
#5150 = CARTESIAN_POINT('',(48.,-4.,15.797569854556));
#5151 = VECTOR('',#5152,1.);
#5152 = DIRECTION('',(0.,-0.,1.));
#5153 = PCURVE('',#1359,#5154);
#5154 = DEFINITIONAL_REPRESENTATION('',(#5155),#5158);
#5155 = B_SPLINE_CURVE_WITH_KNOTS('',1,(#5156,#5157),.UNSPECIFIED.,.F.,
  .F.,(2,2),(15.797569854556,30.202430145444),.PIECEWISE_BEZIER_KNOTS.);
#5156 = CARTESIAN_POINT('',(31.595139709112,-37.5));
#5157 = CARTESIAN_POINT('',(46.,-37.5));
#5158 = ( GEOMETRIC_REPRESENTATION_CONTEXT(2) 
PARAMETRIC_REPRESENTATION_CONTEXT() REPRESENTATION_CONTEXT('2D SPACE',''
  ) );
#5159 = PCURVE('',#4391,#5160);
#5160 = DEFINITIONAL_REPRESENTATION('',(#5161),#5164);
#5161 = B_SPLINE_CURVE_WITH_KNOTS('',1,(#5162,#5163),.UNSPECIFIED.,.F.,
  .F.,(2,2),(15.797569854556,30.202430145444),.PIECEWISE_BEZIER_KNOTS.);
#5162 = CARTESIAN_POINT('',(0.,-5.));
#5163 = CARTESIAN_POINT('',(14.404860290888,-5.));
#5164 = ( GEOMETRIC_REPRESENTATION_CONTEXT(2) 
PARAMETRIC_REPRESENTATION_CONTEXT() REPRESENTATION_CONTEXT('2D SPACE',''
  ) );
#5165 = FACE_BOUND('',#5166,.F.);
#5166 = EDGE_LOOP('',(#5167,#5190,#5211,#5232));
#5167 = ORIENTED_EDGE('',*,*,#5168,.T.);
#5168 = EDGE_CURVE('',#5169,#5171,#5173,.T.);
#5169 = VERTEX_POINT('',#5170);
#5170 = CARTESIAN_POINT('',(48.,-4.,54.));
#5171 = VERTEX_POINT('',#5172);
#5172 = CARTESIAN_POINT('',(48.,-18.40486029088,54.));
#5173 = SURFACE_CURVE('',#5174,(#5178,#5184),.PCURVE_S1.);
#5174 = LINE('',#5175,#5176);
#5175 = CARTESIAN_POINT('',(48.,-29.95243014544,54.));
#5176 = VECTOR('',#5177,1.);
#5177 = DIRECTION('',(0.,-1.,0.));
#5178 = PCURVE('',#1359,#5179);
#5179 = DEFINITIONAL_REPRESENTATION('',(#5180),#5183);
#5180 = B_SPLINE_CURVE_WITH_KNOTS('',1,(#5181,#5182),.UNSPECIFIED.,.F.,
  .F.,(2,2),(-25.95243014544,-11.54756985455),.PIECEWISE_BEZIER_KNOTS.);
#5181 = CARTESIAN_POINT('',(54.,-37.5));
#5182 = CARTESIAN_POINT('',(54.,-23.09513970911));
#5183 = ( GEOMETRIC_REPRESENTATION_CONTEXT(2) 
PARAMETRIC_REPRESENTATION_CONTEXT() REPRESENTATION_CONTEXT('2D SPACE',''
  ) );
#5184 = PCURVE('',#4061,#5185);
#5185 = DEFINITIONAL_REPRESENTATION('',(#5186),#5189);
#5186 = B_SPLINE_CURVE_WITH_KNOTS('',1,(#5187,#5188),.UNSPECIFIED.,.F.,
  .F.,(2,2),(-25.95243014544,-11.54756985455),.PIECEWISE_BEZIER_KNOTS.);
#5187 = CARTESIAN_POINT('',(14.404860290888,5.));
#5188 = CARTESIAN_POINT('',(0.,5.));
#5189 = ( GEOMETRIC_REPRESENTATION_CONTEXT(2) 
PARAMETRIC_REPRESENTATION_CONTEXT() REPRESENTATION_CONTEXT('2D SPACE',''
  ) );
#5190 = ORIENTED_EDGE('',*,*,#5191,.T.);
#5191 = EDGE_CURVE('',#5171,#5192,#5194,.T.);
#5192 = VERTEX_POINT('',#5193);
#5193 = CARTESIAN_POINT('',(48.,-18.40486029088,68.404860290888));
#5194 = SURFACE_CURVE('',#5195,(#5199,#5205),.PCURVE_S1.);
#5195 = LINE('',#5196,#5197);
#5196 = CARTESIAN_POINT('',(48.,-18.40486029088,27.));
#5197 = VECTOR('',#5198,1.);
#5198 = DIRECTION('',(0.,-0.,1.));
#5199 = PCURVE('',#1359,#5200);
#5200 = DEFINITIONAL_REPRESENTATION('',(#5201),#5204);
#5201 = B_SPLINE_CURVE_WITH_KNOTS('',1,(#5202,#5203),.UNSPECIFIED.,.F.,
  .F.,(2,2),(27.,41.404860290888),.PIECEWISE_BEZIER_KNOTS.);
#5202 = CARTESIAN_POINT('',(54.,-23.09513970911));
#5203 = CARTESIAN_POINT('',(68.404860290888,-23.09513970911));
#5204 = ( GEOMETRIC_REPRESENTATION_CONTEXT(2) 
PARAMETRIC_REPRESENTATION_CONTEXT() REPRESENTATION_CONTEXT('2D SPACE',''
  ) );
#5205 = PCURVE('',#3982,#5206);
#5206 = DEFINITIONAL_REPRESENTATION('',(#5207),#5210);
#5207 = B_SPLINE_CURVE_WITH_KNOTS('',1,(#5208,#5209),.UNSPECIFIED.,.F.,
  .F.,(2,2),(27.,41.404860290888),.PIECEWISE_BEZIER_KNOTS.);
#5208 = CARTESIAN_POINT('',(0.,-5.));
#5209 = CARTESIAN_POINT('',(14.404860290888,-5.));
#5210 = ( GEOMETRIC_REPRESENTATION_CONTEXT(2) 
PARAMETRIC_REPRESENTATION_CONTEXT() REPRESENTATION_CONTEXT('2D SPACE',''
  ) );
#5211 = ORIENTED_EDGE('',*,*,#5212,.F.);
#5212 = EDGE_CURVE('',#5213,#5192,#5215,.T.);
#5213 = VERTEX_POINT('',#5214);
#5214 = CARTESIAN_POINT('',(48.,-4.,68.404860290888));
#5215 = SURFACE_CURVE('',#5216,(#5220,#5226),.PCURVE_S1.);
#5216 = LINE('',#5217,#5218);
#5217 = CARTESIAN_POINT('',(48.,-29.95243014544,68.404860290888));
#5218 = VECTOR('',#5219,1.);
#5219 = DIRECTION('',(0.,-1.,0.));
#5220 = PCURVE('',#1359,#5221);
#5221 = DEFINITIONAL_REPRESENTATION('',(#5222),#5225);
#5222 = B_SPLINE_CURVE_WITH_KNOTS('',1,(#5223,#5224),.UNSPECIFIED.,.F.,
  .F.,(2,2),(-25.95243014544,-11.54756985455),.PIECEWISE_BEZIER_KNOTS.);
#5223 = CARTESIAN_POINT('',(68.404860290888,-37.5));
#5224 = CARTESIAN_POINT('',(68.404860290888,-23.09513970911));
#5225 = ( GEOMETRIC_REPRESENTATION_CONTEXT(2) 
PARAMETRIC_REPRESENTATION_CONTEXT() REPRESENTATION_CONTEXT('2D SPACE',''
  ) );
#5226 = PCURVE('',#4009,#5227);
#5227 = DEFINITIONAL_REPRESENTATION('',(#5228),#5231);
#5228 = B_SPLINE_CURVE_WITH_KNOTS('',1,(#5229,#5230),.UNSPECIFIED.,.F.,
  .F.,(2,2),(-25.95243014544,-11.54756985455),.PIECEWISE_BEZIER_KNOTS.);
#5229 = CARTESIAN_POINT('',(14.404860290888,5.));
#5230 = CARTESIAN_POINT('',(0.,5.));
#5231 = ( GEOMETRIC_REPRESENTATION_CONTEXT(2) 
PARAMETRIC_REPRESENTATION_CONTEXT() REPRESENTATION_CONTEXT('2D SPACE',''
  ) );
#5232 = ORIENTED_EDGE('',*,*,#5233,.F.);
#5233 = EDGE_CURVE('',#5169,#5213,#5234,.T.);
#5234 = SURFACE_CURVE('',#5235,(#5239,#5245),.PCURVE_S1.);
#5235 = LINE('',#5236,#5237);
#5236 = CARTESIAN_POINT('',(48.,-4.,27.));
#5237 = VECTOR('',#5238,1.);
#5238 = DIRECTION('',(0.,-0.,1.));
#5239 = PCURVE('',#1359,#5240);
#5240 = DEFINITIONAL_REPRESENTATION('',(#5241),#5244);
#5241 = B_SPLINE_CURVE_WITH_KNOTS('',1,(#5242,#5243),.UNSPECIFIED.,.F.,
  .F.,(2,2),(27.,41.404860290888),.PIECEWISE_BEZIER_KNOTS.);
#5242 = CARTESIAN_POINT('',(54.,-37.5));
#5243 = CARTESIAN_POINT('',(68.404860290888,-37.5));
#5244 = ( GEOMETRIC_REPRESENTATION_CONTEXT(2) 
PARAMETRIC_REPRESENTATION_CONTEXT() REPRESENTATION_CONTEXT('2D SPACE',''
  ) );
#5245 = PCURVE('',#4036,#5246);
#5246 = DEFINITIONAL_REPRESENTATION('',(#5247),#5250);
#5247 = B_SPLINE_CURVE_WITH_KNOTS('',1,(#5248,#5249),.UNSPECIFIED.,.F.,
  .F.,(2,2),(27.,41.404860290888),.PIECEWISE_BEZIER_KNOTS.);
#5248 = CARTESIAN_POINT('',(0.,-5.));
#5249 = CARTESIAN_POINT('',(14.404860290888,-5.));
#5250 = ( GEOMETRIC_REPRESENTATION_CONTEXT(2) 
PARAMETRIC_REPRESENTATION_CONTEXT() REPRESENTATION_CONTEXT('2D SPACE',''
  ) );
#5251 = ADVANCED_FACE('',(#5252),#3645,.F.);
#5252 = FACE_BOUND('',#5253,.F.);
#5253 = EDGE_LOOP('',(#5254,#5275,#5276,#5297));
#5254 = ORIENTED_EDGE('',*,*,#5255,.F.);
#5255 = EDGE_CURVE('',#4540,#3628,#5256,.T.);
#5256 = SURFACE_CURVE('',#5257,(#5261,#5268),.PCURVE_S1.);
#5257 = LINE('',#5258,#5259);
#5258 = CARTESIAN_POINT('',(-18.40486029088,45.,46.));
#5259 = VECTOR('',#5260,1.);
#5260 = DIRECTION('',(-0.,1.,0.));
#5261 = PCURVE('',#3645,#5262);
#5262 = DEFINITIONAL_REPRESENTATION('',(#5263),#5267);
#5263 = LINE('',#5264,#5265);
#5264 = CARTESIAN_POINT('',(0.,0.));
#5265 = VECTOR('',#5266,1.);
#5266 = DIRECTION('',(0.,1.));
#5267 = ( GEOMETRIC_REPRESENTATION_CONTEXT(2) 
PARAMETRIC_REPRESENTATION_CONTEXT() REPRESENTATION_CONTEXT('2D SPACE',''
  ) );
#5268 = PCURVE('',#3672,#5269);
#5269 = DEFINITIONAL_REPRESENTATION('',(#5270),#5274);
#5270 = LINE('',#5271,#5272);
#5271 = CARTESIAN_POINT('',(14.404860290888,0.));
#5272 = VECTOR('',#5273,1.);
#5273 = DIRECTION('',(0.,-1.));
#5274 = ( GEOMETRIC_REPRESENTATION_CONTEXT(2) 
PARAMETRIC_REPRESENTATION_CONTEXT() REPRESENTATION_CONTEXT('2D SPACE',''
  ) );
#5275 = ORIENTED_EDGE('',*,*,#4539,.T.);
#5276 = ORIENTED_EDGE('',*,*,#5277,.T.);
#5277 = EDGE_CURVE('',#4542,#3630,#5278,.T.);
#5278 = SURFACE_CURVE('',#5279,(#5283,#5290),.PCURVE_S1.);
#5279 = LINE('',#5280,#5281);
#5280 = CARTESIAN_POINT('',(-4.,45.,46.));
#5281 = VECTOR('',#5282,1.);
#5282 = DIRECTION('',(-0.,1.,0.));
#5283 = PCURVE('',#3645,#5284);
#5284 = DEFINITIONAL_REPRESENTATION('',(#5285),#5289);
#5285 = LINE('',#5286,#5287);
#5286 = CARTESIAN_POINT('',(14.404860290888,0.));
#5287 = VECTOR('',#5288,1.);
#5288 = DIRECTION('',(0.,1.));
#5289 = ( GEOMETRIC_REPRESENTATION_CONTEXT(2) 
PARAMETRIC_REPRESENTATION_CONTEXT() REPRESENTATION_CONTEXT('2D SPACE',''
  ) );
#5290 = PCURVE('',#3724,#5291);
#5291 = DEFINITIONAL_REPRESENTATION('',(#5292),#5296);
#5292 = LINE('',#5293,#5294);
#5293 = CARTESIAN_POINT('',(14.404860290888,0.));
#5294 = VECTOR('',#5295,1.);
#5295 = DIRECTION('',(0.,-1.));
#5296 = ( GEOMETRIC_REPRESENTATION_CONTEXT(2) 
PARAMETRIC_REPRESENTATION_CONTEXT() REPRESENTATION_CONTEXT('2D SPACE',''
  ) );
#5297 = ORIENTED_EDGE('',*,*,#3627,.F.);
#5298 = ADVANCED_FACE('',(#5299),#3724,.F.);
#5299 = FACE_BOUND('',#5300,.F.);
#5300 = EDGE_LOOP('',(#5301,#5302,#5303,#5324));
#5301 = ORIENTED_EDGE('',*,*,#5277,.F.);
#5302 = ORIENTED_EDGE('',*,*,#4604,.T.);
#5303 = ORIENTED_EDGE('',*,*,#5304,.T.);
#5304 = EDGE_CURVE('',#4584,#3684,#5305,.T.);
#5305 = SURFACE_CURVE('',#5306,(#5310,#5317),.PCURVE_S1.);
#5306 = LINE('',#5307,#5308);
#5307 = CARTESIAN_POINT('',(-4.,45.,31.595139709112));
#5308 = VECTOR('',#5309,1.);
#5309 = DIRECTION('',(-0.,1.,0.));
#5310 = PCURVE('',#3724,#5311);
#5311 = DEFINITIONAL_REPRESENTATION('',(#5312),#5316);
#5312 = LINE('',#5313,#5314);
#5313 = CARTESIAN_POINT('',(0.,0.));
#5314 = VECTOR('',#5315,1.);
#5315 = DIRECTION('',(0.,-1.));
#5316 = ( GEOMETRIC_REPRESENTATION_CONTEXT(2) 
PARAMETRIC_REPRESENTATION_CONTEXT() REPRESENTATION_CONTEXT('2D SPACE',''
  ) );
#5317 = PCURVE('',#3699,#5318);
#5318 = DEFINITIONAL_REPRESENTATION('',(#5319),#5323);
#5319 = LINE('',#5320,#5321);
#5320 = CARTESIAN_POINT('',(14.404860290888,0.));
#5321 = VECTOR('',#5322,1.);
#5322 = DIRECTION('',(0.,1.));
#5323 = ( GEOMETRIC_REPRESENTATION_CONTEXT(2) 
PARAMETRIC_REPRESENTATION_CONTEXT() REPRESENTATION_CONTEXT('2D SPACE',''
  ) );
#5324 = ORIENTED_EDGE('',*,*,#3710,.F.);
#5325 = ADVANCED_FACE('',(#5326),#3699,.T.);
#5326 = FACE_BOUND('',#5327,.T.);
#5327 = EDGE_LOOP('',(#5328,#5349,#5350,#5351));
#5328 = ORIENTED_EDGE('',*,*,#5329,.F.);
#5329 = EDGE_CURVE('',#4563,#3657,#5330,.T.);
#5330 = SURFACE_CURVE('',#5331,(#5335,#5342),.PCURVE_S1.);
#5331 = LINE('',#5332,#5333);
#5332 = CARTESIAN_POINT('',(-18.40486029088,45.,31.595139709112));
#5333 = VECTOR('',#5334,1.);
#5334 = DIRECTION('',(-0.,1.,0.));
#5335 = PCURVE('',#3699,#5336);
#5336 = DEFINITIONAL_REPRESENTATION('',(#5337),#5341);
#5337 = LINE('',#5338,#5339);
#5338 = CARTESIAN_POINT('',(0.,0.));
#5339 = VECTOR('',#5340,1.);
#5340 = DIRECTION('',(0.,1.));
#5341 = ( GEOMETRIC_REPRESENTATION_CONTEXT(2) 
PARAMETRIC_REPRESENTATION_CONTEXT() REPRESENTATION_CONTEXT('2D SPACE',''
  ) );
#5342 = PCURVE('',#3672,#5343);
#5343 = DEFINITIONAL_REPRESENTATION('',(#5344),#5348);
#5344 = LINE('',#5345,#5346);
#5345 = CARTESIAN_POINT('',(0.,0.));
#5346 = VECTOR('',#5347,1.);
#5347 = DIRECTION('',(0.,-1.));
#5348 = ( GEOMETRIC_REPRESENTATION_CONTEXT(2) 
PARAMETRIC_REPRESENTATION_CONTEXT() REPRESENTATION_CONTEXT('2D SPACE',''
  ) );
#5349 = ORIENTED_EDGE('',*,*,#4583,.T.);
#5350 = ORIENTED_EDGE('',*,*,#5304,.T.);
#5351 = ORIENTED_EDGE('',*,*,#3683,.F.);
#5352 = ADVANCED_FACE('',(#5353),#3672,.T.);
#5353 = FACE_BOUND('',#5354,.T.);
#5354 = EDGE_LOOP('',(#5355,#5356,#5357,#5358));
#5355 = ORIENTED_EDGE('',*,*,#5255,.F.);
#5356 = ORIENTED_EDGE('',*,*,#4562,.T.);
#5357 = ORIENTED_EDGE('',*,*,#5329,.T.);
#5358 = ORIENTED_EDGE('',*,*,#3656,.F.);
#5359 = ADVANCED_FACE('',(#5360),#3755,.F.);
#5360 = FACE_BOUND('',#5361,.F.);
#5361 = EDGE_LOOP('',(#5362,#5383,#5384,#5405));
#5362 = ORIENTED_EDGE('',*,*,#5363,.F.);
#5363 = EDGE_CURVE('',#4626,#3738,#5364,.T.);
#5364 = SURFACE_CURVE('',#5365,(#5369,#5376),.PCURVE_S1.);
#5365 = LINE('',#5366,#5367);
#5366 = CARTESIAN_POINT('',(-18.40486029088,45.,68.404860290888));
#5367 = VECTOR('',#5368,1.);
#5368 = DIRECTION('',(-0.,1.,0.));
#5369 = PCURVE('',#3755,#5370);
#5370 = DEFINITIONAL_REPRESENTATION('',(#5371),#5375);
#5371 = LINE('',#5372,#5373);
#5372 = CARTESIAN_POINT('',(0.,0.));
#5373 = VECTOR('',#5374,1.);
#5374 = DIRECTION('',(0.,1.));
#5375 = ( GEOMETRIC_REPRESENTATION_CONTEXT(2) 
PARAMETRIC_REPRESENTATION_CONTEXT() REPRESENTATION_CONTEXT('2D SPACE',''
  ) );
#5376 = PCURVE('',#3782,#5377);
#5377 = DEFINITIONAL_REPRESENTATION('',(#5378),#5382);
#5378 = LINE('',#5379,#5380);
#5379 = CARTESIAN_POINT('',(14.404860290888,0.));
#5380 = VECTOR('',#5381,1.);
#5381 = DIRECTION('',(0.,-1.));
#5382 = ( GEOMETRIC_REPRESENTATION_CONTEXT(2) 
PARAMETRIC_REPRESENTATION_CONTEXT() REPRESENTATION_CONTEXT('2D SPACE',''
  ) );
#5383 = ORIENTED_EDGE('',*,*,#4625,.T.);
#5384 = ORIENTED_EDGE('',*,*,#5385,.T.);
#5385 = EDGE_CURVE('',#4628,#3740,#5386,.T.);
#5386 = SURFACE_CURVE('',#5387,(#5391,#5398),.PCURVE_S1.);
#5387 = LINE('',#5388,#5389);
#5388 = CARTESIAN_POINT('',(-4.,45.,68.404860290888));
#5389 = VECTOR('',#5390,1.);
#5390 = DIRECTION('',(-0.,1.,0.));
#5391 = PCURVE('',#3755,#5392);
#5392 = DEFINITIONAL_REPRESENTATION('',(#5393),#5397);
#5393 = LINE('',#5394,#5395);
#5394 = CARTESIAN_POINT('',(14.404860290888,0.));
#5395 = VECTOR('',#5396,1.);
#5396 = DIRECTION('',(0.,1.));
#5397 = ( GEOMETRIC_REPRESENTATION_CONTEXT(2) 
PARAMETRIC_REPRESENTATION_CONTEXT() REPRESENTATION_CONTEXT('2D SPACE',''
  ) );
#5398 = PCURVE('',#3834,#5399);
#5399 = DEFINITIONAL_REPRESENTATION('',(#5400),#5404);
#5400 = LINE('',#5401,#5402);
#5401 = CARTESIAN_POINT('',(14.404860290888,0.));
#5402 = VECTOR('',#5403,1.);
#5403 = DIRECTION('',(0.,-1.));
#5404 = ( GEOMETRIC_REPRESENTATION_CONTEXT(2) 
PARAMETRIC_REPRESENTATION_CONTEXT() REPRESENTATION_CONTEXT('2D SPACE',''
  ) );
#5405 = ORIENTED_EDGE('',*,*,#3737,.F.);
#5406 = ADVANCED_FACE('',(#5407),#3834,.F.);
#5407 = FACE_BOUND('',#5408,.F.);
#5408 = EDGE_LOOP('',(#5409,#5410,#5411,#5432));
#5409 = ORIENTED_EDGE('',*,*,#5385,.F.);
#5410 = ORIENTED_EDGE('',*,*,#4690,.T.);
#5411 = ORIENTED_EDGE('',*,*,#5412,.T.);
#5412 = EDGE_CURVE('',#4670,#3794,#5413,.T.);
#5413 = SURFACE_CURVE('',#5414,(#5418,#5425),.PCURVE_S1.);
#5414 = LINE('',#5415,#5416);
#5415 = CARTESIAN_POINT('',(-4.,45.,54.));
#5416 = VECTOR('',#5417,1.);
#5417 = DIRECTION('',(-0.,1.,0.));
#5418 = PCURVE('',#3834,#5419);
#5419 = DEFINITIONAL_REPRESENTATION('',(#5420),#5424);
#5420 = LINE('',#5421,#5422);
#5421 = CARTESIAN_POINT('',(0.,0.));
#5422 = VECTOR('',#5423,1.);
#5423 = DIRECTION('',(0.,-1.));
#5424 = ( GEOMETRIC_REPRESENTATION_CONTEXT(2) 
PARAMETRIC_REPRESENTATION_CONTEXT() REPRESENTATION_CONTEXT('2D SPACE',''
  ) );
#5425 = PCURVE('',#3809,#5426);
#5426 = DEFINITIONAL_REPRESENTATION('',(#5427),#5431);
#5427 = LINE('',#5428,#5429);
#5428 = CARTESIAN_POINT('',(14.404860290888,0.));
#5429 = VECTOR('',#5430,1.);
#5430 = DIRECTION('',(0.,1.));
#5431 = ( GEOMETRIC_REPRESENTATION_CONTEXT(2) 
PARAMETRIC_REPRESENTATION_CONTEXT() REPRESENTATION_CONTEXT('2D SPACE',''
  ) );
#5432 = ORIENTED_EDGE('',*,*,#3820,.F.);
#5433 = ADVANCED_FACE('',(#5434),#3809,.T.);
#5434 = FACE_BOUND('',#5435,.T.);
#5435 = EDGE_LOOP('',(#5436,#5457,#5458,#5459));
#5436 = ORIENTED_EDGE('',*,*,#5437,.F.);
#5437 = EDGE_CURVE('',#4649,#3767,#5438,.T.);
#5438 = SURFACE_CURVE('',#5439,(#5443,#5450),.PCURVE_S1.);
#5439 = LINE('',#5440,#5441);
#5440 = CARTESIAN_POINT('',(-18.40486029088,45.,54.));
#5441 = VECTOR('',#5442,1.);
#5442 = DIRECTION('',(-0.,1.,0.));
#5443 = PCURVE('',#3809,#5444);
#5444 = DEFINITIONAL_REPRESENTATION('',(#5445),#5449);
#5445 = LINE('',#5446,#5447);
#5446 = CARTESIAN_POINT('',(0.,0.));
#5447 = VECTOR('',#5448,1.);
#5448 = DIRECTION('',(0.,1.));
#5449 = ( GEOMETRIC_REPRESENTATION_CONTEXT(2) 
PARAMETRIC_REPRESENTATION_CONTEXT() REPRESENTATION_CONTEXT('2D SPACE',''
  ) );
#5450 = PCURVE('',#3782,#5451);
#5451 = DEFINITIONAL_REPRESENTATION('',(#5452),#5456);
#5452 = LINE('',#5453,#5454);
#5453 = CARTESIAN_POINT('',(0.,0.));
#5454 = VECTOR('',#5455,1.);
#5455 = DIRECTION('',(0.,-1.));
#5456 = ( GEOMETRIC_REPRESENTATION_CONTEXT(2) 
PARAMETRIC_REPRESENTATION_CONTEXT() REPRESENTATION_CONTEXT('2D SPACE',''
  ) );
#5457 = ORIENTED_EDGE('',*,*,#4669,.T.);
#5458 = ORIENTED_EDGE('',*,*,#5412,.T.);
#5459 = ORIENTED_EDGE('',*,*,#3793,.F.);
#5460 = ADVANCED_FACE('',(#5461),#3782,.T.);
#5461 = FACE_BOUND('',#5462,.T.);
#5462 = EDGE_LOOP('',(#5463,#5464,#5465,#5466));
#5463 = ORIENTED_EDGE('',*,*,#5363,.F.);
#5464 = ORIENTED_EDGE('',*,*,#4648,.T.);
#5465 = ORIENTED_EDGE('',*,*,#5437,.T.);
#5466 = ORIENTED_EDGE('',*,*,#3766,.F.);
#5467 = ADVANCED_FACE('',(#5468),#3865,.F.);
#5468 = FACE_BOUND('',#5469,.F.);
#5469 = EDGE_LOOP('',(#5470,#5491,#5492,#5513));
#5470 = ORIENTED_EDGE('',*,*,#5471,.F.);
#5471 = EDGE_CURVE('',#4712,#3848,#5472,.T.);
#5472 = SURFACE_CURVE('',#5473,(#5477,#5484),.PCURVE_S1.);
#5473 = LINE('',#5474,#5475);
#5474 = CARTESIAN_POINT('',(4.,45.,46.));
#5475 = VECTOR('',#5476,1.);
#5476 = DIRECTION('',(-0.,1.,0.));
#5477 = PCURVE('',#3865,#5478);
#5478 = DEFINITIONAL_REPRESENTATION('',(#5479),#5483);
#5479 = LINE('',#5480,#5481);
#5480 = CARTESIAN_POINT('',(0.,0.));
#5481 = VECTOR('',#5482,1.);
#5482 = DIRECTION('',(0.,1.));
#5483 = ( GEOMETRIC_REPRESENTATION_CONTEXT(2) 
PARAMETRIC_REPRESENTATION_CONTEXT() REPRESENTATION_CONTEXT('2D SPACE',''
  ) );
#5484 = PCURVE('',#3892,#5485);
#5485 = DEFINITIONAL_REPRESENTATION('',(#5486),#5490);
#5486 = LINE('',#5487,#5488);
#5487 = CARTESIAN_POINT('',(14.404860290888,0.));
#5488 = VECTOR('',#5489,1.);
#5489 = DIRECTION('',(0.,-1.));
#5490 = ( GEOMETRIC_REPRESENTATION_CONTEXT(2) 
PARAMETRIC_REPRESENTATION_CONTEXT() REPRESENTATION_CONTEXT('2D SPACE',''
  ) );
#5491 = ORIENTED_EDGE('',*,*,#4711,.T.);
#5492 = ORIENTED_EDGE('',*,*,#5493,.T.);
#5493 = EDGE_CURVE('',#4714,#3850,#5494,.T.);
#5494 = SURFACE_CURVE('',#5495,(#5499,#5506),.PCURVE_S1.);
#5495 = LINE('',#5496,#5497);
#5496 = CARTESIAN_POINT('',(18.404860290888,45.,46.));
#5497 = VECTOR('',#5498,1.);
#5498 = DIRECTION('',(-0.,1.,0.));
#5499 = PCURVE('',#3865,#5500);
#5500 = DEFINITIONAL_REPRESENTATION('',(#5501),#5505);
#5501 = LINE('',#5502,#5503);
#5502 = CARTESIAN_POINT('',(14.404860290888,0.));
#5503 = VECTOR('',#5504,1.);
#5504 = DIRECTION('',(0.,1.));
#5505 = ( GEOMETRIC_REPRESENTATION_CONTEXT(2) 
PARAMETRIC_REPRESENTATION_CONTEXT() REPRESENTATION_CONTEXT('2D SPACE',''
  ) );
#5506 = PCURVE('',#3944,#5507);
#5507 = DEFINITIONAL_REPRESENTATION('',(#5508),#5512);
#5508 = LINE('',#5509,#5510);
#5509 = CARTESIAN_POINT('',(14.404860290888,0.));
#5510 = VECTOR('',#5511,1.);
#5511 = DIRECTION('',(0.,-1.));
#5512 = ( GEOMETRIC_REPRESENTATION_CONTEXT(2) 
PARAMETRIC_REPRESENTATION_CONTEXT() REPRESENTATION_CONTEXT('2D SPACE',''
  ) );
#5513 = ORIENTED_EDGE('',*,*,#3847,.F.);
#5514 = ADVANCED_FACE('',(#5515),#3944,.F.);
#5515 = FACE_BOUND('',#5516,.F.);
#5516 = EDGE_LOOP('',(#5517,#5518,#5519,#5540));
#5517 = ORIENTED_EDGE('',*,*,#5493,.F.);
#5518 = ORIENTED_EDGE('',*,*,#4776,.T.);
#5519 = ORIENTED_EDGE('',*,*,#5520,.T.);
#5520 = EDGE_CURVE('',#4756,#3904,#5521,.T.);
#5521 = SURFACE_CURVE('',#5522,(#5526,#5533),.PCURVE_S1.);
#5522 = LINE('',#5523,#5524);
#5523 = CARTESIAN_POINT('',(18.404860290888,45.,31.595139709112));
#5524 = VECTOR('',#5525,1.);
#5525 = DIRECTION('',(-0.,1.,0.));
#5526 = PCURVE('',#3944,#5527);
#5527 = DEFINITIONAL_REPRESENTATION('',(#5528),#5532);
#5528 = LINE('',#5529,#5530);
#5529 = CARTESIAN_POINT('',(0.,0.));
#5530 = VECTOR('',#5531,1.);
#5531 = DIRECTION('',(0.,-1.));
#5532 = ( GEOMETRIC_REPRESENTATION_CONTEXT(2) 
PARAMETRIC_REPRESENTATION_CONTEXT() REPRESENTATION_CONTEXT('2D SPACE',''
  ) );
#5533 = PCURVE('',#3919,#5534);
#5534 = DEFINITIONAL_REPRESENTATION('',(#5535),#5539);
#5535 = LINE('',#5536,#5537);
#5536 = CARTESIAN_POINT('',(14.404860290888,0.));
#5537 = VECTOR('',#5538,1.);
#5538 = DIRECTION('',(0.,1.));
#5539 = ( GEOMETRIC_REPRESENTATION_CONTEXT(2) 
PARAMETRIC_REPRESENTATION_CONTEXT() REPRESENTATION_CONTEXT('2D SPACE',''
  ) );
#5540 = ORIENTED_EDGE('',*,*,#3930,.F.);
#5541 = ADVANCED_FACE('',(#5542),#3919,.T.);
#5542 = FACE_BOUND('',#5543,.T.);
#5543 = EDGE_LOOP('',(#5544,#5565,#5566,#5567));
#5544 = ORIENTED_EDGE('',*,*,#5545,.F.);
#5545 = EDGE_CURVE('',#4735,#3877,#5546,.T.);
#5546 = SURFACE_CURVE('',#5547,(#5551,#5558),.PCURVE_S1.);
#5547 = LINE('',#5548,#5549);
#5548 = CARTESIAN_POINT('',(4.,45.,31.595139709112));
#5549 = VECTOR('',#5550,1.);
#5550 = DIRECTION('',(-0.,1.,0.));
#5551 = PCURVE('',#3919,#5552);
#5552 = DEFINITIONAL_REPRESENTATION('',(#5553),#5557);
#5553 = LINE('',#5554,#5555);
#5554 = CARTESIAN_POINT('',(0.,0.));
#5555 = VECTOR('',#5556,1.);
#5556 = DIRECTION('',(0.,1.));
#5557 = ( GEOMETRIC_REPRESENTATION_CONTEXT(2) 
PARAMETRIC_REPRESENTATION_CONTEXT() REPRESENTATION_CONTEXT('2D SPACE',''
  ) );
#5558 = PCURVE('',#3892,#5559);
#5559 = DEFINITIONAL_REPRESENTATION('',(#5560),#5564);
#5560 = LINE('',#5561,#5562);
#5561 = CARTESIAN_POINT('',(0.,0.));
#5562 = VECTOR('',#5563,1.);
#5563 = DIRECTION('',(0.,-1.));
#5564 = ( GEOMETRIC_REPRESENTATION_CONTEXT(2) 
PARAMETRIC_REPRESENTATION_CONTEXT() REPRESENTATION_CONTEXT('2D SPACE',''
  ) );
#5565 = ORIENTED_EDGE('',*,*,#4755,.T.);
#5566 = ORIENTED_EDGE('',*,*,#5520,.T.);
#5567 = ORIENTED_EDGE('',*,*,#3903,.F.);
#5568 = ADVANCED_FACE('',(#5569),#3892,.T.);
#5569 = FACE_BOUND('',#5570,.T.);
#5570 = EDGE_LOOP('',(#5571,#5572,#5573,#5574));
#5571 = ORIENTED_EDGE('',*,*,#5471,.F.);
#5572 = ORIENTED_EDGE('',*,*,#4734,.T.);
#5573 = ORIENTED_EDGE('',*,*,#5545,.T.);
#5574 = ORIENTED_EDGE('',*,*,#3876,.F.);
#5575 = ADVANCED_FACE('',(#5576),#3614,.F.);
#5576 = FACE_BOUND('',#5577,.F.);
#5577 = EDGE_LOOP('',(#5578,#5599,#5600,#5621));
#5578 = ORIENTED_EDGE('',*,*,#5579,.F.);
#5579 = EDGE_CURVE('',#4798,#3518,#5580,.T.);
#5580 = SURFACE_CURVE('',#5581,(#5585,#5592),.PCURVE_S1.);
#5581 = LINE('',#5582,#5583);
#5582 = CARTESIAN_POINT('',(4.,45.,68.404860290888));
#5583 = VECTOR('',#5584,1.);
#5584 = DIRECTION('',(-0.,1.,0.));
#5585 = PCURVE('',#3614,#5586);
#5586 = DEFINITIONAL_REPRESENTATION('',(#5587),#5591);
#5587 = LINE('',#5588,#5589);
#5588 = CARTESIAN_POINT('',(0.,0.));
#5589 = VECTOR('',#5590,1.);
#5590 = DIRECTION('',(0.,1.));
#5591 = ( GEOMETRIC_REPRESENTATION_CONTEXT(2) 
PARAMETRIC_REPRESENTATION_CONTEXT() REPRESENTATION_CONTEXT('2D SPACE',''
  ) );
#5592 = PCURVE('',#3535,#5593);
#5593 = DEFINITIONAL_REPRESENTATION('',(#5594),#5598);
#5594 = LINE('',#5595,#5596);
#5595 = CARTESIAN_POINT('',(14.404860290888,0.));
#5596 = VECTOR('',#5597,1.);
#5597 = DIRECTION('',(0.,-1.));
#5598 = ( GEOMETRIC_REPRESENTATION_CONTEXT(2) 
PARAMETRIC_REPRESENTATION_CONTEXT() REPRESENTATION_CONTEXT('2D SPACE',''
  ) );
#5599 = ORIENTED_EDGE('',*,*,#4797,.T.);
#5600 = ORIENTED_EDGE('',*,*,#5601,.T.);
#5601 = EDGE_CURVE('',#4800,#3574,#5602,.T.);
#5602 = SURFACE_CURVE('',#5603,(#5607,#5614),.PCURVE_S1.);
#5603 = LINE('',#5604,#5605);
#5604 = CARTESIAN_POINT('',(18.404860290888,45.,68.404860290888));
#5605 = VECTOR('',#5606,1.);
#5606 = DIRECTION('',(-0.,1.,0.));
#5607 = PCURVE('',#3614,#5608);
#5608 = DEFINITIONAL_REPRESENTATION('',(#5609),#5613);
#5609 = LINE('',#5610,#5611);
#5610 = CARTESIAN_POINT('',(14.404860290888,0.));
#5611 = VECTOR('',#5612,1.);
#5612 = DIRECTION('',(0.,1.));
#5613 = ( GEOMETRIC_REPRESENTATION_CONTEXT(2) 
PARAMETRIC_REPRESENTATION_CONTEXT() REPRESENTATION_CONTEXT('2D SPACE',''
  ) );
#5614 = PCURVE('',#3589,#5615);
#5615 = DEFINITIONAL_REPRESENTATION('',(#5616),#5620);
#5616 = LINE('',#5617,#5618);
#5617 = CARTESIAN_POINT('',(14.404860290888,0.));
#5618 = VECTOR('',#5619,1.);
#5619 = DIRECTION('',(0.,-1.));
#5620 = ( GEOMETRIC_REPRESENTATION_CONTEXT(2) 
PARAMETRIC_REPRESENTATION_CONTEXT() REPRESENTATION_CONTEXT('2D SPACE',''
  ) );
#5621 = ORIENTED_EDGE('',*,*,#3600,.F.);
#5622 = ADVANCED_FACE('',(#5623),#3589,.F.);
#5623 = FACE_BOUND('',#5624,.F.);
#5624 = EDGE_LOOP('',(#5625,#5626,#5627,#5648));
#5625 = ORIENTED_EDGE('',*,*,#5601,.F.);
#5626 = ORIENTED_EDGE('',*,*,#4862,.T.);
#5627 = ORIENTED_EDGE('',*,*,#5628,.T.);
#5628 = EDGE_CURVE('',#4842,#3547,#5629,.T.);
#5629 = SURFACE_CURVE('',#5630,(#5634,#5641),.PCURVE_S1.);
#5630 = LINE('',#5631,#5632);
#5631 = CARTESIAN_POINT('',(18.404860290888,45.,54.));
#5632 = VECTOR('',#5633,1.);
#5633 = DIRECTION('',(-0.,1.,0.));
#5634 = PCURVE('',#3589,#5635);
#5635 = DEFINITIONAL_REPRESENTATION('',(#5636),#5640);
#5636 = LINE('',#5637,#5638);
#5637 = CARTESIAN_POINT('',(0.,0.));
#5638 = VECTOR('',#5639,1.);
#5639 = DIRECTION('',(0.,-1.));
#5640 = ( GEOMETRIC_REPRESENTATION_CONTEXT(2) 
PARAMETRIC_REPRESENTATION_CONTEXT() REPRESENTATION_CONTEXT('2D SPACE',''
  ) );
#5641 = PCURVE('',#3562,#5642);
#5642 = DEFINITIONAL_REPRESENTATION('',(#5643),#5647);
#5643 = LINE('',#5644,#5645);
#5644 = CARTESIAN_POINT('',(14.404860290888,0.));
#5645 = VECTOR('',#5646,1.);
#5646 = DIRECTION('',(0.,1.));
#5647 = ( GEOMETRIC_REPRESENTATION_CONTEXT(2) 
PARAMETRIC_REPRESENTATION_CONTEXT() REPRESENTATION_CONTEXT('2D SPACE',''
  ) );
#5648 = ORIENTED_EDGE('',*,*,#3573,.F.);
#5649 = ADVANCED_FACE('',(#5650),#3562,.T.);
#5650 = FACE_BOUND('',#5651,.T.);
#5651 = EDGE_LOOP('',(#5652,#5673,#5674,#5675));
#5652 = ORIENTED_EDGE('',*,*,#5653,.F.);
#5653 = EDGE_CURVE('',#4821,#3520,#5654,.T.);
#5654 = SURFACE_CURVE('',#5655,(#5659,#5666),.PCURVE_S1.);
#5655 = LINE('',#5656,#5657);
#5656 = CARTESIAN_POINT('',(4.,45.,54.));
#5657 = VECTOR('',#5658,1.);
#5658 = DIRECTION('',(-0.,1.,0.));
#5659 = PCURVE('',#3562,#5660);
#5660 = DEFINITIONAL_REPRESENTATION('',(#5661),#5665);
#5661 = LINE('',#5662,#5663);
#5662 = CARTESIAN_POINT('',(0.,0.));
#5663 = VECTOR('',#5664,1.);
#5664 = DIRECTION('',(0.,1.));
#5665 = ( GEOMETRIC_REPRESENTATION_CONTEXT(2) 
PARAMETRIC_REPRESENTATION_CONTEXT() REPRESENTATION_CONTEXT('2D SPACE',''
  ) );
#5666 = PCURVE('',#3535,#5667);
#5667 = DEFINITIONAL_REPRESENTATION('',(#5668),#5672);
#5668 = LINE('',#5669,#5670);
#5669 = CARTESIAN_POINT('',(0.,0.));
#5670 = VECTOR('',#5671,1.);
#5671 = DIRECTION('',(0.,-1.));
#5672 = ( GEOMETRIC_REPRESENTATION_CONTEXT(2) 
PARAMETRIC_REPRESENTATION_CONTEXT() REPRESENTATION_CONTEXT('2D SPACE',''
  ) );
#5673 = ORIENTED_EDGE('',*,*,#4841,.T.);
#5674 = ORIENTED_EDGE('',*,*,#5628,.T.);
#5675 = ORIENTED_EDGE('',*,*,#3546,.F.);
#5676 = ADVANCED_FACE('',(#5677),#3535,.T.);
#5677 = FACE_BOUND('',#5678,.T.);
#5678 = EDGE_LOOP('',(#5679,#5680,#5681,#5682));
#5679 = ORIENTED_EDGE('',*,*,#5579,.F.);
#5680 = ORIENTED_EDGE('',*,*,#4820,.T.);
#5681 = ORIENTED_EDGE('',*,*,#5653,.T.);
#5682 = ORIENTED_EDGE('',*,*,#3517,.F.);
#5683 = ADVANCED_FACE('',(#5684),#4092,.T.);
#5684 = FACE_BOUND('',#5685,.T.);
#5685 = EDGE_LOOP('',(#5686,#5707,#5708,#5729));
#5686 = ORIENTED_EDGE('',*,*,#5687,.F.);
#5687 = EDGE_CURVE('',#4077,#4913,#5688,.T.);
#5688 = SURFACE_CURVE('',#5689,(#5693,#5700),.PCURVE_S1.);
#5689 = LINE('',#5690,#5691);
#5690 = CARTESIAN_POINT('',(53.,4.,31.595139709112));
#5691 = VECTOR('',#5692,1.);
#5692 = DIRECTION('',(-1.,1.110223024625E-16,0.));
#5693 = PCURVE('',#4092,#5694);
#5694 = DEFINITIONAL_REPRESENTATION('',(#5695),#5699);
#5695 = LINE('',#5696,#5697);
#5696 = CARTESIAN_POINT('',(0.,0.));
#5697 = VECTOR('',#5698,1.);
#5698 = DIRECTION('',(0.,1.));
#5699 = ( GEOMETRIC_REPRESENTATION_CONTEXT(2) 
PARAMETRIC_REPRESENTATION_CONTEXT() REPRESENTATION_CONTEXT('2D SPACE',''
  ) );
#5700 = PCURVE('',#4119,#5701);
#5701 = DEFINITIONAL_REPRESENTATION('',(#5702),#5706);
#5702 = LINE('',#5703,#5704);
#5703 = CARTESIAN_POINT('',(0.,0.));
#5704 = VECTOR('',#5705,1.);
#5705 = DIRECTION('',(0.,-1.));
#5706 = ( GEOMETRIC_REPRESENTATION_CONTEXT(2) 
PARAMETRIC_REPRESENTATION_CONTEXT() REPRESENTATION_CONTEXT('2D SPACE',''
  ) );
#5707 = ORIENTED_EDGE('',*,*,#4074,.F.);
#5708 = ORIENTED_EDGE('',*,*,#5709,.T.);
#5709 = EDGE_CURVE('',#4075,#4911,#5710,.T.);
#5710 = SURFACE_CURVE('',#5711,(#5715,#5722),.PCURVE_S1.);
#5711 = LINE('',#5712,#5713);
#5712 = CARTESIAN_POINT('',(53.,18.404860290888,31.595139709112));
#5713 = VECTOR('',#5714,1.);
#5714 = DIRECTION('',(-1.,1.110223024625E-16,0.));
#5715 = PCURVE('',#4092,#5716);
#5716 = DEFINITIONAL_REPRESENTATION('',(#5717),#5721);
#5717 = LINE('',#5718,#5719);
#5718 = CARTESIAN_POINT('',(14.404860290888,1.599260756145E-15));
#5719 = VECTOR('',#5720,1.);
#5720 = DIRECTION('',(0.,1.));
#5721 = ( GEOMETRIC_REPRESENTATION_CONTEXT(2) 
PARAMETRIC_REPRESENTATION_CONTEXT() REPRESENTATION_CONTEXT('2D SPACE',''
  ) );
#5722 = PCURVE('',#4171,#5723);
#5723 = DEFINITIONAL_REPRESENTATION('',(#5724),#5728);
#5724 = LINE('',#5725,#5726);
#5725 = CARTESIAN_POINT('',(0.,0.));
#5726 = VECTOR('',#5727,1.);
#5727 = DIRECTION('',(0.,-1.));
#5728 = ( GEOMETRIC_REPRESENTATION_CONTEXT(2) 
PARAMETRIC_REPRESENTATION_CONTEXT() REPRESENTATION_CONTEXT('2D SPACE',''
  ) );
#5729 = ORIENTED_EDGE('',*,*,#4910,.T.);
#5730 = ADVANCED_FACE('',(#5731),#4171,.F.);
#5731 = FACE_BOUND('',#5732,.F.);
#5732 = EDGE_LOOP('',(#5733,#5754,#5755,#5756));
#5733 = ORIENTED_EDGE('',*,*,#5734,.F.);
#5734 = EDGE_CURVE('',#4131,#4955,#5735,.T.);
#5735 = SURFACE_CURVE('',#5736,(#5740,#5747),.PCURVE_S1.);
#5736 = LINE('',#5737,#5738);
#5737 = CARTESIAN_POINT('',(53.,18.404860290888,46.));
#5738 = VECTOR('',#5739,1.);
#5739 = DIRECTION('',(-1.,1.110223024625E-16,0.));
#5740 = PCURVE('',#4171,#5741);
#5741 = DEFINITIONAL_REPRESENTATION('',(#5742),#5746);
#5742 = LINE('',#5743,#5744);
#5743 = CARTESIAN_POINT('',(14.404860290888,0.));
#5744 = VECTOR('',#5745,1.);
#5745 = DIRECTION('',(0.,-1.));
#5746 = ( GEOMETRIC_REPRESENTATION_CONTEXT(2) 
PARAMETRIC_REPRESENTATION_CONTEXT() REPRESENTATION_CONTEXT('2D SPACE',''
  ) );
#5747 = PCURVE('',#4146,#5748);
#5748 = DEFINITIONAL_REPRESENTATION('',(#5749),#5753);
#5749 = LINE('',#5750,#5751);
#5750 = CARTESIAN_POINT('',(14.404860290888,1.599260756145E-15));
#5751 = VECTOR('',#5752,1.);
#5752 = DIRECTION('',(0.,1.));
#5753 = ( GEOMETRIC_REPRESENTATION_CONTEXT(2) 
PARAMETRIC_REPRESENTATION_CONTEXT() REPRESENTATION_CONTEXT('2D SPACE',''
  ) );
#5754 = ORIENTED_EDGE('',*,*,#4157,.F.);
#5755 = ORIENTED_EDGE('',*,*,#5709,.T.);
#5756 = ORIENTED_EDGE('',*,*,#4975,.T.);
#5757 = ADVANCED_FACE('',(#5758),#4146,.F.);
#5758 = FACE_BOUND('',#5759,.F.);
#5759 = EDGE_LOOP('',(#5760,#5781,#5782,#5783));
#5760 = ORIENTED_EDGE('',*,*,#5761,.F.);
#5761 = EDGE_CURVE('',#4104,#4934,#5762,.T.);
#5762 = SURFACE_CURVE('',#5763,(#5767,#5774),.PCURVE_S1.);
#5763 = LINE('',#5764,#5765);
#5764 = CARTESIAN_POINT('',(53.,4.,46.));
#5765 = VECTOR('',#5766,1.);
#5766 = DIRECTION('',(-1.,1.110223024625E-16,0.));
#5767 = PCURVE('',#4146,#5768);
#5768 = DEFINITIONAL_REPRESENTATION('',(#5769),#5773);
#5769 = LINE('',#5770,#5771);
#5770 = CARTESIAN_POINT('',(0.,0.));
#5771 = VECTOR('',#5772,1.);
#5772 = DIRECTION('',(0.,1.));
#5773 = ( GEOMETRIC_REPRESENTATION_CONTEXT(2) 
PARAMETRIC_REPRESENTATION_CONTEXT() REPRESENTATION_CONTEXT('2D SPACE',''
  ) );
#5774 = PCURVE('',#4119,#5775);
#5775 = DEFINITIONAL_REPRESENTATION('',(#5776),#5780);
#5776 = LINE('',#5777,#5778);
#5777 = CARTESIAN_POINT('',(14.404860290888,0.));
#5778 = VECTOR('',#5779,1.);
#5779 = DIRECTION('',(0.,-1.));
#5780 = ( GEOMETRIC_REPRESENTATION_CONTEXT(2) 
PARAMETRIC_REPRESENTATION_CONTEXT() REPRESENTATION_CONTEXT('2D SPACE',''
  ) );
#5781 = ORIENTED_EDGE('',*,*,#4130,.F.);
#5782 = ORIENTED_EDGE('',*,*,#5734,.T.);
#5783 = ORIENTED_EDGE('',*,*,#4954,.T.);
#5784 = ADVANCED_FACE('',(#5785),#4119,.T.);
#5785 = FACE_BOUND('',#5786,.T.);
#5786 = EDGE_LOOP('',(#5787,#5788,#5789,#5790));
#5787 = ORIENTED_EDGE('',*,*,#5761,.F.);
#5788 = ORIENTED_EDGE('',*,*,#4103,.F.);
#5789 = ORIENTED_EDGE('',*,*,#5687,.T.);
#5790 = ORIENTED_EDGE('',*,*,#4933,.T.);
#5791 = ADVANCED_FACE('',(#5792),#4202,.T.);
#5792 = FACE_BOUND('',#5793,.T.);
#5793 = EDGE_LOOP('',(#5794,#5815,#5816,#5837));
#5794 = ORIENTED_EDGE('',*,*,#5795,.F.);
#5795 = EDGE_CURVE('',#4187,#4999,#5796,.T.);
#5796 = SURFACE_CURVE('',#5797,(#5801,#5808),.PCURVE_S1.);
#5797 = LINE('',#5798,#5799);
#5798 = CARTESIAN_POINT('',(53.,4.,54.));
#5799 = VECTOR('',#5800,1.);
#5800 = DIRECTION('',(-1.,1.110223024625E-16,0.));
#5801 = PCURVE('',#4202,#5802);
#5802 = DEFINITIONAL_REPRESENTATION('',(#5803),#5807);
#5803 = LINE('',#5804,#5805);
#5804 = CARTESIAN_POINT('',(0.,0.));
#5805 = VECTOR('',#5806,1.);
#5806 = DIRECTION('',(0.,1.));
#5807 = ( GEOMETRIC_REPRESENTATION_CONTEXT(2) 
PARAMETRIC_REPRESENTATION_CONTEXT() REPRESENTATION_CONTEXT('2D SPACE',''
  ) );
#5808 = PCURVE('',#4229,#5809);
#5809 = DEFINITIONAL_REPRESENTATION('',(#5810),#5814);
#5810 = LINE('',#5811,#5812);
#5811 = CARTESIAN_POINT('',(0.,0.));
#5812 = VECTOR('',#5813,1.);
#5813 = DIRECTION('',(0.,-1.));
#5814 = ( GEOMETRIC_REPRESENTATION_CONTEXT(2) 
PARAMETRIC_REPRESENTATION_CONTEXT() REPRESENTATION_CONTEXT('2D SPACE',''
  ) );
#5815 = ORIENTED_EDGE('',*,*,#4184,.F.);
#5816 = ORIENTED_EDGE('',*,*,#5817,.T.);
#5817 = EDGE_CURVE('',#4185,#4997,#5818,.T.);
#5818 = SURFACE_CURVE('',#5819,(#5823,#5830),.PCURVE_S1.);
#5819 = LINE('',#5820,#5821);
#5820 = CARTESIAN_POINT('',(53.,18.404860290888,54.));
#5821 = VECTOR('',#5822,1.);
#5822 = DIRECTION('',(-1.,1.110223024625E-16,0.));
#5823 = PCURVE('',#4202,#5824);
#5824 = DEFINITIONAL_REPRESENTATION('',(#5825),#5829);
#5825 = LINE('',#5826,#5827);
#5826 = CARTESIAN_POINT('',(14.404860290888,1.599260756145E-15));
#5827 = VECTOR('',#5828,1.);
#5828 = DIRECTION('',(0.,1.));
#5829 = ( GEOMETRIC_REPRESENTATION_CONTEXT(2) 
PARAMETRIC_REPRESENTATION_CONTEXT() REPRESENTATION_CONTEXT('2D SPACE',''
  ) );
#5830 = PCURVE('',#4281,#5831);
#5831 = DEFINITIONAL_REPRESENTATION('',(#5832),#5836);
#5832 = LINE('',#5833,#5834);
#5833 = CARTESIAN_POINT('',(0.,0.));
#5834 = VECTOR('',#5835,1.);
#5835 = DIRECTION('',(0.,-1.));
#5836 = ( GEOMETRIC_REPRESENTATION_CONTEXT(2) 
PARAMETRIC_REPRESENTATION_CONTEXT() REPRESENTATION_CONTEXT('2D SPACE',''
  ) );
#5837 = ORIENTED_EDGE('',*,*,#4996,.T.);
#5838 = ADVANCED_FACE('',(#5839),#4281,.F.);
#5839 = FACE_BOUND('',#5840,.F.);
#5840 = EDGE_LOOP('',(#5841,#5862,#5863,#5864));
#5841 = ORIENTED_EDGE('',*,*,#5842,.F.);
#5842 = EDGE_CURVE('',#4241,#5041,#5843,.T.);
#5843 = SURFACE_CURVE('',#5844,(#5848,#5855),.PCURVE_S1.);
#5844 = LINE('',#5845,#5846);
#5845 = CARTESIAN_POINT('',(53.,18.404860290888,68.404860290888));
#5846 = VECTOR('',#5847,1.);
#5847 = DIRECTION('',(-1.,1.110223024625E-16,0.));
#5848 = PCURVE('',#4281,#5849);
#5849 = DEFINITIONAL_REPRESENTATION('',(#5850),#5854);
#5850 = LINE('',#5851,#5852);
#5851 = CARTESIAN_POINT('',(14.404860290888,0.));
#5852 = VECTOR('',#5853,1.);
#5853 = DIRECTION('',(0.,-1.));
#5854 = ( GEOMETRIC_REPRESENTATION_CONTEXT(2) 
PARAMETRIC_REPRESENTATION_CONTEXT() REPRESENTATION_CONTEXT('2D SPACE',''
  ) );
#5855 = PCURVE('',#4256,#5856);
#5856 = DEFINITIONAL_REPRESENTATION('',(#5857),#5861);
#5857 = LINE('',#5858,#5859);
#5858 = CARTESIAN_POINT('',(14.404860290888,1.599260756145E-15));
#5859 = VECTOR('',#5860,1.);
#5860 = DIRECTION('',(0.,1.));
#5861 = ( GEOMETRIC_REPRESENTATION_CONTEXT(2) 
PARAMETRIC_REPRESENTATION_CONTEXT() REPRESENTATION_CONTEXT('2D SPACE',''
  ) );
#5862 = ORIENTED_EDGE('',*,*,#4267,.F.);
#5863 = ORIENTED_EDGE('',*,*,#5817,.T.);
#5864 = ORIENTED_EDGE('',*,*,#5061,.T.);
#5865 = ADVANCED_FACE('',(#5866),#4256,.F.);
#5866 = FACE_BOUND('',#5867,.F.);
#5867 = EDGE_LOOP('',(#5868,#5889,#5890,#5891));
#5868 = ORIENTED_EDGE('',*,*,#5869,.F.);
#5869 = EDGE_CURVE('',#4214,#5020,#5870,.T.);
#5870 = SURFACE_CURVE('',#5871,(#5875,#5882),.PCURVE_S1.);
#5871 = LINE('',#5872,#5873);
#5872 = CARTESIAN_POINT('',(53.,4.,68.404860290888));
#5873 = VECTOR('',#5874,1.);
#5874 = DIRECTION('',(-1.,1.110223024625E-16,0.));
#5875 = PCURVE('',#4256,#5876);
#5876 = DEFINITIONAL_REPRESENTATION('',(#5877),#5881);
#5877 = LINE('',#5878,#5879);
#5878 = CARTESIAN_POINT('',(0.,0.));
#5879 = VECTOR('',#5880,1.);
#5880 = DIRECTION('',(0.,1.));
#5881 = ( GEOMETRIC_REPRESENTATION_CONTEXT(2) 
PARAMETRIC_REPRESENTATION_CONTEXT() REPRESENTATION_CONTEXT('2D SPACE',''
  ) );
#5882 = PCURVE('',#4229,#5883);
#5883 = DEFINITIONAL_REPRESENTATION('',(#5884),#5888);
#5884 = LINE('',#5885,#5886);
#5885 = CARTESIAN_POINT('',(14.404860290888,0.));
#5886 = VECTOR('',#5887,1.);
#5887 = DIRECTION('',(0.,-1.));
#5888 = ( GEOMETRIC_REPRESENTATION_CONTEXT(2) 
PARAMETRIC_REPRESENTATION_CONTEXT() REPRESENTATION_CONTEXT('2D SPACE',''
  ) );
#5889 = ORIENTED_EDGE('',*,*,#4240,.F.);
#5890 = ORIENTED_EDGE('',*,*,#5842,.T.);
#5891 = ORIENTED_EDGE('',*,*,#5040,.T.);
#5892 = ADVANCED_FACE('',(#5893),#4229,.T.);
#5893 = FACE_BOUND('',#5894,.T.);
#5894 = EDGE_LOOP('',(#5895,#5896,#5897,#5898));
#5895 = ORIENTED_EDGE('',*,*,#5869,.F.);
#5896 = ORIENTED_EDGE('',*,*,#4213,.F.);
#5897 = ORIENTED_EDGE('',*,*,#5795,.T.);
#5898 = ORIENTED_EDGE('',*,*,#5019,.T.);
#5899 = ADVANCED_FACE('',(#5900),#4312,.T.);
#5900 = FACE_BOUND('',#5901,.T.);
#5901 = EDGE_LOOP('',(#5902,#5923,#5924,#5945));
#5902 = ORIENTED_EDGE('',*,*,#5903,.F.);
#5903 = EDGE_CURVE('',#4297,#5085,#5904,.T.);
#5904 = SURFACE_CURVE('',#5905,(#5909,#5916),.PCURVE_S1.);
#5905 = LINE('',#5906,#5907);
#5906 = CARTESIAN_POINT('',(53.,-18.40486029088,31.595139709112));
#5907 = VECTOR('',#5908,1.);
#5908 = DIRECTION('',(-1.,1.110223024625E-16,0.));
#5909 = PCURVE('',#4312,#5910);
#5910 = DEFINITIONAL_REPRESENTATION('',(#5911),#5915);
#5911 = LINE('',#5912,#5913);
#5912 = CARTESIAN_POINT('',(0.,0.));
#5913 = VECTOR('',#5914,1.);
#5914 = DIRECTION('',(0.,1.));
#5915 = ( GEOMETRIC_REPRESENTATION_CONTEXT(2) 
PARAMETRIC_REPRESENTATION_CONTEXT() REPRESENTATION_CONTEXT('2D SPACE',''
  ) );
#5916 = PCURVE('',#4339,#5917);
#5917 = DEFINITIONAL_REPRESENTATION('',(#5918),#5922);
#5918 = LINE('',#5919,#5920);
#5919 = CARTESIAN_POINT('',(0.,0.));
#5920 = VECTOR('',#5921,1.);
#5921 = DIRECTION('',(0.,-1.));
#5922 = ( GEOMETRIC_REPRESENTATION_CONTEXT(2) 
PARAMETRIC_REPRESENTATION_CONTEXT() REPRESENTATION_CONTEXT('2D SPACE',''
  ) );
#5923 = ORIENTED_EDGE('',*,*,#4294,.F.);
#5924 = ORIENTED_EDGE('',*,*,#5925,.T.);
#5925 = EDGE_CURVE('',#4295,#5083,#5926,.T.);
#5926 = SURFACE_CURVE('',#5927,(#5931,#5938),.PCURVE_S1.);
#5927 = LINE('',#5928,#5929);
#5928 = CARTESIAN_POINT('',(53.,-4.,31.595139709112));
#5929 = VECTOR('',#5930,1.);
#5930 = DIRECTION('',(-1.,1.110223024625E-16,0.));
#5931 = PCURVE('',#4312,#5932);
#5932 = DEFINITIONAL_REPRESENTATION('',(#5933),#5937);
#5933 = LINE('',#5934,#5935);
#5934 = CARTESIAN_POINT('',(14.404860290888,1.599260756145E-15));
#5935 = VECTOR('',#5936,1.);
#5936 = DIRECTION('',(0.,1.));
#5937 = ( GEOMETRIC_REPRESENTATION_CONTEXT(2) 
PARAMETRIC_REPRESENTATION_CONTEXT() REPRESENTATION_CONTEXT('2D SPACE',''
  ) );
#5938 = PCURVE('',#4391,#5939);
#5939 = DEFINITIONAL_REPRESENTATION('',(#5940),#5944);
#5940 = LINE('',#5941,#5942);
#5941 = CARTESIAN_POINT('',(0.,0.));
#5942 = VECTOR('',#5943,1.);
#5943 = DIRECTION('',(0.,-1.));
#5944 = ( GEOMETRIC_REPRESENTATION_CONTEXT(2) 
PARAMETRIC_REPRESENTATION_CONTEXT() REPRESENTATION_CONTEXT('2D SPACE',''
  ) );
#5945 = ORIENTED_EDGE('',*,*,#5082,.T.);
#5946 = ADVANCED_FACE('',(#5947),#4391,.F.);
#5947 = FACE_BOUND('',#5948,.F.);
#5948 = EDGE_LOOP('',(#5949,#5970,#5971,#5972));
#5949 = ORIENTED_EDGE('',*,*,#5950,.F.);
#5950 = EDGE_CURVE('',#4351,#5127,#5951,.T.);
#5951 = SURFACE_CURVE('',#5952,(#5956,#5963),.PCURVE_S1.);
#5952 = LINE('',#5953,#5954);
#5953 = CARTESIAN_POINT('',(53.,-4.,46.));
#5954 = VECTOR('',#5955,1.);
#5955 = DIRECTION('',(-1.,1.110223024625E-16,0.));
#5956 = PCURVE('',#4391,#5957);
#5957 = DEFINITIONAL_REPRESENTATION('',(#5958),#5962);
#5958 = LINE('',#5959,#5960);
#5959 = CARTESIAN_POINT('',(14.404860290888,0.));
#5960 = VECTOR('',#5961,1.);
#5961 = DIRECTION('',(0.,-1.));
#5962 = ( GEOMETRIC_REPRESENTATION_CONTEXT(2) 
PARAMETRIC_REPRESENTATION_CONTEXT() REPRESENTATION_CONTEXT('2D SPACE',''
  ) );
#5963 = PCURVE('',#4366,#5964);
#5964 = DEFINITIONAL_REPRESENTATION('',(#5965),#5969);
#5965 = LINE('',#5966,#5967);
#5966 = CARTESIAN_POINT('',(14.404860290888,1.599260756145E-15));
#5967 = VECTOR('',#5968,1.);
#5968 = DIRECTION('',(0.,1.));
#5969 = ( GEOMETRIC_REPRESENTATION_CONTEXT(2) 
PARAMETRIC_REPRESENTATION_CONTEXT() REPRESENTATION_CONTEXT('2D SPACE',''
  ) );
#5970 = ORIENTED_EDGE('',*,*,#4377,.F.);
#5971 = ORIENTED_EDGE('',*,*,#5925,.T.);
#5972 = ORIENTED_EDGE('',*,*,#5147,.T.);
#5973 = ADVANCED_FACE('',(#5974),#4366,.F.);
#5974 = FACE_BOUND('',#5975,.F.);
#5975 = EDGE_LOOP('',(#5976,#5997,#5998,#5999));
#5976 = ORIENTED_EDGE('',*,*,#5977,.F.);
#5977 = EDGE_CURVE('',#4324,#5106,#5978,.T.);
#5978 = SURFACE_CURVE('',#5979,(#5983,#5990),.PCURVE_S1.);
#5979 = LINE('',#5980,#5981);
#5980 = CARTESIAN_POINT('',(53.,-18.40486029088,46.));
#5981 = VECTOR('',#5982,1.);
#5982 = DIRECTION('',(-1.,1.110223024625E-16,0.));
#5983 = PCURVE('',#4366,#5984);
#5984 = DEFINITIONAL_REPRESENTATION('',(#5985),#5989);
#5985 = LINE('',#5986,#5987);
#5986 = CARTESIAN_POINT('',(0.,0.));
#5987 = VECTOR('',#5988,1.);
#5988 = DIRECTION('',(0.,1.));
#5989 = ( GEOMETRIC_REPRESENTATION_CONTEXT(2) 
PARAMETRIC_REPRESENTATION_CONTEXT() REPRESENTATION_CONTEXT('2D SPACE',''
  ) );
#5990 = PCURVE('',#4339,#5991);
#5991 = DEFINITIONAL_REPRESENTATION('',(#5992),#5996);
#5992 = LINE('',#5993,#5994);
#5993 = CARTESIAN_POINT('',(14.404860290888,0.));
#5994 = VECTOR('',#5995,1.);
#5995 = DIRECTION('',(0.,-1.));
#5996 = ( GEOMETRIC_REPRESENTATION_CONTEXT(2) 
PARAMETRIC_REPRESENTATION_CONTEXT() REPRESENTATION_CONTEXT('2D SPACE',''
  ) );
#5997 = ORIENTED_EDGE('',*,*,#4350,.F.);
#5998 = ORIENTED_EDGE('',*,*,#5950,.T.);
#5999 = ORIENTED_EDGE('',*,*,#5126,.T.);
#6000 = ADVANCED_FACE('',(#6001),#4339,.T.);
#6001 = FACE_BOUND('',#6002,.T.);
#6002 = EDGE_LOOP('',(#6003,#6004,#6005,#6006));
#6003 = ORIENTED_EDGE('',*,*,#5977,.F.);
#6004 = ORIENTED_EDGE('',*,*,#4323,.F.);
#6005 = ORIENTED_EDGE('',*,*,#5903,.T.);
#6006 = ORIENTED_EDGE('',*,*,#5105,.T.);
#6007 = ADVANCED_FACE('',(#6008),#4061,.T.);
#6008 = FACE_BOUND('',#6009,.T.);
#6009 = EDGE_LOOP('',(#6010,#6031,#6032,#6053));
#6010 = ORIENTED_EDGE('',*,*,#6011,.F.);
#6011 = EDGE_CURVE('',#3965,#5171,#6012,.T.);
#6012 = SURFACE_CURVE('',#6013,(#6017,#6024),.PCURVE_S1.);
#6013 = LINE('',#6014,#6015);
#6014 = CARTESIAN_POINT('',(53.,-18.40486029088,54.));
#6015 = VECTOR('',#6016,1.);
#6016 = DIRECTION('',(-1.,1.110223024625E-16,0.));
#6017 = PCURVE('',#4061,#6018);
#6018 = DEFINITIONAL_REPRESENTATION('',(#6019),#6023);
#6019 = LINE('',#6020,#6021);
#6020 = CARTESIAN_POINT('',(0.,0.));
#6021 = VECTOR('',#6022,1.);
#6022 = DIRECTION('',(0.,1.));
#6023 = ( GEOMETRIC_REPRESENTATION_CONTEXT(2) 
PARAMETRIC_REPRESENTATION_CONTEXT() REPRESENTATION_CONTEXT('2D SPACE',''
  ) );
#6024 = PCURVE('',#3982,#6025);
#6025 = DEFINITIONAL_REPRESENTATION('',(#6026),#6030);
#6026 = LINE('',#6027,#6028);
#6027 = CARTESIAN_POINT('',(0.,0.));
#6028 = VECTOR('',#6029,1.);
#6029 = DIRECTION('',(0.,-1.));
#6030 = ( GEOMETRIC_REPRESENTATION_CONTEXT(2) 
PARAMETRIC_REPRESENTATION_CONTEXT() REPRESENTATION_CONTEXT('2D SPACE',''
  ) );
#6031 = ORIENTED_EDGE('',*,*,#4047,.F.);
#6032 = ORIENTED_EDGE('',*,*,#6033,.T.);
#6033 = EDGE_CURVE('',#4021,#5169,#6034,.T.);
#6034 = SURFACE_CURVE('',#6035,(#6039,#6046),.PCURVE_S1.);
#6035 = LINE('',#6036,#6037);
#6036 = CARTESIAN_POINT('',(53.,-4.,54.));
#6037 = VECTOR('',#6038,1.);
#6038 = DIRECTION('',(-1.,1.110223024625E-16,0.));
#6039 = PCURVE('',#4061,#6040);
#6040 = DEFINITIONAL_REPRESENTATION('',(#6041),#6045);
#6041 = LINE('',#6042,#6043);
#6042 = CARTESIAN_POINT('',(14.404860290888,1.599260756145E-15));
#6043 = VECTOR('',#6044,1.);
#6044 = DIRECTION('',(0.,1.));
#6045 = ( GEOMETRIC_REPRESENTATION_CONTEXT(2) 
PARAMETRIC_REPRESENTATION_CONTEXT() REPRESENTATION_CONTEXT('2D SPACE',''
  ) );
#6046 = PCURVE('',#4036,#6047);
#6047 = DEFINITIONAL_REPRESENTATION('',(#6048),#6052);
#6048 = LINE('',#6049,#6050);
#6049 = CARTESIAN_POINT('',(0.,0.));
#6050 = VECTOR('',#6051,1.);
#6051 = DIRECTION('',(0.,-1.));
#6052 = ( GEOMETRIC_REPRESENTATION_CONTEXT(2) 
PARAMETRIC_REPRESENTATION_CONTEXT() REPRESENTATION_CONTEXT('2D SPACE',''
  ) );
#6053 = ORIENTED_EDGE('',*,*,#5168,.T.);
#6054 = ADVANCED_FACE('',(#6055),#4036,.F.);
#6055 = FACE_BOUND('',#6056,.F.);
#6056 = EDGE_LOOP('',(#6057,#6078,#6079,#6080));
#6057 = ORIENTED_EDGE('',*,*,#6058,.F.);
#6058 = EDGE_CURVE('',#3994,#5213,#6059,.T.);
#6059 = SURFACE_CURVE('',#6060,(#6064,#6071),.PCURVE_S1.);
#6060 = LINE('',#6061,#6062);
#6061 = CARTESIAN_POINT('',(53.,-4.,68.404860290888));
#6062 = VECTOR('',#6063,1.);
#6063 = DIRECTION('',(-1.,1.110223024625E-16,0.));
#6064 = PCURVE('',#4036,#6065);
#6065 = DEFINITIONAL_REPRESENTATION('',(#6066),#6070);
#6066 = LINE('',#6067,#6068);
#6067 = CARTESIAN_POINT('',(14.404860290888,0.));
#6068 = VECTOR('',#6069,1.);
#6069 = DIRECTION('',(0.,-1.));
#6070 = ( GEOMETRIC_REPRESENTATION_CONTEXT(2) 
PARAMETRIC_REPRESENTATION_CONTEXT() REPRESENTATION_CONTEXT('2D SPACE',''
  ) );
#6071 = PCURVE('',#4009,#6072);
#6072 = DEFINITIONAL_REPRESENTATION('',(#6073),#6077);
#6073 = LINE('',#6074,#6075);
#6074 = CARTESIAN_POINT('',(14.404860290888,1.599260756145E-15));
#6075 = VECTOR('',#6076,1.);
#6076 = DIRECTION('',(0.,1.));
#6077 = ( GEOMETRIC_REPRESENTATION_CONTEXT(2) 
PARAMETRIC_REPRESENTATION_CONTEXT() REPRESENTATION_CONTEXT('2D SPACE',''
  ) );
#6078 = ORIENTED_EDGE('',*,*,#4020,.F.);
#6079 = ORIENTED_EDGE('',*,*,#6033,.T.);
#6080 = ORIENTED_EDGE('',*,*,#5233,.T.);
#6081 = ADVANCED_FACE('',(#6082),#4009,.F.);
#6082 = FACE_BOUND('',#6083,.F.);
#6083 = EDGE_LOOP('',(#6084,#6105,#6106,#6107));
#6084 = ORIENTED_EDGE('',*,*,#6085,.F.);
#6085 = EDGE_CURVE('',#3967,#5192,#6086,.T.);
#6086 = SURFACE_CURVE('',#6087,(#6091,#6098),.PCURVE_S1.);
#6087 = LINE('',#6088,#6089);
#6088 = CARTESIAN_POINT('',(53.,-18.40486029088,68.404860290888));
#6089 = VECTOR('',#6090,1.);
#6090 = DIRECTION('',(-1.,1.110223024625E-16,0.));
#6091 = PCURVE('',#4009,#6092);
#6092 = DEFINITIONAL_REPRESENTATION('',(#6093),#6097);
#6093 = LINE('',#6094,#6095);
#6094 = CARTESIAN_POINT('',(0.,0.));
#6095 = VECTOR('',#6096,1.);
#6096 = DIRECTION('',(0.,1.));
#6097 = ( GEOMETRIC_REPRESENTATION_CONTEXT(2) 
PARAMETRIC_REPRESENTATION_CONTEXT() REPRESENTATION_CONTEXT('2D SPACE',''
  ) );
#6098 = PCURVE('',#3982,#6099);
#6099 = DEFINITIONAL_REPRESENTATION('',(#6100),#6104);
#6100 = LINE('',#6101,#6102);
#6101 = CARTESIAN_POINT('',(14.404860290888,0.));
#6102 = VECTOR('',#6103,1.);
#6103 = DIRECTION('',(0.,-1.));
#6104 = ( GEOMETRIC_REPRESENTATION_CONTEXT(2) 
PARAMETRIC_REPRESENTATION_CONTEXT() REPRESENTATION_CONTEXT('2D SPACE',''
  ) );
#6105 = ORIENTED_EDGE('',*,*,#3993,.F.);
#6106 = ORIENTED_EDGE('',*,*,#6058,.T.);
#6107 = ORIENTED_EDGE('',*,*,#5212,.T.);
#6108 = ADVANCED_FACE('',(#6109),#3982,.T.);
#6109 = FACE_BOUND('',#6110,.T.);
#6110 = EDGE_LOOP('',(#6111,#6112,#6113,#6114));
#6111 = ORIENTED_EDGE('',*,*,#6085,.F.);
#6112 = ORIENTED_EDGE('',*,*,#3964,.F.);
#6113 = ORIENTED_EDGE('',*,*,#6011,.T.);
#6114 = ORIENTED_EDGE('',*,*,#5191,.T.);
#6115 = ADVANCED_FACE('',(#6116),#1303,.F.);
#6116 = FACE_BOUND('',#6117,.F.);
#6117 = EDGE_LOOP('',(#6118,#6119,#6140,#6141));
#6118 = ORIENTED_EDGE('',*,*,#1287,.F.);
#6119 = ORIENTED_EDGE('',*,*,#6120,.F.);
#6120 = EDGE_CURVE('',#1650,#1288,#6121,.T.);
#6121 = SURFACE_CURVE('',#6122,(#6126,#6133),.PCURVE_S1.);
#6122 = LINE('',#6123,#6124);
#6123 = CARTESIAN_POINT('',(41.5,41.5,0.));
#6124 = VECTOR('',#6125,1.);
#6125 = DIRECTION('',(0.,0.,1.));
#6126 = PCURVE('',#1303,#6127);
#6127 = DEFINITIONAL_REPRESENTATION('',(#6128),#6132);
#6128 = LINE('',#6129,#6130);
#6129 = CARTESIAN_POINT('',(0.,0.));
#6130 = VECTOR('',#6131,1.);
#6131 = DIRECTION('',(1.,0.));
#6132 = ( GEOMETRIC_REPRESENTATION_CONTEXT(2) 
PARAMETRIC_REPRESENTATION_CONTEXT() REPRESENTATION_CONTEXT('2D SPACE',''
  ) );
#6133 = PCURVE('',#1331,#6134);
#6134 = DEFINITIONAL_REPRESENTATION('',(#6135),#6139);
#6135 = LINE('',#6136,#6137);
#6136 = CARTESIAN_POINT('',(0.,0.));
#6137 = VECTOR('',#6138,1.);
#6138 = DIRECTION('',(1.,0.));
#6139 = ( GEOMETRIC_REPRESENTATION_CONTEXT(2) 
PARAMETRIC_REPRESENTATION_CONTEXT() REPRESENTATION_CONTEXT('2D SPACE',''
  ) );
#6140 = ORIENTED_EDGE('',*,*,#1649,.T.);
#6141 = ORIENTED_EDGE('',*,*,#4516,.T.);
#6142 = ADVANCED_FACE('',(#6143),#1331,.F.);
#6143 = FACE_BOUND('',#6144,.F.);
#6144 = EDGE_LOOP('',(#6145,#6146,#6147,#6148));
#6145 = ORIENTED_EDGE('',*,*,#1672,.F.);
#6146 = ORIENTED_EDGE('',*,*,#6120,.T.);
#6147 = ORIENTED_EDGE('',*,*,#1315,.T.);
#6148 = ORIENTED_EDGE('',*,*,#4886,.F.);
#6149 = ( GEOMETRIC_REPRESENTATION_CONTEXT(3) 
GLOBAL_UNCERTAINTY_ASSIGNED_CONTEXT((#6153)) 
GLOBAL_UNIT_ASSIGNED_CONTEXT((#6150,#6151,#6152)) REPRESENTATION_CONTEXT
('Context #1','3D Context with UNIT and UNCERTAINTY') );
#6150 = ( LENGTH_UNIT() NAMED_UNIT(*) SI_UNIT(.MILLI.,.METRE.) );
#6151 = ( NAMED_UNIT(*) PLANE_ANGLE_UNIT() SI_UNIT($,.RADIAN.) );
#6152 = ( NAMED_UNIT(*) SI_UNIT($,.STERADIAN.) SOLID_ANGLE_UNIT() );
#6153 = UNCERTAINTY_MEASURE_WITH_UNIT(LENGTH_MEASURE(2.E-07),#6150,
  'distance_accuracy_value','confusion accuracy');
#6154 = PRODUCT_RELATED_PRODUCT_CATEGORY('part',$,(#7));
ENDSEC;
END-ISO-10303-21;
