ISO-10303-21;
HEADER;
FILE_NAME('Open CASCADE Shape Model','2026-09-22T05:53:34',('Author'),(
    'Open CASCADE'),'Open CASCADE STEP processor 7.8','Open CASCADE 7.8'
  ,'Unknown');
FILE_DESCRIPTION(('Open CASCADE Model'),'2;1');
FILE_SCHEMA(('AUTOMOTIVE_DESIGN { 1 0 10303 214 1 1 1 1 }'));
ENDSEC;
DATA;
#1 = APPLICATION_PROTOCOL_DEFINITION('international standard',
  'automotive_design',2000,#2);
#2 = APPLICATION_CONTEXT(
  'core data for automotive mechanical design processes');
#3 = SHAPE_DEFINITION_REPRESENTATION(#4,#10);
#4 = PRODUCT_DEFINITION_SHAPE('','',#5);
#5 = PRODUCT_DEFINITION('design','',#6,#9);
#6 = PRODUCT_DEFINITION_FORMATION('','',#7);
#7 = PRODUCT('Open CASCADE STEP translator 7.8 1',
  'Open CASCADE STEP translator 7.8 1','',(#8));
#8 = PRODUCT_CONTEXT('',#2,'mechanical');
#9 = PRODUCT_DEFINITION_CONTEXT('part definition',#2,'design');
#10 = ADVANCED_BREP_SHAPE_REPRESENTATION('',(#11,#15),#4869);
#11 = AXIS2_PLACEMENT_3D('',#12,#13,#14);
#12 = CARTESIAN_POINT('',(0.,0.,0.));
#13 = DIRECTION('',(0.,0.,1.));
#14 = DIRECTION('',(1.,0.,-0.));
#15 = MANIFOLD_SOLID_BREP('',#16);
#16 = CLOSED_SHELL('',(#17,#463,#865,#1252,#1579,#1626,#1653,#1720,#1767
    ,#1814,#1859,#1906,#1953,#1998,#2045,#2092,#2137,#2184,#2209,#2276,
    #2323,#2370,#2415,#2462,#2509,#2554,#2601,#2648,#2693,#2740,#2765,
    #2806,#2847,#3200,#3533,#3580,#3587,#3614,#3641,#3922,#4203,#4248,
    #4275,#4302,#4327,#4354,#4381,#4406,#4433,#4460,#4485,#4512,#4519,
    #4564,#4591,#4618,#4643,#4670,#4697,#4722,#4749,#4776,#4801,#4828,
    #4835,#4862));
#17 = ADVANCED_FACE('',(#18,#137),#32,.F.);
#18 = FACE_BOUND('',#19,.F.);
#19 = EDGE_LOOP('',(#20,#55,#83,#111));
#20 = ORIENTED_EDGE('',*,*,#21,.F.);
#21 = EDGE_CURVE('',#22,#24,#26,.T.);
#22 = VERTEX_POINT('',#23);
#23 = CARTESIAN_POINT('',(-50.,-50.,0.));
#24 = VERTEX_POINT('',#25);
#25 = CARTESIAN_POINT('',(-50.,-50.,100.));
#26 = SURFACE_CURVE('',#27,(#31,#43),.PCURVE_S1.);
#27 = LINE('',#28,#29);
#28 = CARTESIAN_POINT('',(-50.,-50.,0.));
#29 = VECTOR('',#30,1.);
#30 = DIRECTION('',(0.,0.,1.));
#31 = PCURVE('',#32,#37);
#32 = PLANE('',#33);
#33 = AXIS2_PLACEMENT_3D('',#34,#35,#36);
#34 = CARTESIAN_POINT('',(-50.,-50.,0.));
#35 = DIRECTION('',(1.,0.,-0.));
#36 = DIRECTION('',(0.,0.,1.));
#37 = DEFINITIONAL_REPRESENTATION('',(#38),#42);
#38 = LINE('',#39,#40);
#39 = CARTESIAN_POINT('',(0.,0.));
#40 = VECTOR('',#41,1.);
#41 = DIRECTION('',(1.,0.));
#42 = ( GEOMETRIC_REPRESENTATION_CONTEXT(2) 
PARAMETRIC_REPRESENTATION_CONTEXT() REPRESENTATION_CONTEXT('2D SPACE',''
  ) );
#43 = PCURVE('',#44,#49);
#44 = PLANE('',#45);
#45 = AXIS2_PLACEMENT_3D('',#46,#47,#48);
#46 = CARTESIAN_POINT('',(-50.,-50.,0.));
#47 = DIRECTION('',(-0.,1.,0.));
#48 = DIRECTION('',(0.,0.,1.));
#49 = DEFINITIONAL_REPRESENTATION('',(#50),#54);
#50 = LINE('',#51,#52);
#51 = CARTESIAN_POINT('',(0.,0.));
#52 = VECTOR('',#53,1.);
#53 = DIRECTION('',(1.,0.));
#54 = ( GEOMETRIC_REPRESENTATION_CONTEXT(2) 
PARAMETRIC_REPRESENTATION_CONTEXT() REPRESENTATION_CONTEXT('2D SPACE',''
  ) );
#55 = ORIENTED_EDGE('',*,*,#56,.F.);
#56 = EDGE_CURVE('',#57,#22,#59,.T.);
#57 = VERTEX_POINT('',#58);
#58 = CARTESIAN_POINT('',(-50.,50.,0.));
#59 = SURFACE_CURVE('',#60,(#64,#71),.PCURVE_S1.);
#60 = LINE('',#61,#62);
#61 = CARTESIAN_POINT('',(-50.,50.,0.));
#62 = VECTOR('',#63,1.);
#63 = DIRECTION('',(0.,-1.,0.));
#64 = PCURVE('',#32,#65);
#65 = DEFINITIONAL_REPRESENTATION('',(#66),#70);
#66 = LINE('',#67,#68);
#67 = CARTESIAN_POINT('',(0.,-100.));
#68 = VECTOR('',#69,1.);
#69 = DIRECTION('',(0.,1.));
#70 = ( GEOMETRIC_REPRESENTATION_CONTEXT(2) 
PARAMETRIC_REPRESENTATION_CONTEXT() REPRESENTATION_CONTEXT('2D SPACE',''
  ) );
#71 = PCURVE('',#72,#77);
#72 = PLANE('',#73);
#73 = AXIS2_PLACEMENT_3D('',#74,#75,#76);
#74 = CARTESIAN_POINT('',(-50.,-50.,0.));
#75 = DIRECTION('',(0.,0.,1.));
#76 = DIRECTION('',(1.,0.,-0.));
#77 = DEFINITIONAL_REPRESENTATION('',(#78),#82);
#78 = LINE('',#79,#80);
#79 = CARTESIAN_POINT('',(0.,100.));
#80 = VECTOR('',#81,1.);
#81 = DIRECTION('',(0.,-1.));
#82 = ( GEOMETRIC_REPRESENTATION_CONTEXT(2) 
PARAMETRIC_REPRESENTATION_CONTEXT() REPRESENTATION_CONTEXT('2D SPACE',''
  ) );
#83 = ORIENTED_EDGE('',*,*,#84,.T.);
#84 = EDGE_CURVE('',#57,#85,#87,.T.);
#85 = VERTEX_POINT('',#86);
#86 = CARTESIAN_POINT('',(-50.,50.,100.));
#87 = SURFACE_CURVE('',#88,(#92,#99),.PCURVE_S1.);
#88 = LINE('',#89,#90);
#89 = CARTESIAN_POINT('',(-50.,50.,0.));
#90 = VECTOR('',#91,1.);
#91 = DIRECTION('',(0.,0.,1.));
#92 = PCURVE('',#32,#93);
#93 = DEFINITIONAL_REPRESENTATION('',(#94),#98);
#94 = LINE('',#95,#96);
#95 = CARTESIAN_POINT('',(0.,-100.));
#96 = VECTOR('',#97,1.);
#97 = DIRECTION('',(1.,0.));
#98 = ( GEOMETRIC_REPRESENTATION_CONTEXT(2) 
PARAMETRIC_REPRESENTATION_CONTEXT() REPRESENTATION_CONTEXT('2D SPACE',''
  ) );
#99 = PCURVE('',#100,#105);
#100 = PLANE('',#101);
#101 = AXIS2_PLACEMENT_3D('',#102,#103,#104);
#102 = CARTESIAN_POINT('',(-50.,50.,0.));
#103 = DIRECTION('',(-0.,1.,0.));
#104 = DIRECTION('',(0.,0.,1.));
#105 = DEFINITIONAL_REPRESENTATION('',(#106),#110);
#106 = LINE('',#107,#108);
#107 = CARTESIAN_POINT('',(0.,0.));
#108 = VECTOR('',#109,1.);
#109 = DIRECTION('',(1.,0.));
#110 = ( GEOMETRIC_REPRESENTATION_CONTEXT(2) 
PARAMETRIC_REPRESENTATION_CONTEXT() REPRESENTATION_CONTEXT('2D SPACE',''
  ) );
#111 = ORIENTED_EDGE('',*,*,#112,.F.);
#112 = EDGE_CURVE('',#24,#85,#113,.T.);
#113 = SURFACE_CURVE('',#114,(#118,#125),.PCURVE_S1.);
#114 = LINE('',#115,#116);
#115 = CARTESIAN_POINT('',(-50.,-50.,100.));
#116 = VECTOR('',#117,1.);
#117 = DIRECTION('',(0.,1.,0.));
#118 = PCURVE('',#32,#119);
#119 = DEFINITIONAL_REPRESENTATION('',(#120),#124);
#120 = LINE('',#121,#122);
#121 = CARTESIAN_POINT('',(100.,0.));
#122 = VECTOR('',#123,1.);
#123 = DIRECTION('',(0.,-1.));
#124 = ( GEOMETRIC_REPRESENTATION_CONTEXT(2) 
PARAMETRIC_REPRESENTATION_CONTEXT() REPRESENTATION_CONTEXT('2D SPACE',''
  ) );
#125 = PCURVE('',#126,#131);
#126 = PLANE('',#127);
#127 = AXIS2_PLACEMENT_3D('',#128,#129,#130);
#128 = CARTESIAN_POINT('',(-50.,-50.,100.));
#129 = DIRECTION('',(0.,0.,1.));
#130 = DIRECTION('',(1.,0.,-0.));
#131 = DEFINITIONAL_REPRESENTATION('',(#132),#136);
#132 = LINE('',#133,#134);
#133 = CARTESIAN_POINT('',(0.,0.));
#134 = VECTOR('',#135,1.);
#135 = DIRECTION('',(0.,1.));
#136 = ( GEOMETRIC_REPRESENTATION_CONTEXT(2) 
PARAMETRIC_REPRESENTATION_CONTEXT() REPRESENTATION_CONTEXT('2D SPACE',''
  ) );
#137 = FACE_BOUND('',#138,.F.);
#138 = EDGE_LOOP('',(#139,#168,#195,#222,#249,#276,#303,#330,#357,#384,
    #411,#438));
#139 = ORIENTED_EDGE('',*,*,#140,.T.);
#140 = EDGE_CURVE('',#141,#143,#145,.T.);
#141 = VERTEX_POINT('',#142);
#142 = CARTESIAN_POINT('',(-50.,-36.5,47.369056913832));
#143 = VERTEX_POINT('',#144);
#144 = CARTESIAN_POINT('',(-50.,-36.5,52.630943086168));
#145 = SURFACE_CURVE('',#146,(#150,#157),.PCURVE_S1.);
#146 = LINE('',#147,#148);
#147 = CARTESIAN_POINT('',(-50.,-36.5,23.684528456916));
#148 = VECTOR('',#149,1.);
#149 = DIRECTION('',(0.,-0.,1.));
#150 = PCURVE('',#32,#151);
#151 = DEFINITIONAL_REPRESENTATION('',(#152),#156);
#152 = LINE('',#153,#154);
#153 = CARTESIAN_POINT('',(23.684528456916,-13.5));
#154 = VECTOR('',#155,1.);
#155 = DIRECTION('',(1.,0.));
#156 = ( GEOMETRIC_REPRESENTATION_CONTEXT(2) 
PARAMETRIC_REPRESENTATION_CONTEXT() REPRESENTATION_CONTEXT('2D SPACE',''
  ) );
#157 = PCURVE('',#158,#163);
#158 = PLANE('',#159);
#159 = AXIS2_PLACEMENT_3D('',#160,#161,#162);
#160 = CARTESIAN_POINT('',(-45.,-36.5,47.369056913832));
#161 = DIRECTION('',(1.110223024625E-16,1.,0.));
#162 = DIRECTION('',(0.,0.,1.));
#163 = DEFINITIONAL_REPRESENTATION('',(#164),#167);
#164 = B_SPLINE_CURVE_WITH_KNOTS('',1,(#165,#166),.UNSPECIFIED.,.F.,.F.,
  (2,2),(23.684528456916,28.946414629251),.PIECEWISE_BEZIER_KNOTS.);
#165 = CARTESIAN_POINT('',(0.,-5.));
#166 = CARTESIAN_POINT('',(5.261886172335,-5.));
#167 = ( GEOMETRIC_REPRESENTATION_CONTEXT(2) 
PARAMETRIC_REPRESENTATION_CONTEXT() REPRESENTATION_CONTEXT('2D SPACE',''
  ) );
#168 = ORIENTED_EDGE('',*,*,#169,.F.);
#169 = EDGE_CURVE('',#170,#143,#172,.T.);
#170 = VERTEX_POINT('',#171);
#171 = CARTESIAN_POINT('',(-50.,-2.630943086168,52.630943086168));
#172 = SURFACE_CURVE('',#173,(#177,#184),.PCURVE_S1.);
#173 = LINE('',#174,#175);
#174 = CARTESIAN_POINT('',(-50.,-39.,52.630943086168));
#175 = VECTOR('',#176,1.);
#176 = DIRECTION('',(0.,-1.,0.));
#177 = PCURVE('',#32,#178);
#178 = DEFINITIONAL_REPRESENTATION('',(#179),#183);
#179 = LINE('',#180,#181);
#180 = CARTESIAN_POINT('',(52.630943086168,-11.));
#181 = VECTOR('',#182,1.);
#182 = DIRECTION('',(0.,1.));
#183 = ( GEOMETRIC_REPRESENTATION_CONTEXT(2) 
PARAMETRIC_REPRESENTATION_CONTEXT() REPRESENTATION_CONTEXT('2D SPACE',''
  ) );
#184 = PCURVE('',#185,#190);
#185 = PLANE('',#186);
#186 = AXIS2_PLACEMENT_3D('',#187,#188,#189);
#187 = CARTESIAN_POINT('',(-45.,-36.5,52.630943086168));
#188 = DIRECTION('',(0.,0.,1.));
#189 = DIRECTION('',(1.110223024625E-16,1.,0.));
#190 = DEFINITIONAL_REPRESENTATION('',(#191),#194);
#191 = B_SPLINE_CURVE_WITH_KNOTS('',1,(#192,#193),.UNSPECIFIED.,.F.,.F.,
  (2,2),(-75.5,-2.5),.PIECEWISE_BEZIER_KNOTS.);
#192 = CARTESIAN_POINT('',(73.,5.));
#193 = CARTESIAN_POINT('',(-8.881784197001E-16,5.));
#194 = ( GEOMETRIC_REPRESENTATION_CONTEXT(2) 
PARAMETRIC_REPRESENTATION_CONTEXT() REPRESENTATION_CONTEXT('2D SPACE',''
  ) );
#195 = ORIENTED_EDGE('',*,*,#196,.T.);
#196 = EDGE_CURVE('',#170,#197,#199,.T.);
#197 = VERTEX_POINT('',#198);
#198 = CARTESIAN_POINT('',(-50.,-2.630943086168,95.));
#199 = SURFACE_CURVE('',#200,(#204,#211),.PCURVE_S1.);
#200 = LINE('',#201,#202);
#201 = CARTESIAN_POINT('',(-50.,-2.630943086168,2.5));
#202 = VECTOR('',#203,1.);
#203 = DIRECTION('',(0.,-0.,1.));
#204 = PCURVE('',#32,#205);
#205 = DEFINITIONAL_REPRESENTATION('',(#206),#210);
#206 = LINE('',#207,#208);
#207 = CARTESIAN_POINT('',(2.5,-47.36905691383));
#208 = VECTOR('',#209,1.);
#209 = DIRECTION('',(1.,0.));
#210 = ( GEOMETRIC_REPRESENTATION_CONTEXT(2) 
PARAMETRIC_REPRESENTATION_CONTEXT() REPRESENTATION_CONTEXT('2D SPACE',''
  ) );
#211 = PCURVE('',#212,#217);
#212 = PLANE('',#213);
#213 = AXIS2_PLACEMENT_3D('',#214,#215,#216);
#214 = CARTESIAN_POINT('',(-45.,-2.630943086168,5.));
#215 = DIRECTION('',(1.110223024625E-16,1.,0.));
#216 = DIRECTION('',(0.,0.,1.));
#217 = DEFINITIONAL_REPRESENTATION('',(#218),#221);
#218 = B_SPLINE_CURVE_WITH_KNOTS('',1,(#219,#220),.UNSPECIFIED.,.F.,.F.,
  (2,2),(2.5,92.5),.PIECEWISE_BEZIER_KNOTS.);
#219 = CARTESIAN_POINT('',(0.,-5.));
#220 = CARTESIAN_POINT('',(90.,-5.));
#221 = ( GEOMETRIC_REPRESENTATION_CONTEXT(2) 
PARAMETRIC_REPRESENTATION_CONTEXT() REPRESENTATION_CONTEXT('2D SPACE',''
  ) );
#222 = ORIENTED_EDGE('',*,*,#223,.F.);
#223 = EDGE_CURVE('',#224,#197,#226,.T.);
#224 = VERTEX_POINT('',#225);
#225 = CARTESIAN_POINT('',(-50.,2.630943086168,95.));
#226 = SURFACE_CURVE('',#227,(#231,#238),.PCURVE_S1.);
#227 = LINE('',#228,#229);
#228 = CARTESIAN_POINT('',(-50.,-22.06547154308,95.));
#229 = VECTOR('',#230,1.);
#230 = DIRECTION('',(0.,-1.,0.));
#231 = PCURVE('',#32,#232);
#232 = DEFINITIONAL_REPRESENTATION('',(#233),#237);
#233 = LINE('',#234,#235);
#234 = CARTESIAN_POINT('',(95.,-27.93452845691));
#235 = VECTOR('',#236,1.);
#236 = DIRECTION('',(0.,1.));
#237 = ( GEOMETRIC_REPRESENTATION_CONTEXT(2) 
PARAMETRIC_REPRESENTATION_CONTEXT() REPRESENTATION_CONTEXT('2D SPACE',''
  ) );
#238 = PCURVE('',#239,#244);
#239 = PLANE('',#240);
#240 = AXIS2_PLACEMENT_3D('',#241,#242,#243);
#241 = CARTESIAN_POINT('',(-45.,-2.630943086168,95.));
#242 = DIRECTION('',(0.,0.,1.));
#243 = DIRECTION('',(1.110223024625E-16,1.,0.));
#244 = DEFINITIONAL_REPRESENTATION('',(#245),#248);
#245 = B_SPLINE_CURVE_WITH_KNOTS('',1,(#246,#247),.UNSPECIFIED.,.F.,.F.,
  (2,2),(-24.69641462925,-19.43452845691),.PIECEWISE_BEZIER_KNOTS.);
#246 = CARTESIAN_POINT('',(5.261886172335,5.));
#247 = CARTESIAN_POINT('',(0.,5.));
#248 = ( GEOMETRIC_REPRESENTATION_CONTEXT(2) 
PARAMETRIC_REPRESENTATION_CONTEXT() REPRESENTATION_CONTEXT('2D SPACE',''
  ) );
#249 = ORIENTED_EDGE('',*,*,#250,.F.);
#250 = EDGE_CURVE('',#251,#224,#253,.T.);
#251 = VERTEX_POINT('',#252);
#252 = CARTESIAN_POINT('',(-50.,2.630943086168,52.630943086168));
#253 = SURFACE_CURVE('',#254,(#258,#265),.PCURVE_S1.);
#254 = LINE('',#255,#256);
#255 = CARTESIAN_POINT('',(-50.,2.630943086168,2.5));
#256 = VECTOR('',#257,1.);
#257 = DIRECTION('',(0.,-0.,1.));
#258 = PCURVE('',#32,#259);
#259 = DEFINITIONAL_REPRESENTATION('',(#260),#264);
#260 = LINE('',#261,#262);
#261 = CARTESIAN_POINT('',(2.5,-52.63094308616));
#262 = VECTOR('',#263,1.);
#263 = DIRECTION('',(1.,0.));
#264 = ( GEOMETRIC_REPRESENTATION_CONTEXT(2) 
PARAMETRIC_REPRESENTATION_CONTEXT() REPRESENTATION_CONTEXT('2D SPACE',''
  ) );
#265 = PCURVE('',#266,#271);
#266 = PLANE('',#267);
#267 = AXIS2_PLACEMENT_3D('',#268,#269,#270);
#268 = CARTESIAN_POINT('',(-45.,2.630943086168,5.));
#269 = DIRECTION('',(1.110223024625E-16,1.,0.));
#270 = DIRECTION('',(0.,0.,1.));
#271 = DEFINITIONAL_REPRESENTATION('',(#272),#275);
#272 = B_SPLINE_CURVE_WITH_KNOTS('',1,(#273,#274),.UNSPECIFIED.,.F.,.F.,
  (2,2),(2.5,92.5),.PIECEWISE_BEZIER_KNOTS.);
#273 = CARTESIAN_POINT('',(0.,-5.));
#274 = CARTESIAN_POINT('',(90.,-5.));
#275 = ( GEOMETRIC_REPRESENTATION_CONTEXT(2) 
PARAMETRIC_REPRESENTATION_CONTEXT() REPRESENTATION_CONTEXT('2D SPACE',''
  ) );
#276 = ORIENTED_EDGE('',*,*,#277,.F.);
#277 = EDGE_CURVE('',#278,#251,#280,.T.);
#278 = VERTEX_POINT('',#279);
#279 = CARTESIAN_POINT('',(-50.,36.5,52.630943086168));
#280 = SURFACE_CURVE('',#281,(#285,#292),.PCURVE_S1.);
#281 = LINE('',#282,#283);
#282 = CARTESIAN_POINT('',(-50.,-39.,52.630943086168));
#283 = VECTOR('',#284,1.);
#284 = DIRECTION('',(0.,-1.,0.));
#285 = PCURVE('',#32,#286);
#286 = DEFINITIONAL_REPRESENTATION('',(#287),#291);
#287 = LINE('',#288,#289);
#288 = CARTESIAN_POINT('',(52.630943086168,-11.));
#289 = VECTOR('',#290,1.);
#290 = DIRECTION('',(0.,1.));
#291 = ( GEOMETRIC_REPRESENTATION_CONTEXT(2) 
PARAMETRIC_REPRESENTATION_CONTEXT() REPRESENTATION_CONTEXT('2D SPACE',''
  ) );
#292 = PCURVE('',#293,#298);
#293 = PLANE('',#294);
#294 = AXIS2_PLACEMENT_3D('',#295,#296,#297);
#295 = CARTESIAN_POINT('',(-45.,-36.5,52.630943086168));
#296 = DIRECTION('',(0.,0.,1.));
#297 = DIRECTION('',(1.110223024625E-16,1.,0.));
#298 = DEFINITIONAL_REPRESENTATION('',(#299),#302);
#299 = B_SPLINE_CURVE_WITH_KNOTS('',1,(#300,#301),.UNSPECIFIED.,.F.,.F.,
  (2,2),(-75.5,-2.5),.PIECEWISE_BEZIER_KNOTS.);
#300 = CARTESIAN_POINT('',(73.,5.));
#301 = CARTESIAN_POINT('',(-8.881784197001E-16,5.));
#302 = ( GEOMETRIC_REPRESENTATION_CONTEXT(2) 
PARAMETRIC_REPRESENTATION_CONTEXT() REPRESENTATION_CONTEXT('2D SPACE',''
  ) );
#303 = ORIENTED_EDGE('',*,*,#304,.F.);
#304 = EDGE_CURVE('',#305,#278,#307,.T.);
#305 = VERTEX_POINT('',#306);
#306 = CARTESIAN_POINT('',(-50.,36.5,47.369056913832));
#307 = SURFACE_CURVE('',#308,(#312,#319),.PCURVE_S1.);
#308 = LINE('',#309,#310);
#309 = CARTESIAN_POINT('',(-50.,36.5,23.684528456916));
#310 = VECTOR('',#311,1.);
#311 = DIRECTION('',(0.,-0.,1.));
#312 = PCURVE('',#32,#313);
#313 = DEFINITIONAL_REPRESENTATION('',(#314),#318);
#314 = LINE('',#315,#316);
#315 = CARTESIAN_POINT('',(23.684528456916,-86.5));
#316 = VECTOR('',#317,1.);
#317 = DIRECTION('',(1.,0.));
#318 = ( GEOMETRIC_REPRESENTATION_CONTEXT(2) 
PARAMETRIC_REPRESENTATION_CONTEXT() REPRESENTATION_CONTEXT('2D SPACE',''
  ) );
#319 = PCURVE('',#320,#325);
#320 = PLANE('',#321);
#321 = AXIS2_PLACEMENT_3D('',#322,#323,#324);
#322 = CARTESIAN_POINT('',(-45.,36.5,47.369056913832));
#323 = DIRECTION('',(1.110223024625E-16,1.,0.));
#324 = DIRECTION('',(0.,0.,1.));
#325 = DEFINITIONAL_REPRESENTATION('',(#326),#329);
#326 = B_SPLINE_CURVE_WITH_KNOTS('',1,(#327,#328),.UNSPECIFIED.,.F.,.F.,
  (2,2),(23.684528456916,28.946414629251),.PIECEWISE_BEZIER_KNOTS.);
#327 = CARTESIAN_POINT('',(0.,-5.));
#328 = CARTESIAN_POINT('',(5.261886172335,-5.));
#329 = ( GEOMETRIC_REPRESENTATION_CONTEXT(2) 
PARAMETRIC_REPRESENTATION_CONTEXT() REPRESENTATION_CONTEXT('2D SPACE',''
  ) );
#330 = ORIENTED_EDGE('',*,*,#331,.T.);
#331 = EDGE_CURVE('',#305,#332,#334,.T.);
#332 = VERTEX_POINT('',#333);
#333 = CARTESIAN_POINT('',(-50.,2.630943086168,47.369056913832));
#334 = SURFACE_CURVE('',#335,(#339,#346),.PCURVE_S1.);
#335 = LINE('',#336,#337);
#336 = CARTESIAN_POINT('',(-50.,-39.,47.369056913832));
#337 = VECTOR('',#338,1.);
#338 = DIRECTION('',(0.,-1.,0.));
#339 = PCURVE('',#32,#340);
#340 = DEFINITIONAL_REPRESENTATION('',(#341),#345);
#341 = LINE('',#342,#343);
#342 = CARTESIAN_POINT('',(47.369056913832,-11.));
#343 = VECTOR('',#344,1.);
#344 = DIRECTION('',(0.,1.));
#345 = ( GEOMETRIC_REPRESENTATION_CONTEXT(2) 
PARAMETRIC_REPRESENTATION_CONTEXT() REPRESENTATION_CONTEXT('2D SPACE',''
  ) );
#346 = PCURVE('',#347,#352);
#347 = PLANE('',#348);
#348 = AXIS2_PLACEMENT_3D('',#349,#350,#351);
#349 = CARTESIAN_POINT('',(-45.,-36.5,47.369056913832));
#350 = DIRECTION('',(0.,0.,1.));
#351 = DIRECTION('',(1.110223024625E-16,1.,0.));
#352 = DEFINITIONAL_REPRESENTATION('',(#353),#356);
#353 = B_SPLINE_CURVE_WITH_KNOTS('',1,(#354,#355),.UNSPECIFIED.,.F.,.F.,
  (2,2),(-75.5,-2.5),.PIECEWISE_BEZIER_KNOTS.);
#354 = CARTESIAN_POINT('',(73.,5.));
#355 = CARTESIAN_POINT('',(-8.881784197001E-16,5.));
#356 = ( GEOMETRIC_REPRESENTATION_CONTEXT(2) 
PARAMETRIC_REPRESENTATION_CONTEXT() REPRESENTATION_CONTEXT('2D SPACE',''
  ) );
#357 = ORIENTED_EDGE('',*,*,#358,.F.);
#358 = EDGE_CURVE('',#359,#332,#361,.T.);
#359 = VERTEX_POINT('',#360);
#360 = CARTESIAN_POINT('',(-50.,2.630943086168,5.));
#361 = SURFACE_CURVE('',#362,(#366,#373),.PCURVE_S1.);
#362 = LINE('',#363,#364);
#363 = CARTESIAN_POINT('',(-50.,2.630943086168,2.5));
#364 = VECTOR('',#365,1.);
#365 = DIRECTION('',(0.,-0.,1.));
#366 = PCURVE('',#32,#367);
#367 = DEFINITIONAL_REPRESENTATION('',(#368),#372);
#368 = LINE('',#369,#370);
#369 = CARTESIAN_POINT('',(2.5,-52.63094308616));
#370 = VECTOR('',#371,1.);
#371 = DIRECTION('',(1.,0.));
#372 = ( GEOMETRIC_REPRESENTATION_CONTEXT(2) 
PARAMETRIC_REPRESENTATION_CONTEXT() REPRESENTATION_CONTEXT('2D SPACE',''
  ) );
#373 = PCURVE('',#374,#379);
#374 = PLANE('',#375);
#375 = AXIS2_PLACEMENT_3D('',#376,#377,#378);
#376 = CARTESIAN_POINT('',(-45.,2.630943086168,5.));
#377 = DIRECTION('',(1.110223024625E-16,1.,0.));
#378 = DIRECTION('',(0.,0.,1.));
#379 = DEFINITIONAL_REPRESENTATION('',(#380),#383);
#380 = B_SPLINE_CURVE_WITH_KNOTS('',1,(#381,#382),.UNSPECIFIED.,.F.,.F.,
  (2,2),(2.5,92.5),.PIECEWISE_BEZIER_KNOTS.);
#381 = CARTESIAN_POINT('',(0.,-5.));
#382 = CARTESIAN_POINT('',(90.,-5.));
#383 = ( GEOMETRIC_REPRESENTATION_CONTEXT(2) 
PARAMETRIC_REPRESENTATION_CONTEXT() REPRESENTATION_CONTEXT('2D SPACE',''
  ) );
#384 = ORIENTED_EDGE('',*,*,#385,.T.);
#385 = EDGE_CURVE('',#359,#386,#388,.T.);
#386 = VERTEX_POINT('',#387);
#387 = CARTESIAN_POINT('',(-50.,-2.630943086168,5.));
#388 = SURFACE_CURVE('',#389,(#393,#400),.PCURVE_S1.);
#389 = LINE('',#390,#391);
#390 = CARTESIAN_POINT('',(-50.,-22.06547154308,5.));
#391 = VECTOR('',#392,1.);
#392 = DIRECTION('',(0.,-1.,0.));
#393 = PCURVE('',#32,#394);
#394 = DEFINITIONAL_REPRESENTATION('',(#395),#399);
#395 = LINE('',#396,#397);
#396 = CARTESIAN_POINT('',(5.,-27.93452845691));
#397 = VECTOR('',#398,1.);
#398 = DIRECTION('',(0.,1.));
#399 = ( GEOMETRIC_REPRESENTATION_CONTEXT(2) 
PARAMETRIC_REPRESENTATION_CONTEXT() REPRESENTATION_CONTEXT('2D SPACE',''
  ) );
#400 = PCURVE('',#401,#406);
#401 = PLANE('',#402);
#402 = AXIS2_PLACEMENT_3D('',#403,#404,#405);
#403 = CARTESIAN_POINT('',(-45.,-2.630943086168,5.));
#404 = DIRECTION('',(0.,0.,1.));
#405 = DIRECTION('',(1.110223024625E-16,1.,0.));
#406 = DEFINITIONAL_REPRESENTATION('',(#407),#410);
#407 = B_SPLINE_CURVE_WITH_KNOTS('',1,(#408,#409),.UNSPECIFIED.,.F.,.F.,
  (2,2),(-24.69641462925,-19.43452845691),.PIECEWISE_BEZIER_KNOTS.);
#408 = CARTESIAN_POINT('',(5.261886172335,5.));
#409 = CARTESIAN_POINT('',(0.,5.));
#410 = ( GEOMETRIC_REPRESENTATION_CONTEXT(2) 
PARAMETRIC_REPRESENTATION_CONTEXT() REPRESENTATION_CONTEXT('2D SPACE',''
  ) );
#411 = ORIENTED_EDGE('',*,*,#412,.T.);
#412 = EDGE_CURVE('',#386,#413,#415,.T.);
#413 = VERTEX_POINT('',#414);
#414 = CARTESIAN_POINT('',(-50.,-2.630943086168,47.369056913832));
#415 = SURFACE_CURVE('',#416,(#420,#427),.PCURVE_S1.);
#416 = LINE('',#417,#418);
#417 = CARTESIAN_POINT('',(-50.,-2.630943086168,2.5));
#418 = VECTOR('',#419,1.);
#419 = DIRECTION('',(0.,-0.,1.));
#420 = PCURVE('',#32,#421);
#421 = DEFINITIONAL_REPRESENTATION('',(#422),#426);
#422 = LINE('',#423,#424);
#423 = CARTESIAN_POINT('',(2.5,-47.36905691383));
#424 = VECTOR('',#425,1.);
#425 = DIRECTION('',(1.,0.));
#426 = ( GEOMETRIC_REPRESENTATION_CONTEXT(2) 
PARAMETRIC_REPRESENTATION_CONTEXT() REPRESENTATION_CONTEXT('2D SPACE',''
  ) );
#427 = PCURVE('',#428,#433);
#428 = PLANE('',#429);
#429 = AXIS2_PLACEMENT_3D('',#430,#431,#432);
#430 = CARTESIAN_POINT('',(-45.,-2.630943086168,5.));
#431 = DIRECTION('',(1.110223024625E-16,1.,0.));
#432 = DIRECTION('',(0.,0.,1.));
#433 = DEFINITIONAL_REPRESENTATION('',(#434),#437);
#434 = B_SPLINE_CURVE_WITH_KNOTS('',1,(#435,#436),.UNSPECIFIED.,.F.,.F.,
  (2,2),(2.5,92.5),.PIECEWISE_BEZIER_KNOTS.);
#435 = CARTESIAN_POINT('',(0.,-5.));
#436 = CARTESIAN_POINT('',(90.,-5.));
#437 = ( GEOMETRIC_REPRESENTATION_CONTEXT(2) 
PARAMETRIC_REPRESENTATION_CONTEXT() REPRESENTATION_CONTEXT('2D SPACE',''
  ) );
#438 = ORIENTED_EDGE('',*,*,#439,.T.);
#439 = EDGE_CURVE('',#413,#141,#440,.T.);
#440 = SURFACE_CURVE('',#441,(#445,#452),.PCURVE_S1.);
#441 = LINE('',#442,#443);
#442 = CARTESIAN_POINT('',(-50.,-39.,47.369056913832));
#443 = VECTOR('',#444,1.);
#444 = DIRECTION('',(0.,-1.,0.));
#445 = PCURVE('',#32,#446);
#446 = DEFINITIONAL_REPRESENTATION('',(#447),#451);
#447 = LINE('',#448,#449);
#448 = CARTESIAN_POINT('',(47.369056913832,-11.));
#449 = VECTOR('',#450,1.);
#450 = DIRECTION('',(0.,1.));
#451 = ( GEOMETRIC_REPRESENTATION_CONTEXT(2) 
PARAMETRIC_REPRESENTATION_CONTEXT() REPRESENTATION_CONTEXT('2D SPACE',''
  ) );
#452 = PCURVE('',#453,#458);
#453 = PLANE('',#454);
#454 = AXIS2_PLACEMENT_3D('',#455,#456,#457);
#455 = CARTESIAN_POINT('',(-45.,-36.5,47.369056913832));
#456 = DIRECTION('',(0.,0.,1.));
#457 = DIRECTION('',(1.110223024625E-16,1.,0.));
#458 = DEFINITIONAL_REPRESENTATION('',(#459),#462);
#459 = B_SPLINE_CURVE_WITH_KNOTS('',1,(#460,#461),.UNSPECIFIED.,.F.,.F.,
  (2,2),(-75.5,-2.5),.PIECEWISE_BEZIER_KNOTS.);
#460 = CARTESIAN_POINT('',(73.,5.));
#461 = CARTESIAN_POINT('',(-8.881784197001E-16,5.));
#462 = ( GEOMETRIC_REPRESENTATION_CONTEXT(2) 
PARAMETRIC_REPRESENTATION_CONTEXT() REPRESENTATION_CONTEXT('2D SPACE',''
  ) );
#463 = ADVANCED_FACE('',(#464,#539),#44,.F.);
#464 = FACE_BOUND('',#465,.F.);
#465 = EDGE_LOOP('',(#466,#489,#490,#513));
#466 = ORIENTED_EDGE('',*,*,#467,.F.);
#467 = EDGE_CURVE('',#22,#468,#470,.T.);
#468 = VERTEX_POINT('',#469);
#469 = CARTESIAN_POINT('',(50.,-50.,0.));
#470 = SURFACE_CURVE('',#471,(#475,#482),.PCURVE_S1.);
#471 = LINE('',#472,#473);
#472 = CARTESIAN_POINT('',(-50.,-50.,0.));
#473 = VECTOR('',#474,1.);
#474 = DIRECTION('',(1.,0.,0.));
#475 = PCURVE('',#44,#476);
#476 = DEFINITIONAL_REPRESENTATION('',(#477),#481);
#477 = LINE('',#478,#479);
#478 = CARTESIAN_POINT('',(0.,0.));
#479 = VECTOR('',#480,1.);
#480 = DIRECTION('',(0.,1.));
#481 = ( GEOMETRIC_REPRESENTATION_CONTEXT(2) 
PARAMETRIC_REPRESENTATION_CONTEXT() REPRESENTATION_CONTEXT('2D SPACE',''
  ) );
#482 = PCURVE('',#72,#483);
#483 = DEFINITIONAL_REPRESENTATION('',(#484),#488);
#484 = LINE('',#485,#486);
#485 = CARTESIAN_POINT('',(0.,0.));
#486 = VECTOR('',#487,1.);
#487 = DIRECTION('',(1.,0.));
#488 = ( GEOMETRIC_REPRESENTATION_CONTEXT(2) 
PARAMETRIC_REPRESENTATION_CONTEXT() REPRESENTATION_CONTEXT('2D SPACE',''
  ) );
#489 = ORIENTED_EDGE('',*,*,#21,.T.);
#490 = ORIENTED_EDGE('',*,*,#491,.F.);
#491 = EDGE_CURVE('',#492,#24,#494,.T.);
#492 = VERTEX_POINT('',#493);
#493 = CARTESIAN_POINT('',(50.,-50.,100.));
#494 = SURFACE_CURVE('',#495,(#499,#506),.PCURVE_S1.);
#495 = LINE('',#496,#497);
#496 = CARTESIAN_POINT('',(50.,-50.,100.));
#497 = VECTOR('',#498,1.);
#498 = DIRECTION('',(-1.,0.,0.));
#499 = PCURVE('',#44,#500);
#500 = DEFINITIONAL_REPRESENTATION('',(#501),#505);
#501 = LINE('',#502,#503);
#502 = CARTESIAN_POINT('',(100.,100.));
#503 = VECTOR('',#504,1.);
#504 = DIRECTION('',(0.,-1.));
#505 = ( GEOMETRIC_REPRESENTATION_CONTEXT(2) 
PARAMETRIC_REPRESENTATION_CONTEXT() REPRESENTATION_CONTEXT('2D SPACE',''
  ) );
#506 = PCURVE('',#126,#507);
#507 = DEFINITIONAL_REPRESENTATION('',(#508),#512);
#508 = LINE('',#509,#510);
#509 = CARTESIAN_POINT('',(100.,0.));
#510 = VECTOR('',#511,1.);
#511 = DIRECTION('',(-1.,0.));
#512 = ( GEOMETRIC_REPRESENTATION_CONTEXT(2) 
PARAMETRIC_REPRESENTATION_CONTEXT() REPRESENTATION_CONTEXT('2D SPACE',''
  ) );
#513 = ORIENTED_EDGE('',*,*,#514,.F.);
#514 = EDGE_CURVE('',#468,#492,#515,.T.);
#515 = SURFACE_CURVE('',#516,(#520,#527),.PCURVE_S1.);
#516 = LINE('',#517,#518);
#517 = CARTESIAN_POINT('',(50.,-50.,0.));
#518 = VECTOR('',#519,1.);
#519 = DIRECTION('',(0.,0.,1.));
#520 = PCURVE('',#44,#521);
#521 = DEFINITIONAL_REPRESENTATION('',(#522),#526);
#522 = LINE('',#523,#524);
#523 = CARTESIAN_POINT('',(0.,100.));
#524 = VECTOR('',#525,1.);
#525 = DIRECTION('',(1.,0.));
#526 = ( GEOMETRIC_REPRESENTATION_CONTEXT(2) 
PARAMETRIC_REPRESENTATION_CONTEXT() REPRESENTATION_CONTEXT('2D SPACE',''
  ) );
#527 = PCURVE('',#528,#533);
#528 = PLANE('',#529);
#529 = AXIS2_PLACEMENT_3D('',#530,#531,#532);
#530 = CARTESIAN_POINT('',(50.,-50.,0.));
#531 = DIRECTION('',(1.,0.,-0.));
#532 = DIRECTION('',(0.,0.,1.));
#533 = DEFINITIONAL_REPRESENTATION('',(#534),#538);
#534 = LINE('',#535,#536);
#535 = CARTESIAN_POINT('',(0.,0.));
#536 = VECTOR('',#537,1.);
#537 = DIRECTION('',(1.,0.));
#538 = ( GEOMETRIC_REPRESENTATION_CONTEXT(2) 
PARAMETRIC_REPRESENTATION_CONTEXT() REPRESENTATION_CONTEXT('2D SPACE',''
  ) );
#539 = FACE_BOUND('',#540,.F.);
#540 = EDGE_LOOP('',(#541,#570,#597,#624,#651,#678,#705,#732,#759,#786,
    #813,#840));
#541 = ORIENTED_EDGE('',*,*,#542,.T.);
#542 = EDGE_CURVE('',#543,#545,#547,.T.);
#543 = VERTEX_POINT('',#544);
#544 = CARTESIAN_POINT('',(-36.5,-50.,52.630943086168));
#545 = VERTEX_POINT('',#546);
#546 = CARTESIAN_POINT('',(-36.5,-50.,47.369056913832));
#547 = SURFACE_CURVE('',#548,(#552,#559),.PCURVE_S1.);
#548 = LINE('',#549,#550);
#549 = CARTESIAN_POINT('',(-36.5,-50.,23.684528456916));
#550 = VECTOR('',#551,1.);
#551 = DIRECTION('',(-0.,0.,-1.));
#552 = PCURVE('',#44,#553);
#553 = DEFINITIONAL_REPRESENTATION('',(#554),#558);
#554 = LINE('',#555,#556);
#555 = CARTESIAN_POINT('',(23.684528456916,13.5));
#556 = VECTOR('',#557,1.);
#557 = DIRECTION('',(-1.,0.));
#558 = ( GEOMETRIC_REPRESENTATION_CONTEXT(2) 
PARAMETRIC_REPRESENTATION_CONTEXT() REPRESENTATION_CONTEXT('2D SPACE',''
  ) );
#559 = PCURVE('',#560,#565);
#560 = PLANE('',#561);
#561 = AXIS2_PLACEMENT_3D('',#562,#563,#564);
#562 = CARTESIAN_POINT('',(-36.5,-53.,47.369056913832));
#563 = DIRECTION('',(1.,0.,-0.));
#564 = DIRECTION('',(0.,0.,1.));
#565 = DEFINITIONAL_REPRESENTATION('',(#566),#569);
#566 = B_SPLINE_CURVE_WITH_KNOTS('',1,(#567,#568),.UNSPECIFIED.,.F.,.F.,
  (2,2),(-28.94641462925,-23.68452845691),.PIECEWISE_BEZIER_KNOTS.);
#567 = CARTESIAN_POINT('',(5.261886172335,-3.));
#568 = CARTESIAN_POINT('',(0.,-3.));
#569 = ( GEOMETRIC_REPRESENTATION_CONTEXT(2) 
PARAMETRIC_REPRESENTATION_CONTEXT() REPRESENTATION_CONTEXT('2D SPACE',''
  ) );
#570 = ORIENTED_EDGE('',*,*,#571,.T.);
#571 = EDGE_CURVE('',#545,#572,#574,.T.);
#572 = VERTEX_POINT('',#573);
#573 = CARTESIAN_POINT('',(-2.630943086168,-50.,47.369056913832));
#574 = SURFACE_CURVE('',#575,(#579,#586),.PCURVE_S1.);
#575 = LINE('',#576,#577);
#576 = CARTESIAN_POINT('',(-39.,-50.,47.369056913832));
#577 = VECTOR('',#578,1.);
#578 = DIRECTION('',(1.,0.,-0.));
#579 = PCURVE('',#44,#580);
#580 = DEFINITIONAL_REPRESENTATION('',(#581),#585);
#581 = LINE('',#582,#583);
#582 = CARTESIAN_POINT('',(47.369056913832,11.));
#583 = VECTOR('',#584,1.);
#584 = DIRECTION('',(0.,1.));
#585 = ( GEOMETRIC_REPRESENTATION_CONTEXT(2) 
PARAMETRIC_REPRESENTATION_CONTEXT() REPRESENTATION_CONTEXT('2D SPACE',''
  ) );
#586 = PCURVE('',#587,#592);
#587 = PLANE('',#588);
#588 = AXIS2_PLACEMENT_3D('',#589,#590,#591);
#589 = CARTESIAN_POINT('',(-36.5,-53.,47.369056913832));
#590 = DIRECTION('',(0.,0.,1.));
#591 = DIRECTION('',(1.,0.,-0.));
#592 = DEFINITIONAL_REPRESENTATION('',(#593),#596);
#593 = B_SPLINE_CURVE_WITH_KNOTS('',1,(#594,#595),.UNSPECIFIED.,.F.,.F.,
  (2,2),(2.5,75.5),.PIECEWISE_BEZIER_KNOTS.);
#594 = CARTESIAN_POINT('',(0.,3.));
#595 = CARTESIAN_POINT('',(73.,3.));
#596 = ( GEOMETRIC_REPRESENTATION_CONTEXT(2) 
PARAMETRIC_REPRESENTATION_CONTEXT() REPRESENTATION_CONTEXT('2D SPACE',''
  ) );
#597 = ORIENTED_EDGE('',*,*,#598,.T.);
#598 = EDGE_CURVE('',#572,#599,#601,.T.);
#599 = VERTEX_POINT('',#600);
#600 = CARTESIAN_POINT('',(-2.630943086168,-50.,5.));
#601 = SURFACE_CURVE('',#602,(#606,#613),.PCURVE_S1.);
#602 = LINE('',#603,#604);
#603 = CARTESIAN_POINT('',(-2.630943086168,-50.,2.5));
#604 = VECTOR('',#605,1.);
#605 = DIRECTION('',(-0.,0.,-1.));
#606 = PCURVE('',#44,#607);
#607 = DEFINITIONAL_REPRESENTATION('',(#608),#612);
#608 = LINE('',#609,#610);
#609 = CARTESIAN_POINT('',(2.5,47.369056913832));
#610 = VECTOR('',#611,1.);
#611 = DIRECTION('',(-1.,0.));
#612 = ( GEOMETRIC_REPRESENTATION_CONTEXT(2) 
PARAMETRIC_REPRESENTATION_CONTEXT() REPRESENTATION_CONTEXT('2D SPACE',''
  ) );
#613 = PCURVE('',#614,#619);
#614 = PLANE('',#615);
#615 = AXIS2_PLACEMENT_3D('',#616,#617,#618);
#616 = CARTESIAN_POINT('',(-2.630943086168,-53.,5.));
#617 = DIRECTION('',(1.,0.,-0.));
#618 = DIRECTION('',(0.,0.,1.));
#619 = DEFINITIONAL_REPRESENTATION('',(#620),#623);
#620 = B_SPLINE_CURVE_WITH_KNOTS('',1,(#621,#622),.UNSPECIFIED.,.F.,.F.,
  (2,2),(-92.5,-2.5),.PIECEWISE_BEZIER_KNOTS.);
#621 = CARTESIAN_POINT('',(90.,-3.));
#622 = CARTESIAN_POINT('',(0.,-3.));
#623 = ( GEOMETRIC_REPRESENTATION_CONTEXT(2) 
PARAMETRIC_REPRESENTATION_CONTEXT() REPRESENTATION_CONTEXT('2D SPACE',''
  ) );
#624 = ORIENTED_EDGE('',*,*,#625,.T.);
#625 = EDGE_CURVE('',#599,#626,#628,.T.);
#626 = VERTEX_POINT('',#627);
#627 = CARTESIAN_POINT('',(2.630943086168,-50.,5.));
#628 = SURFACE_CURVE('',#629,(#633,#640),.PCURVE_S1.);
#629 = LINE('',#630,#631);
#630 = CARTESIAN_POINT('',(-22.06547154308,-50.,5.));
#631 = VECTOR('',#632,1.);
#632 = DIRECTION('',(1.,0.,-0.));
#633 = PCURVE('',#44,#634);
#634 = DEFINITIONAL_REPRESENTATION('',(#635),#639);
#635 = LINE('',#636,#637);
#636 = CARTESIAN_POINT('',(5.,27.934528456916));
#637 = VECTOR('',#638,1.);
#638 = DIRECTION('',(0.,1.));
#639 = ( GEOMETRIC_REPRESENTATION_CONTEXT(2) 
PARAMETRIC_REPRESENTATION_CONTEXT() REPRESENTATION_CONTEXT('2D SPACE',''
  ) );
#640 = PCURVE('',#641,#646);
#641 = PLANE('',#642);
#642 = AXIS2_PLACEMENT_3D('',#643,#644,#645);
#643 = CARTESIAN_POINT('',(-2.630943086168,-53.,5.));
#644 = DIRECTION('',(0.,0.,1.));
#645 = DIRECTION('',(1.,0.,-0.));
#646 = DEFINITIONAL_REPRESENTATION('',(#647),#650);
#647 = B_SPLINE_CURVE_WITH_KNOTS('',1,(#648,#649),.UNSPECIFIED.,.F.,.F.,
  (2,2),(19.434528456916,24.696414629251),.PIECEWISE_BEZIER_KNOTS.);
#648 = CARTESIAN_POINT('',(0.,3.));
#649 = CARTESIAN_POINT('',(5.261886172335,3.));
#650 = ( GEOMETRIC_REPRESENTATION_CONTEXT(2) 
PARAMETRIC_REPRESENTATION_CONTEXT() REPRESENTATION_CONTEXT('2D SPACE',''
  ) );
#651 = ORIENTED_EDGE('',*,*,#652,.F.);
#652 = EDGE_CURVE('',#653,#626,#655,.T.);
#653 = VERTEX_POINT('',#654);
#654 = CARTESIAN_POINT('',(2.630943086168,-50.,47.369056913832));
#655 = SURFACE_CURVE('',#656,(#660,#667),.PCURVE_S1.);
#656 = LINE('',#657,#658);
#657 = CARTESIAN_POINT('',(2.630943086168,-50.,2.5));
#658 = VECTOR('',#659,1.);
#659 = DIRECTION('',(-0.,0.,-1.));
#660 = PCURVE('',#44,#661);
#661 = DEFINITIONAL_REPRESENTATION('',(#662),#666);
#662 = LINE('',#663,#664);
#663 = CARTESIAN_POINT('',(2.5,52.630943086168));
#664 = VECTOR('',#665,1.);
#665 = DIRECTION('',(-1.,0.));
#666 = ( GEOMETRIC_REPRESENTATION_CONTEXT(2) 
PARAMETRIC_REPRESENTATION_CONTEXT() REPRESENTATION_CONTEXT('2D SPACE',''
  ) );
#667 = PCURVE('',#668,#673);
#668 = PLANE('',#669);
#669 = AXIS2_PLACEMENT_3D('',#670,#671,#672);
#670 = CARTESIAN_POINT('',(2.630943086168,-53.,5.));
#671 = DIRECTION('',(1.,0.,-0.));
#672 = DIRECTION('',(0.,0.,1.));
#673 = DEFINITIONAL_REPRESENTATION('',(#674),#677);
#674 = B_SPLINE_CURVE_WITH_KNOTS('',1,(#675,#676),.UNSPECIFIED.,.F.,.F.,
  (2,2),(-92.5,-2.5),.PIECEWISE_BEZIER_KNOTS.);
#675 = CARTESIAN_POINT('',(90.,-3.));
#676 = CARTESIAN_POINT('',(0.,-3.));
#677 = ( GEOMETRIC_REPRESENTATION_CONTEXT(2) 
PARAMETRIC_REPRESENTATION_CONTEXT() REPRESENTATION_CONTEXT('2D SPACE',''
  ) );
#678 = ORIENTED_EDGE('',*,*,#679,.T.);
#679 = EDGE_CURVE('',#653,#680,#682,.T.);
#680 = VERTEX_POINT('',#681);
#681 = CARTESIAN_POINT('',(36.5,-50.,47.369056913832));
#682 = SURFACE_CURVE('',#683,(#687,#694),.PCURVE_S1.);
#683 = LINE('',#684,#685);
#684 = CARTESIAN_POINT('',(-39.,-50.,47.369056913832));
#685 = VECTOR('',#686,1.);
#686 = DIRECTION('',(1.,0.,-0.));
#687 = PCURVE('',#44,#688);
#688 = DEFINITIONAL_REPRESENTATION('',(#689),#693);
#689 = LINE('',#690,#691);
#690 = CARTESIAN_POINT('',(47.369056913832,11.));
#691 = VECTOR('',#692,1.);
#692 = DIRECTION('',(0.,1.));
#693 = ( GEOMETRIC_REPRESENTATION_CONTEXT(2) 
PARAMETRIC_REPRESENTATION_CONTEXT() REPRESENTATION_CONTEXT('2D SPACE',''
  ) );
#694 = PCURVE('',#695,#700);
#695 = PLANE('',#696);
#696 = AXIS2_PLACEMENT_3D('',#697,#698,#699);
#697 = CARTESIAN_POINT('',(-36.5,-53.,47.369056913832));
#698 = DIRECTION('',(0.,0.,1.));
#699 = DIRECTION('',(1.,0.,-0.));
#700 = DEFINITIONAL_REPRESENTATION('',(#701),#704);
#701 = B_SPLINE_CURVE_WITH_KNOTS('',1,(#702,#703),.UNSPECIFIED.,.F.,.F.,
  (2,2),(2.5,75.5),.PIECEWISE_BEZIER_KNOTS.);
#702 = CARTESIAN_POINT('',(0.,3.));
#703 = CARTESIAN_POINT('',(73.,3.));
#704 = ( GEOMETRIC_REPRESENTATION_CONTEXT(2) 
PARAMETRIC_REPRESENTATION_CONTEXT() REPRESENTATION_CONTEXT('2D SPACE',''
  ) );
#705 = ORIENTED_EDGE('',*,*,#706,.F.);
#706 = EDGE_CURVE('',#707,#680,#709,.T.);
#707 = VERTEX_POINT('',#708);
#708 = CARTESIAN_POINT('',(36.5,-50.,52.630943086168));
#709 = SURFACE_CURVE('',#710,(#714,#721),.PCURVE_S1.);
#710 = LINE('',#711,#712);
#711 = CARTESIAN_POINT('',(36.5,-50.,23.684528456916));
#712 = VECTOR('',#713,1.);
#713 = DIRECTION('',(-0.,0.,-1.));
#714 = PCURVE('',#44,#715);
#715 = DEFINITIONAL_REPRESENTATION('',(#716),#720);
#716 = LINE('',#717,#718);
#717 = CARTESIAN_POINT('',(23.684528456916,86.5));
#718 = VECTOR('',#719,1.);
#719 = DIRECTION('',(-1.,0.));
#720 = ( GEOMETRIC_REPRESENTATION_CONTEXT(2) 
PARAMETRIC_REPRESENTATION_CONTEXT() REPRESENTATION_CONTEXT('2D SPACE',''
  ) );
#721 = PCURVE('',#722,#727);
#722 = PLANE('',#723);
#723 = AXIS2_PLACEMENT_3D('',#724,#725,#726);
#724 = CARTESIAN_POINT('',(36.5,-53.,47.369056913832));
#725 = DIRECTION('',(1.,0.,-0.));
#726 = DIRECTION('',(0.,0.,1.));
#727 = DEFINITIONAL_REPRESENTATION('',(#728),#731);
#728 = B_SPLINE_CURVE_WITH_KNOTS('',1,(#729,#730),.UNSPECIFIED.,.F.,.F.,
  (2,2),(-28.94641462925,-23.68452845691),.PIECEWISE_BEZIER_KNOTS.);
#729 = CARTESIAN_POINT('',(5.261886172335,-3.));
#730 = CARTESIAN_POINT('',(0.,-3.));
#731 = ( GEOMETRIC_REPRESENTATION_CONTEXT(2) 
PARAMETRIC_REPRESENTATION_CONTEXT() REPRESENTATION_CONTEXT('2D SPACE',''
  ) );
#732 = ORIENTED_EDGE('',*,*,#733,.F.);
#733 = EDGE_CURVE('',#734,#707,#736,.T.);
#734 = VERTEX_POINT('',#735);
#735 = CARTESIAN_POINT('',(2.630943086168,-50.,52.630943086168));
#736 = SURFACE_CURVE('',#737,(#741,#748),.PCURVE_S1.);
#737 = LINE('',#738,#739);
#738 = CARTESIAN_POINT('',(-39.,-50.,52.630943086168));
#739 = VECTOR('',#740,1.);
#740 = DIRECTION('',(1.,0.,-0.));
#741 = PCURVE('',#44,#742);
#742 = DEFINITIONAL_REPRESENTATION('',(#743),#747);
#743 = LINE('',#744,#745);
#744 = CARTESIAN_POINT('',(52.630943086168,11.));
#745 = VECTOR('',#746,1.);
#746 = DIRECTION('',(0.,1.));
#747 = ( GEOMETRIC_REPRESENTATION_CONTEXT(2) 
PARAMETRIC_REPRESENTATION_CONTEXT() REPRESENTATION_CONTEXT('2D SPACE',''
  ) );
#748 = PCURVE('',#749,#754);
#749 = PLANE('',#750);
#750 = AXIS2_PLACEMENT_3D('',#751,#752,#753);
#751 = CARTESIAN_POINT('',(-36.5,-53.,52.630943086168));
#752 = DIRECTION('',(0.,0.,1.));
#753 = DIRECTION('',(1.,0.,-0.));
#754 = DEFINITIONAL_REPRESENTATION('',(#755),#758);
#755 = B_SPLINE_CURVE_WITH_KNOTS('',1,(#756,#757),.UNSPECIFIED.,.F.,.F.,
  (2,2),(2.5,75.5),.PIECEWISE_BEZIER_KNOTS.);
#756 = CARTESIAN_POINT('',(0.,3.));
#757 = CARTESIAN_POINT('',(73.,3.));
#758 = ( GEOMETRIC_REPRESENTATION_CONTEXT(2) 
PARAMETRIC_REPRESENTATION_CONTEXT() REPRESENTATION_CONTEXT('2D SPACE',''
  ) );
#759 = ORIENTED_EDGE('',*,*,#760,.F.);
#760 = EDGE_CURVE('',#761,#734,#763,.T.);
#761 = VERTEX_POINT('',#762);
#762 = CARTESIAN_POINT('',(2.630943086168,-50.,95.));
#763 = SURFACE_CURVE('',#764,(#768,#775),.PCURVE_S1.);
#764 = LINE('',#765,#766);
#765 = CARTESIAN_POINT('',(2.630943086168,-50.,2.5));
#766 = VECTOR('',#767,1.);
#767 = DIRECTION('',(-0.,0.,-1.));
#768 = PCURVE('',#44,#769);
#769 = DEFINITIONAL_REPRESENTATION('',(#770),#774);
#770 = LINE('',#771,#772);
#771 = CARTESIAN_POINT('',(2.5,52.630943086168));
#772 = VECTOR('',#773,1.);
#773 = DIRECTION('',(-1.,0.));
#774 = ( GEOMETRIC_REPRESENTATION_CONTEXT(2) 
PARAMETRIC_REPRESENTATION_CONTEXT() REPRESENTATION_CONTEXT('2D SPACE',''
  ) );
#775 = PCURVE('',#776,#781);
#776 = PLANE('',#777);
#777 = AXIS2_PLACEMENT_3D('',#778,#779,#780);
#778 = CARTESIAN_POINT('',(2.630943086168,-53.,5.));
#779 = DIRECTION('',(1.,0.,-0.));
#780 = DIRECTION('',(0.,0.,1.));
#781 = DEFINITIONAL_REPRESENTATION('',(#782),#785);
#782 = B_SPLINE_CURVE_WITH_KNOTS('',1,(#783,#784),.UNSPECIFIED.,.F.,.F.,
  (2,2),(-92.5,-2.5),.PIECEWISE_BEZIER_KNOTS.);
#783 = CARTESIAN_POINT('',(90.,-3.));
#784 = CARTESIAN_POINT('',(0.,-3.));
#785 = ( GEOMETRIC_REPRESENTATION_CONTEXT(2) 
PARAMETRIC_REPRESENTATION_CONTEXT() REPRESENTATION_CONTEXT('2D SPACE',''
  ) );
#786 = ORIENTED_EDGE('',*,*,#787,.F.);
#787 = EDGE_CURVE('',#788,#761,#790,.T.);
#788 = VERTEX_POINT('',#789);
#789 = CARTESIAN_POINT('',(-2.630943086168,-50.,95.));
#790 = SURFACE_CURVE('',#791,(#795,#802),.PCURVE_S1.);
#791 = LINE('',#792,#793);
#792 = CARTESIAN_POINT('',(-22.06547154308,-50.,95.));
#793 = VECTOR('',#794,1.);
#794 = DIRECTION('',(1.,0.,-0.));
#795 = PCURVE('',#44,#796);
#796 = DEFINITIONAL_REPRESENTATION('',(#797),#801);
#797 = LINE('',#798,#799);
#798 = CARTESIAN_POINT('',(95.,27.934528456916));
#799 = VECTOR('',#800,1.);
#800 = DIRECTION('',(0.,1.));
#801 = ( GEOMETRIC_REPRESENTATION_CONTEXT(2) 
PARAMETRIC_REPRESENTATION_CONTEXT() REPRESENTATION_CONTEXT('2D SPACE',''
  ) );
#802 = PCURVE('',#803,#808);
#803 = PLANE('',#804);
#804 = AXIS2_PLACEMENT_3D('',#805,#806,#807);
#805 = CARTESIAN_POINT('',(-2.630943086168,-53.,95.));
#806 = DIRECTION('',(0.,0.,1.));
#807 = DIRECTION('',(1.,0.,-0.));
#808 = DEFINITIONAL_REPRESENTATION('',(#809),#812);
#809 = B_SPLINE_CURVE_WITH_KNOTS('',1,(#810,#811),.UNSPECIFIED.,.F.,.F.,
  (2,2),(19.434528456916,24.696414629251),.PIECEWISE_BEZIER_KNOTS.);
#810 = CARTESIAN_POINT('',(0.,3.));
#811 = CARTESIAN_POINT('',(5.261886172335,3.));
#812 = ( GEOMETRIC_REPRESENTATION_CONTEXT(2) 
PARAMETRIC_REPRESENTATION_CONTEXT() REPRESENTATION_CONTEXT('2D SPACE',''
  ) );
#813 = ORIENTED_EDGE('',*,*,#814,.T.);
#814 = EDGE_CURVE('',#788,#815,#817,.T.);
#815 = VERTEX_POINT('',#816);
#816 = CARTESIAN_POINT('',(-2.630943086168,-50.,52.630943086168));
#817 = SURFACE_CURVE('',#818,(#822,#829),.PCURVE_S1.);
#818 = LINE('',#819,#820);
#819 = CARTESIAN_POINT('',(-2.630943086168,-50.,2.5));
#820 = VECTOR('',#821,1.);
#821 = DIRECTION('',(-0.,0.,-1.));
#822 = PCURVE('',#44,#823);
#823 = DEFINITIONAL_REPRESENTATION('',(#824),#828);
#824 = LINE('',#825,#826);
#825 = CARTESIAN_POINT('',(2.5,47.369056913832));
#826 = VECTOR('',#827,1.);
#827 = DIRECTION('',(-1.,0.));
#828 = ( GEOMETRIC_REPRESENTATION_CONTEXT(2) 
PARAMETRIC_REPRESENTATION_CONTEXT() REPRESENTATION_CONTEXT('2D SPACE',''
  ) );
#829 = PCURVE('',#830,#835);
#830 = PLANE('',#831);
#831 = AXIS2_PLACEMENT_3D('',#832,#833,#834);
#832 = CARTESIAN_POINT('',(-2.630943086168,-53.,5.));
#833 = DIRECTION('',(1.,0.,-0.));
#834 = DIRECTION('',(0.,0.,1.));
#835 = DEFINITIONAL_REPRESENTATION('',(#836),#839);
#836 = B_SPLINE_CURVE_WITH_KNOTS('',1,(#837,#838),.UNSPECIFIED.,.F.,.F.,
  (2,2),(-92.5,-2.5),.PIECEWISE_BEZIER_KNOTS.);
#837 = CARTESIAN_POINT('',(90.,-3.));
#838 = CARTESIAN_POINT('',(0.,-3.));
#839 = ( GEOMETRIC_REPRESENTATION_CONTEXT(2) 
PARAMETRIC_REPRESENTATION_CONTEXT() REPRESENTATION_CONTEXT('2D SPACE',''
  ) );
#840 = ORIENTED_EDGE('',*,*,#841,.F.);
#841 = EDGE_CURVE('',#543,#815,#842,.T.);
#842 = SURFACE_CURVE('',#843,(#847,#854),.PCURVE_S1.);
#843 = LINE('',#844,#845);
#844 = CARTESIAN_POINT('',(-39.,-50.,52.630943086168));
#845 = VECTOR('',#846,1.);
#846 = DIRECTION('',(1.,0.,-0.));
#847 = PCURVE('',#44,#848);
#848 = DEFINITIONAL_REPRESENTATION('',(#849),#853);
#849 = LINE('',#850,#851);
#850 = CARTESIAN_POINT('',(52.630943086168,11.));
#851 = VECTOR('',#852,1.);
#852 = DIRECTION('',(0.,1.));
#853 = ( GEOMETRIC_REPRESENTATION_CONTEXT(2) 
PARAMETRIC_REPRESENTATION_CONTEXT() REPRESENTATION_CONTEXT('2D SPACE',''
  ) );
#854 = PCURVE('',#855,#860);
#855 = PLANE('',#856);
#856 = AXIS2_PLACEMENT_3D('',#857,#858,#859);
#857 = CARTESIAN_POINT('',(-36.5,-53.,52.630943086168));
#858 = DIRECTION('',(0.,0.,1.));
#859 = DIRECTION('',(1.,0.,-0.));
#860 = DEFINITIONAL_REPRESENTATION('',(#861),#864);
#861 = B_SPLINE_CURVE_WITH_KNOTS('',1,(#862,#863),.UNSPECIFIED.,.F.,.F.,
  (2,2),(2.5,75.5),.PIECEWISE_BEZIER_KNOTS.);
#862 = CARTESIAN_POINT('',(0.,3.));
#863 = CARTESIAN_POINT('',(73.,3.));
#864 = ( GEOMETRIC_REPRESENTATION_CONTEXT(2) 
PARAMETRIC_REPRESENTATION_CONTEXT() REPRESENTATION_CONTEXT('2D SPACE',''
  ) );
#865 = ADVANCED_FACE('',(#866,#914),#126,.T.);
#866 = FACE_BOUND('',#867,.T.);
#867 = EDGE_LOOP('',(#868,#869,#870,#893));
#868 = ORIENTED_EDGE('',*,*,#112,.F.);
#869 = ORIENTED_EDGE('',*,*,#491,.F.);
#870 = ORIENTED_EDGE('',*,*,#871,.T.);
#871 = EDGE_CURVE('',#492,#872,#874,.T.);
#872 = VERTEX_POINT('',#873);
#873 = CARTESIAN_POINT('',(50.,50.,100.));
#874 = SURFACE_CURVE('',#875,(#879,#886),.PCURVE_S1.);
#875 = LINE('',#876,#877);
#876 = CARTESIAN_POINT('',(50.,-50.,100.));
#877 = VECTOR('',#878,1.);
#878 = DIRECTION('',(0.,1.,0.));
#879 = PCURVE('',#126,#880);
#880 = DEFINITIONAL_REPRESENTATION('',(#881),#885);
#881 = LINE('',#882,#883);
#882 = CARTESIAN_POINT('',(100.,0.));
#883 = VECTOR('',#884,1.);
#884 = DIRECTION('',(0.,1.));
#885 = ( GEOMETRIC_REPRESENTATION_CONTEXT(2) 
PARAMETRIC_REPRESENTATION_CONTEXT() REPRESENTATION_CONTEXT('2D SPACE',''
  ) );
#886 = PCURVE('',#528,#887);
#887 = DEFINITIONAL_REPRESENTATION('',(#888),#892);
#888 = LINE('',#889,#890);
#889 = CARTESIAN_POINT('',(100.,0.));
#890 = VECTOR('',#891,1.);
#891 = DIRECTION('',(0.,-1.));
#892 = ( GEOMETRIC_REPRESENTATION_CONTEXT(2) 
PARAMETRIC_REPRESENTATION_CONTEXT() REPRESENTATION_CONTEXT('2D SPACE',''
  ) );
#893 = ORIENTED_EDGE('',*,*,#894,.T.);
#894 = EDGE_CURVE('',#872,#85,#895,.T.);
#895 = SURFACE_CURVE('',#896,(#900,#907),.PCURVE_S1.);
#896 = LINE('',#897,#898);
#897 = CARTESIAN_POINT('',(50.,50.,100.));
#898 = VECTOR('',#899,1.);
#899 = DIRECTION('',(-1.,0.,0.));
#900 = PCURVE('',#126,#901);
#901 = DEFINITIONAL_REPRESENTATION('',(#902),#906);
#902 = LINE('',#903,#904);
#903 = CARTESIAN_POINT('',(100.,100.));
#904 = VECTOR('',#905,1.);
#905 = DIRECTION('',(-1.,0.));
#906 = ( GEOMETRIC_REPRESENTATION_CONTEXT(2) 
PARAMETRIC_REPRESENTATION_CONTEXT() REPRESENTATION_CONTEXT('2D SPACE',''
  ) );
#907 = PCURVE('',#100,#908);
#908 = DEFINITIONAL_REPRESENTATION('',(#909),#913);
#909 = LINE('',#910,#911);
#910 = CARTESIAN_POINT('',(100.,100.));
#911 = VECTOR('',#912,1.);
#912 = DIRECTION('',(0.,-1.));
#913 = ( GEOMETRIC_REPRESENTATION_CONTEXT(2) 
PARAMETRIC_REPRESENTATION_CONTEXT() REPRESENTATION_CONTEXT('2D SPACE',''
  ) );
#914 = FACE_BOUND('',#915,.T.);
#915 = EDGE_LOOP('',(#916,#946,#974,#1002,#1030,#1058,#1086,#1114,#1142,
    #1170,#1198,#1226));
#916 = ORIENTED_EDGE('',*,*,#917,.F.);
#917 = EDGE_CURVE('',#918,#920,#922,.T.);
#918 = VERTEX_POINT('',#919);
#919 = CARTESIAN_POINT('',(-48.,-41.5,100.));
#920 = VERTEX_POINT('',#921);
#921 = CARTESIAN_POINT('',(-41.5,-41.5,100.));
#922 = SURFACE_CURVE('',#923,(#927,#934),.PCURVE_S1.);
#923 = LINE('',#924,#925);
#924 = CARTESIAN_POINT('',(-50.,-41.5,100.));
#925 = VECTOR('',#926,1.);
#926 = DIRECTION('',(1.,0.,-0.));
#927 = PCURVE('',#126,#928);
#928 = DEFINITIONAL_REPRESENTATION('',(#929),#933);
#929 = LINE('',#930,#931);
#930 = CARTESIAN_POINT('',(0.,8.5));
#931 = VECTOR('',#932,1.);
#932 = DIRECTION('',(1.,0.));
#933 = ( GEOMETRIC_REPRESENTATION_CONTEXT(2) 
PARAMETRIC_REPRESENTATION_CONTEXT() REPRESENTATION_CONTEXT('2D SPACE',''
  ) );
#934 = PCURVE('',#935,#940);
#935 = PLANE('',#936);
#936 = AXIS2_PLACEMENT_3D('',#937,#938,#939);
#937 = CARTESIAN_POINT('',(-50.,-41.5,0.));
#938 = DIRECTION('',(-0.,1.,0.));
#939 = DIRECTION('',(0.,0.,1.));
#940 = DEFINITIONAL_REPRESENTATION('',(#941),#945);
#941 = LINE('',#942,#943);
#942 = CARTESIAN_POINT('',(100.,0.));
#943 = VECTOR('',#944,1.);
#944 = DIRECTION('',(0.,1.));
#945 = ( GEOMETRIC_REPRESENTATION_CONTEXT(2) 
PARAMETRIC_REPRESENTATION_CONTEXT() REPRESENTATION_CONTEXT('2D SPACE',''
  ) );
#946 = ORIENTED_EDGE('',*,*,#947,.T.);
#947 = EDGE_CURVE('',#918,#948,#950,.T.);
#948 = VERTEX_POINT('',#949);
#949 = CARTESIAN_POINT('',(-48.,41.5,100.));
#950 = SURFACE_CURVE('',#951,(#955,#962),.PCURVE_S1.);
#951 = LINE('',#952,#953);
#952 = CARTESIAN_POINT('',(-48.,-41.5,100.));
#953 = VECTOR('',#954,1.);
#954 = DIRECTION('',(-0.,1.,0.));
#955 = PCURVE('',#126,#956);
#956 = DEFINITIONAL_REPRESENTATION('',(#957),#961);
#957 = LINE('',#958,#959);
#958 = CARTESIAN_POINT('',(2.,8.5));
#959 = VECTOR('',#960,1.);
#960 = DIRECTION('',(0.,1.));
#961 = ( GEOMETRIC_REPRESENTATION_CONTEXT(2) 
PARAMETRIC_REPRESENTATION_CONTEXT() REPRESENTATION_CONTEXT('2D SPACE',''
  ) );
#962 = PCURVE('',#963,#968);
#963 = PLANE('',#964);
#964 = AXIS2_PLACEMENT_3D('',#965,#966,#967);
#965 = CARTESIAN_POINT('',(-48.,-41.5,0.));
#966 = DIRECTION('',(1.,0.,-0.));
#967 = DIRECTION('',(0.,0.,1.));
#968 = DEFINITIONAL_REPRESENTATION('',(#969),#973);
#969 = LINE('',#970,#971);
#970 = CARTESIAN_POINT('',(100.,0.));
#971 = VECTOR('',#972,1.);
#972 = DIRECTION('',(0.,-1.));
#973 = ( GEOMETRIC_REPRESENTATION_CONTEXT(2) 
PARAMETRIC_REPRESENTATION_CONTEXT() REPRESENTATION_CONTEXT('2D SPACE',''
  ) );
#974 = ORIENTED_EDGE('',*,*,#975,.T.);
#975 = EDGE_CURVE('',#948,#976,#978,.T.);
#976 = VERTEX_POINT('',#977);
#977 = CARTESIAN_POINT('',(-41.5,41.5,100.));
#978 = SURFACE_CURVE('',#979,(#983,#990),.PCURVE_S1.);
#979 = LINE('',#980,#981);
#980 = CARTESIAN_POINT('',(-50.,41.5,100.));
#981 = VECTOR('',#982,1.);
#982 = DIRECTION('',(1.,0.,-0.));
#983 = PCURVE('',#126,#984);
#984 = DEFINITIONAL_REPRESENTATION('',(#985),#989);
#985 = LINE('',#986,#987);
#986 = CARTESIAN_POINT('',(0.,91.5));
#987 = VECTOR('',#988,1.);
#988 = DIRECTION('',(1.,0.));
#989 = ( GEOMETRIC_REPRESENTATION_CONTEXT(2) 
PARAMETRIC_REPRESENTATION_CONTEXT() REPRESENTATION_CONTEXT('2D SPACE',''
  ) );
#990 = PCURVE('',#991,#996);
#991 = PLANE('',#992);
#992 = AXIS2_PLACEMENT_3D('',#993,#994,#995);
#993 = CARTESIAN_POINT('',(-50.,41.5,0.));
#994 = DIRECTION('',(-0.,1.,0.));
#995 = DIRECTION('',(0.,0.,1.));
#996 = DEFINITIONAL_REPRESENTATION('',(#997),#1001);
#997 = LINE('',#998,#999);
#998 = CARTESIAN_POINT('',(100.,0.));
#999 = VECTOR('',#1000,1.);
#1000 = DIRECTION('',(0.,1.));
#1001 = ( GEOMETRIC_REPRESENTATION_CONTEXT(2) 
PARAMETRIC_REPRESENTATION_CONTEXT() REPRESENTATION_CONTEXT('2D SPACE',''
  ) );
#1002 = ORIENTED_EDGE('',*,*,#1003,.T.);
#1003 = EDGE_CURVE('',#976,#1004,#1006,.T.);
#1004 = VERTEX_POINT('',#1005);
#1005 = CARTESIAN_POINT('',(-41.5,48.,100.));
#1006 = SURFACE_CURVE('',#1007,(#1011,#1018),.PCURVE_S1.);
#1007 = LINE('',#1008,#1009);
#1008 = CARTESIAN_POINT('',(-41.5,41.5,100.));
#1009 = VECTOR('',#1010,1.);
#1010 = DIRECTION('',(-0.,1.,0.));
#1011 = PCURVE('',#126,#1012);
#1012 = DEFINITIONAL_REPRESENTATION('',(#1013),#1017);
#1013 = LINE('',#1014,#1015);
#1014 = CARTESIAN_POINT('',(8.5,91.5));
#1015 = VECTOR('',#1016,1.);
#1016 = DIRECTION('',(0.,1.));
#1017 = ( GEOMETRIC_REPRESENTATION_CONTEXT(2) 
PARAMETRIC_REPRESENTATION_CONTEXT() REPRESENTATION_CONTEXT('2D SPACE',''
  ) );
#1018 = PCURVE('',#1019,#1024);
#1019 = PLANE('',#1020);
#1020 = AXIS2_PLACEMENT_3D('',#1021,#1022,#1023);
#1021 = CARTESIAN_POINT('',(-41.5,41.5,0.));
#1022 = DIRECTION('',(1.,0.,-0.));
#1023 = DIRECTION('',(0.,0.,1.));
#1024 = DEFINITIONAL_REPRESENTATION('',(#1025),#1029);
#1025 = LINE('',#1026,#1027);
#1026 = CARTESIAN_POINT('',(100.,0.));
#1027 = VECTOR('',#1028,1.);
#1028 = DIRECTION('',(0.,-1.));
#1029 = ( GEOMETRIC_REPRESENTATION_CONTEXT(2) 
PARAMETRIC_REPRESENTATION_CONTEXT() REPRESENTATION_CONTEXT('2D SPACE',''
  ) );
#1030 = ORIENTED_EDGE('',*,*,#1031,.T.);
#1031 = EDGE_CURVE('',#1004,#1032,#1034,.T.);
#1032 = VERTEX_POINT('',#1033);
#1033 = CARTESIAN_POINT('',(41.5,48.,100.));
#1034 = SURFACE_CURVE('',#1035,(#1039,#1046),.PCURVE_S1.);
#1035 = LINE('',#1036,#1037);
#1036 = CARTESIAN_POINT('',(-41.5,48.,100.));
#1037 = VECTOR('',#1038,1.);
#1038 = DIRECTION('',(1.,0.,-0.));
#1039 = PCURVE('',#126,#1040);
#1040 = DEFINITIONAL_REPRESENTATION('',(#1041),#1045);
#1041 = LINE('',#1042,#1043);
#1042 = CARTESIAN_POINT('',(8.5,98.));
#1043 = VECTOR('',#1044,1.);
#1044 = DIRECTION('',(1.,0.));
#1045 = ( GEOMETRIC_REPRESENTATION_CONTEXT(2) 
PARAMETRIC_REPRESENTATION_CONTEXT() REPRESENTATION_CONTEXT('2D SPACE',''
  ) );
#1046 = PCURVE('',#1047,#1052);
#1047 = PLANE('',#1048);
#1048 = AXIS2_PLACEMENT_3D('',#1049,#1050,#1051);
#1049 = CARTESIAN_POINT('',(-41.5,48.,0.));
#1050 = DIRECTION('',(-0.,1.,0.));
#1051 = DIRECTION('',(0.,0.,1.));
#1052 = DEFINITIONAL_REPRESENTATION('',(#1053),#1057);
#1053 = LINE('',#1054,#1055);
#1054 = CARTESIAN_POINT('',(100.,0.));
#1055 = VECTOR('',#1056,1.);
#1056 = DIRECTION('',(0.,1.));
#1057 = ( GEOMETRIC_REPRESENTATION_CONTEXT(2) 
PARAMETRIC_REPRESENTATION_CONTEXT() REPRESENTATION_CONTEXT('2D SPACE',''
  ) );
#1058 = ORIENTED_EDGE('',*,*,#1059,.F.);
#1059 = EDGE_CURVE('',#1060,#1032,#1062,.T.);
#1060 = VERTEX_POINT('',#1061);
#1061 = CARTESIAN_POINT('',(41.5,41.5,100.));
#1062 = SURFACE_CURVE('',#1063,(#1067,#1074),.PCURVE_S1.);
#1063 = LINE('',#1064,#1065);
#1064 = CARTESIAN_POINT('',(41.5,41.5,100.));
#1065 = VECTOR('',#1066,1.);
#1066 = DIRECTION('',(-0.,1.,0.));
#1067 = PCURVE('',#126,#1068);
#1068 = DEFINITIONAL_REPRESENTATION('',(#1069),#1073);
#1069 = LINE('',#1070,#1071);
#1070 = CARTESIAN_POINT('',(91.5,91.5));
#1071 = VECTOR('',#1072,1.);
#1072 = DIRECTION('',(0.,1.));
#1073 = ( GEOMETRIC_REPRESENTATION_CONTEXT(2) 
PARAMETRIC_REPRESENTATION_CONTEXT() REPRESENTATION_CONTEXT('2D SPACE',''
  ) );
#1074 = PCURVE('',#1075,#1080);
#1075 = PLANE('',#1076);
#1076 = AXIS2_PLACEMENT_3D('',#1077,#1078,#1079);
#1077 = CARTESIAN_POINT('',(41.5,41.5,0.));
#1078 = DIRECTION('',(1.,0.,-0.));
#1079 = DIRECTION('',(0.,0.,1.));
#1080 = DEFINITIONAL_REPRESENTATION('',(#1081),#1085);
#1081 = LINE('',#1082,#1083);
#1082 = CARTESIAN_POINT('',(100.,0.));
#1083 = VECTOR('',#1084,1.);
#1084 = DIRECTION('',(0.,-1.));
#1085 = ( GEOMETRIC_REPRESENTATION_CONTEXT(2) 
PARAMETRIC_REPRESENTATION_CONTEXT() REPRESENTATION_CONTEXT('2D SPACE',''
  ) );
#1086 = ORIENTED_EDGE('',*,*,#1087,.T.);
#1087 = EDGE_CURVE('',#1060,#1088,#1090,.T.);
#1088 = VERTEX_POINT('',#1089);
#1089 = CARTESIAN_POINT('',(48.,41.5,100.));
#1090 = SURFACE_CURVE('',#1091,(#1095,#1102),.PCURVE_S1.);
#1091 = LINE('',#1092,#1093);
#1092 = CARTESIAN_POINT('',(41.5,41.5,100.));
#1093 = VECTOR('',#1094,1.);
#1094 = DIRECTION('',(1.,0.,-0.));
#1095 = PCURVE('',#126,#1096);
#1096 = DEFINITIONAL_REPRESENTATION('',(#1097),#1101);
#1097 = LINE('',#1098,#1099);
#1098 = CARTESIAN_POINT('',(91.5,91.5));
#1099 = VECTOR('',#1100,1.);
#1100 = DIRECTION('',(1.,0.));
#1101 = ( GEOMETRIC_REPRESENTATION_CONTEXT(2) 
PARAMETRIC_REPRESENTATION_CONTEXT() REPRESENTATION_CONTEXT('2D SPACE',''
  ) );
#1102 = PCURVE('',#1103,#1108);
#1103 = PLANE('',#1104);
#1104 = AXIS2_PLACEMENT_3D('',#1105,#1106,#1107);
#1105 = CARTESIAN_POINT('',(41.5,41.5,0.));
#1106 = DIRECTION('',(-0.,1.,0.));
#1107 = DIRECTION('',(0.,0.,1.));
#1108 = DEFINITIONAL_REPRESENTATION('',(#1109),#1113);
#1109 = LINE('',#1110,#1111);
#1110 = CARTESIAN_POINT('',(100.,0.));
#1111 = VECTOR('',#1112,1.);
#1112 = DIRECTION('',(0.,1.));
#1113 = ( GEOMETRIC_REPRESENTATION_CONTEXT(2) 
PARAMETRIC_REPRESENTATION_CONTEXT() REPRESENTATION_CONTEXT('2D SPACE',''
  ) );
#1114 = ORIENTED_EDGE('',*,*,#1115,.F.);
#1115 = EDGE_CURVE('',#1116,#1088,#1118,.T.);
#1116 = VERTEX_POINT('',#1117);
#1117 = CARTESIAN_POINT('',(48.,-41.5,100.));
#1118 = SURFACE_CURVE('',#1119,(#1123,#1130),.PCURVE_S1.);
#1119 = LINE('',#1120,#1121);
#1120 = CARTESIAN_POINT('',(48.,-41.5,100.));
#1121 = VECTOR('',#1122,1.);
#1122 = DIRECTION('',(-0.,1.,0.));
#1123 = PCURVE('',#126,#1124);
#1124 = DEFINITIONAL_REPRESENTATION('',(#1125),#1129);
#1125 = LINE('',#1126,#1127);
#1126 = CARTESIAN_POINT('',(98.,8.5));
#1127 = VECTOR('',#1128,1.);
#1128 = DIRECTION('',(0.,1.));
#1129 = ( GEOMETRIC_REPRESENTATION_CONTEXT(2) 
PARAMETRIC_REPRESENTATION_CONTEXT() REPRESENTATION_CONTEXT('2D SPACE',''
  ) );
#1130 = PCURVE('',#1131,#1136);
#1131 = PLANE('',#1132);
#1132 = AXIS2_PLACEMENT_3D('',#1133,#1134,#1135);
#1133 = CARTESIAN_POINT('',(48.,-41.5,0.));
#1134 = DIRECTION('',(1.,0.,-0.));
#1135 = DIRECTION('',(0.,0.,1.));
#1136 = DEFINITIONAL_REPRESENTATION('',(#1137),#1141);
#1137 = LINE('',#1138,#1139);
#1138 = CARTESIAN_POINT('',(100.,0.));
#1139 = VECTOR('',#1140,1.);
#1140 = DIRECTION('',(0.,-1.));
#1141 = ( GEOMETRIC_REPRESENTATION_CONTEXT(2) 
PARAMETRIC_REPRESENTATION_CONTEXT() REPRESENTATION_CONTEXT('2D SPACE',''
  ) );
#1142 = ORIENTED_EDGE('',*,*,#1143,.F.);
#1143 = EDGE_CURVE('',#1144,#1116,#1146,.T.);
#1144 = VERTEX_POINT('',#1145);
#1145 = CARTESIAN_POINT('',(41.5,-41.5,100.));
#1146 = SURFACE_CURVE('',#1147,(#1151,#1158),.PCURVE_S1.);
#1147 = LINE('',#1148,#1149);
#1148 = CARTESIAN_POINT('',(41.5,-41.5,100.));
#1149 = VECTOR('',#1150,1.);
#1150 = DIRECTION('',(1.,0.,-0.));
#1151 = PCURVE('',#126,#1152);
#1152 = DEFINITIONAL_REPRESENTATION('',(#1153),#1157);
#1153 = LINE('',#1154,#1155);
#1154 = CARTESIAN_POINT('',(91.5,8.5));
#1155 = VECTOR('',#1156,1.);
#1156 = DIRECTION('',(1.,0.));
#1157 = ( GEOMETRIC_REPRESENTATION_CONTEXT(2) 
PARAMETRIC_REPRESENTATION_CONTEXT() REPRESENTATION_CONTEXT('2D SPACE',''
  ) );
#1158 = PCURVE('',#1159,#1164);
#1159 = PLANE('',#1160);
#1160 = AXIS2_PLACEMENT_3D('',#1161,#1162,#1163);
#1161 = CARTESIAN_POINT('',(41.5,-41.5,0.));
#1162 = DIRECTION('',(-0.,1.,0.));
#1163 = DIRECTION('',(0.,0.,1.));
#1164 = DEFINITIONAL_REPRESENTATION('',(#1165),#1169);
#1165 = LINE('',#1166,#1167);
#1166 = CARTESIAN_POINT('',(100.,0.));
#1167 = VECTOR('',#1168,1.);
#1168 = DIRECTION('',(0.,1.));
#1169 = ( GEOMETRIC_REPRESENTATION_CONTEXT(2) 
PARAMETRIC_REPRESENTATION_CONTEXT() REPRESENTATION_CONTEXT('2D SPACE',''
  ) );
#1170 = ORIENTED_EDGE('',*,*,#1171,.F.);
#1171 = EDGE_CURVE('',#1172,#1144,#1174,.T.);
#1172 = VERTEX_POINT('',#1173);
#1173 = CARTESIAN_POINT('',(41.5,-48.,100.));
#1174 = SURFACE_CURVE('',#1175,(#1179,#1186),.PCURVE_S1.);
#1175 = LINE('',#1176,#1177);
#1176 = CARTESIAN_POINT('',(41.5,-50.,100.));
#1177 = VECTOR('',#1178,1.);
#1178 = DIRECTION('',(-0.,1.,0.));
#1179 = PCURVE('',#126,#1180);
#1180 = DEFINITIONAL_REPRESENTATION('',(#1181),#1185);
#1181 = LINE('',#1182,#1183);
#1182 = CARTESIAN_POINT('',(91.5,0.));
#1183 = VECTOR('',#1184,1.);
#1184 = DIRECTION('',(0.,1.));
#1185 = ( GEOMETRIC_REPRESENTATION_CONTEXT(2) 
PARAMETRIC_REPRESENTATION_CONTEXT() REPRESENTATION_CONTEXT('2D SPACE',''
  ) );
#1186 = PCURVE('',#1187,#1192);
#1187 = PLANE('',#1188);
#1188 = AXIS2_PLACEMENT_3D('',#1189,#1190,#1191);
#1189 = CARTESIAN_POINT('',(41.5,-50.,0.));
#1190 = DIRECTION('',(1.,0.,-0.));
#1191 = DIRECTION('',(0.,0.,1.));
#1192 = DEFINITIONAL_REPRESENTATION('',(#1193),#1197);
#1193 = LINE('',#1194,#1195);
#1194 = CARTESIAN_POINT('',(100.,0.));
#1195 = VECTOR('',#1196,1.);
#1196 = DIRECTION('',(0.,-1.));
#1197 = ( GEOMETRIC_REPRESENTATION_CONTEXT(2) 
PARAMETRIC_REPRESENTATION_CONTEXT() REPRESENTATION_CONTEXT('2D SPACE',''
  ) );
#1198 = ORIENTED_EDGE('',*,*,#1199,.F.);
#1199 = EDGE_CURVE('',#1200,#1172,#1202,.T.);
#1200 = VERTEX_POINT('',#1201);
#1201 = CARTESIAN_POINT('',(-41.5,-48.,100.));
#1202 = SURFACE_CURVE('',#1203,(#1207,#1214),.PCURVE_S1.);
#1203 = LINE('',#1204,#1205);
#1204 = CARTESIAN_POINT('',(-41.5,-48.,100.));
#1205 = VECTOR('',#1206,1.);
#1206 = DIRECTION('',(1.,0.,-0.));
#1207 = PCURVE('',#126,#1208);
#1208 = DEFINITIONAL_REPRESENTATION('',(#1209),#1213);
#1209 = LINE('',#1210,#1211);
#1210 = CARTESIAN_POINT('',(8.5,2.));
#1211 = VECTOR('',#1212,1.);
#1212 = DIRECTION('',(1.,0.));
#1213 = ( GEOMETRIC_REPRESENTATION_CONTEXT(2) 
PARAMETRIC_REPRESENTATION_CONTEXT() REPRESENTATION_CONTEXT('2D SPACE',''
  ) );
#1214 = PCURVE('',#1215,#1220);
#1215 = PLANE('',#1216);
#1216 = AXIS2_PLACEMENT_3D('',#1217,#1218,#1219);
#1217 = CARTESIAN_POINT('',(-41.5,-48.,0.));
#1218 = DIRECTION('',(-0.,1.,0.));
#1219 = DIRECTION('',(0.,0.,1.));
#1220 = DEFINITIONAL_REPRESENTATION('',(#1221),#1225);
#1221 = LINE('',#1222,#1223);
#1222 = CARTESIAN_POINT('',(100.,0.));
#1223 = VECTOR('',#1224,1.);
#1224 = DIRECTION('',(0.,1.));
#1225 = ( GEOMETRIC_REPRESENTATION_CONTEXT(2) 
PARAMETRIC_REPRESENTATION_CONTEXT() REPRESENTATION_CONTEXT('2D SPACE',''
  ) );
#1226 = ORIENTED_EDGE('',*,*,#1227,.T.);
#1227 = EDGE_CURVE('',#1200,#920,#1228,.T.);
#1228 = SURFACE_CURVE('',#1229,(#1233,#1240),.PCURVE_S1.);
#1229 = LINE('',#1230,#1231);
#1230 = CARTESIAN_POINT('',(-41.5,-50.,100.));
#1231 = VECTOR('',#1232,1.);
#1232 = DIRECTION('',(-0.,1.,0.));
#1233 = PCURVE('',#126,#1234);
#1234 = DEFINITIONAL_REPRESENTATION('',(#1235),#1239);
#1235 = LINE('',#1236,#1237);
#1236 = CARTESIAN_POINT('',(8.5,0.));
#1237 = VECTOR('',#1238,1.);
#1238 = DIRECTION('',(0.,1.));
#1239 = ( GEOMETRIC_REPRESENTATION_CONTEXT(2) 
PARAMETRIC_REPRESENTATION_CONTEXT() REPRESENTATION_CONTEXT('2D SPACE',''
  ) );
#1240 = PCURVE('',#1241,#1246);
#1241 = PLANE('',#1242);
#1242 = AXIS2_PLACEMENT_3D('',#1243,#1244,#1245);
#1243 = CARTESIAN_POINT('',(-41.5,-50.,0.));
#1244 = DIRECTION('',(1.,0.,-0.));
#1245 = DIRECTION('',(0.,0.,1.));
#1246 = DEFINITIONAL_REPRESENTATION('',(#1247),#1251);
#1247 = LINE('',#1248,#1249);
#1248 = CARTESIAN_POINT('',(100.,0.));
#1249 = VECTOR('',#1250,1.);
#1250 = DIRECTION('',(0.,-1.));
#1251 = ( GEOMETRIC_REPRESENTATION_CONTEXT(2) 
PARAMETRIC_REPRESENTATION_CONTEXT() REPRESENTATION_CONTEXT('2D SPACE',''
  ) );
#1252 = ADVANCED_FACE('',(#1253,#1301),#72,.F.);
#1253 = FACE_BOUND('',#1254,.F.);
#1254 = EDGE_LOOP('',(#1255,#1256,#1279,#1300));
#1255 = ORIENTED_EDGE('',*,*,#467,.T.);
#1256 = ORIENTED_EDGE('',*,*,#1257,.F.);
#1257 = EDGE_CURVE('',#1258,#468,#1260,.T.);
#1258 = VERTEX_POINT('',#1259);
#1259 = CARTESIAN_POINT('',(50.,50.,0.));
#1260 = SURFACE_CURVE('',#1261,(#1265,#1272),.PCURVE_S1.);
#1261 = LINE('',#1262,#1263);
#1262 = CARTESIAN_POINT('',(50.,50.,0.));
#1263 = VECTOR('',#1264,1.);
#1264 = DIRECTION('',(0.,-1.,0.));
#1265 = PCURVE('',#72,#1266);
#1266 = DEFINITIONAL_REPRESENTATION('',(#1267),#1271);
#1267 = LINE('',#1268,#1269);
#1268 = CARTESIAN_POINT('',(100.,100.));
#1269 = VECTOR('',#1270,1.);
#1270 = DIRECTION('',(0.,-1.));
#1271 = ( GEOMETRIC_REPRESENTATION_CONTEXT(2) 
PARAMETRIC_REPRESENTATION_CONTEXT() REPRESENTATION_CONTEXT('2D SPACE',''
  ) );
#1272 = PCURVE('',#528,#1273);
#1273 = DEFINITIONAL_REPRESENTATION('',(#1274),#1278);
#1274 = LINE('',#1275,#1276);
#1275 = CARTESIAN_POINT('',(0.,-100.));
#1276 = VECTOR('',#1277,1.);
#1277 = DIRECTION('',(0.,1.));
#1278 = ( GEOMETRIC_REPRESENTATION_CONTEXT(2) 
PARAMETRIC_REPRESENTATION_CONTEXT() REPRESENTATION_CONTEXT('2D SPACE',''
  ) );
#1279 = ORIENTED_EDGE('',*,*,#1280,.F.);
#1280 = EDGE_CURVE('',#57,#1258,#1281,.T.);
#1281 = SURFACE_CURVE('',#1282,(#1286,#1293),.PCURVE_S1.);
#1282 = LINE('',#1283,#1284);
#1283 = CARTESIAN_POINT('',(-50.,50.,0.));
#1284 = VECTOR('',#1285,1.);
#1285 = DIRECTION('',(1.,0.,0.));
#1286 = PCURVE('',#72,#1287);
#1287 = DEFINITIONAL_REPRESENTATION('',(#1288),#1292);
#1288 = LINE('',#1289,#1290);
#1289 = CARTESIAN_POINT('',(0.,100.));
#1290 = VECTOR('',#1291,1.);
#1291 = DIRECTION('',(1.,0.));
#1292 = ( GEOMETRIC_REPRESENTATION_CONTEXT(2) 
PARAMETRIC_REPRESENTATION_CONTEXT() REPRESENTATION_CONTEXT('2D SPACE',''
  ) );
#1293 = PCURVE('',#100,#1294);
#1294 = DEFINITIONAL_REPRESENTATION('',(#1295),#1299);
#1295 = LINE('',#1296,#1297);
#1296 = CARTESIAN_POINT('',(0.,0.));
#1297 = VECTOR('',#1298,1.);
#1298 = DIRECTION('',(0.,1.));
#1299 = ( GEOMETRIC_REPRESENTATION_CONTEXT(2) 
PARAMETRIC_REPRESENTATION_CONTEXT() REPRESENTATION_CONTEXT('2D SPACE',''
  ) );
#1300 = ORIENTED_EDGE('',*,*,#56,.T.);
#1301 = FACE_BOUND('',#1302,.F.);
#1302 = EDGE_LOOP('',(#1303,#1328,#1351,#1374,#1397,#1420,#1443,#1466,
    #1489,#1512,#1535,#1558));
#1303 = ORIENTED_EDGE('',*,*,#1304,.F.);
#1304 = EDGE_CURVE('',#1305,#1307,#1309,.T.);
#1305 = VERTEX_POINT('',#1306);
#1306 = CARTESIAN_POINT('',(-48.,-41.5,0.));
#1307 = VERTEX_POINT('',#1308);
#1308 = CARTESIAN_POINT('',(-41.5,-41.5,0.));
#1309 = SURFACE_CURVE('',#1310,(#1314,#1321),.PCURVE_S1.);
#1310 = LINE('',#1311,#1312);
#1311 = CARTESIAN_POINT('',(-50.,-41.5,0.));
#1312 = VECTOR('',#1313,1.);
#1313 = DIRECTION('',(1.,0.,-0.));
#1314 = PCURVE('',#72,#1315);
#1315 = DEFINITIONAL_REPRESENTATION('',(#1316),#1320);
#1316 = LINE('',#1317,#1318);
#1317 = CARTESIAN_POINT('',(0.,8.5));
#1318 = VECTOR('',#1319,1.);
#1319 = DIRECTION('',(1.,0.));
#1320 = ( GEOMETRIC_REPRESENTATION_CONTEXT(2) 
PARAMETRIC_REPRESENTATION_CONTEXT() REPRESENTATION_CONTEXT('2D SPACE',''
  ) );
#1321 = PCURVE('',#935,#1322);
#1322 = DEFINITIONAL_REPRESENTATION('',(#1323),#1327);
#1323 = LINE('',#1324,#1325);
#1324 = CARTESIAN_POINT('',(0.,0.));
#1325 = VECTOR('',#1326,1.);
#1326 = DIRECTION('',(0.,1.));
#1327 = ( GEOMETRIC_REPRESENTATION_CONTEXT(2) 
PARAMETRIC_REPRESENTATION_CONTEXT() REPRESENTATION_CONTEXT('2D SPACE',''
  ) );
#1328 = ORIENTED_EDGE('',*,*,#1329,.T.);
#1329 = EDGE_CURVE('',#1305,#1330,#1332,.T.);
#1330 = VERTEX_POINT('',#1331);
#1331 = CARTESIAN_POINT('',(-48.,41.5,0.));
#1332 = SURFACE_CURVE('',#1333,(#1337,#1344),.PCURVE_S1.);
#1333 = LINE('',#1334,#1335);
#1334 = CARTESIAN_POINT('',(-48.,-41.5,0.));
#1335 = VECTOR('',#1336,1.);
#1336 = DIRECTION('',(-0.,1.,0.));
#1337 = PCURVE('',#72,#1338);
#1338 = DEFINITIONAL_REPRESENTATION('',(#1339),#1343);
#1339 = LINE('',#1340,#1341);
#1340 = CARTESIAN_POINT('',(2.,8.5));
#1341 = VECTOR('',#1342,1.);
#1342 = DIRECTION('',(0.,1.));
#1343 = ( GEOMETRIC_REPRESENTATION_CONTEXT(2) 
PARAMETRIC_REPRESENTATION_CONTEXT() REPRESENTATION_CONTEXT('2D SPACE',''
  ) );
#1344 = PCURVE('',#963,#1345);
#1345 = DEFINITIONAL_REPRESENTATION('',(#1346),#1350);
#1346 = LINE('',#1347,#1348);
#1347 = CARTESIAN_POINT('',(0.,0.));
#1348 = VECTOR('',#1349,1.);
#1349 = DIRECTION('',(0.,-1.));
#1350 = ( GEOMETRIC_REPRESENTATION_CONTEXT(2) 
PARAMETRIC_REPRESENTATION_CONTEXT() REPRESENTATION_CONTEXT('2D SPACE',''
  ) );
#1351 = ORIENTED_EDGE('',*,*,#1352,.T.);
#1352 = EDGE_CURVE('',#1330,#1353,#1355,.T.);
#1353 = VERTEX_POINT('',#1354);
#1354 = CARTESIAN_POINT('',(-41.5,41.5,0.));
#1355 = SURFACE_CURVE('',#1356,(#1360,#1367),.PCURVE_S1.);
#1356 = LINE('',#1357,#1358);
#1357 = CARTESIAN_POINT('',(-50.,41.5,0.));
#1358 = VECTOR('',#1359,1.);
#1359 = DIRECTION('',(1.,0.,-0.));
#1360 = PCURVE('',#72,#1361);
#1361 = DEFINITIONAL_REPRESENTATION('',(#1362),#1366);
#1362 = LINE('',#1363,#1364);
#1363 = CARTESIAN_POINT('',(0.,91.5));
#1364 = VECTOR('',#1365,1.);
#1365 = DIRECTION('',(1.,0.));
#1366 = ( GEOMETRIC_REPRESENTATION_CONTEXT(2) 
PARAMETRIC_REPRESENTATION_CONTEXT() REPRESENTATION_CONTEXT('2D SPACE',''
  ) );
#1367 = PCURVE('',#991,#1368);
#1368 = DEFINITIONAL_REPRESENTATION('',(#1369),#1373);
#1369 = LINE('',#1370,#1371);
#1370 = CARTESIAN_POINT('',(0.,0.));
#1371 = VECTOR('',#1372,1.);
#1372 = DIRECTION('',(0.,1.));
#1373 = ( GEOMETRIC_REPRESENTATION_CONTEXT(2) 
PARAMETRIC_REPRESENTATION_CONTEXT() REPRESENTATION_CONTEXT('2D SPACE',''
  ) );
#1374 = ORIENTED_EDGE('',*,*,#1375,.T.);
#1375 = EDGE_CURVE('',#1353,#1376,#1378,.T.);
#1376 = VERTEX_POINT('',#1377);
#1377 = CARTESIAN_POINT('',(-41.5,48.,0.));
#1378 = SURFACE_CURVE('',#1379,(#1383,#1390),.PCURVE_S1.);
#1379 = LINE('',#1380,#1381);
#1380 = CARTESIAN_POINT('',(-41.5,41.5,0.));
#1381 = VECTOR('',#1382,1.);
#1382 = DIRECTION('',(-0.,1.,0.));
#1383 = PCURVE('',#72,#1384);
#1384 = DEFINITIONAL_REPRESENTATION('',(#1385),#1389);
#1385 = LINE('',#1386,#1387);
#1386 = CARTESIAN_POINT('',(8.5,91.5));
#1387 = VECTOR('',#1388,1.);
#1388 = DIRECTION('',(0.,1.));
#1389 = ( GEOMETRIC_REPRESENTATION_CONTEXT(2) 
PARAMETRIC_REPRESENTATION_CONTEXT() REPRESENTATION_CONTEXT('2D SPACE',''
  ) );
#1390 = PCURVE('',#1019,#1391);
#1391 = DEFINITIONAL_REPRESENTATION('',(#1392),#1396);
#1392 = LINE('',#1393,#1394);
#1393 = CARTESIAN_POINT('',(0.,0.));
#1394 = VECTOR('',#1395,1.);
#1395 = DIRECTION('',(0.,-1.));
#1396 = ( GEOMETRIC_REPRESENTATION_CONTEXT(2) 
PARAMETRIC_REPRESENTATION_CONTEXT() REPRESENTATION_CONTEXT('2D SPACE',''
  ) );
#1397 = ORIENTED_EDGE('',*,*,#1398,.T.);
#1398 = EDGE_CURVE('',#1376,#1399,#1401,.T.);
#1399 = VERTEX_POINT('',#1400);
#1400 = CARTESIAN_POINT('',(41.5,48.,0.));
#1401 = SURFACE_CURVE('',#1402,(#1406,#1413),.PCURVE_S1.);
#1402 = LINE('',#1403,#1404);
#1403 = CARTESIAN_POINT('',(-41.5,48.,0.));
#1404 = VECTOR('',#1405,1.);
#1405 = DIRECTION('',(1.,0.,-0.));
#1406 = PCURVE('',#72,#1407);
#1407 = DEFINITIONAL_REPRESENTATION('',(#1408),#1412);
#1408 = LINE('',#1409,#1410);
#1409 = CARTESIAN_POINT('',(8.5,98.));
#1410 = VECTOR('',#1411,1.);
#1411 = DIRECTION('',(1.,0.));
#1412 = ( GEOMETRIC_REPRESENTATION_CONTEXT(2) 
PARAMETRIC_REPRESENTATION_CONTEXT() REPRESENTATION_CONTEXT('2D SPACE',''
  ) );
#1413 = PCURVE('',#1047,#1414);
#1414 = DEFINITIONAL_REPRESENTATION('',(#1415),#1419);
#1415 = LINE('',#1416,#1417);
#1416 = CARTESIAN_POINT('',(0.,0.));
#1417 = VECTOR('',#1418,1.);
#1418 = DIRECTION('',(0.,1.));
#1419 = ( GEOMETRIC_REPRESENTATION_CONTEXT(2) 
PARAMETRIC_REPRESENTATION_CONTEXT() REPRESENTATION_CONTEXT('2D SPACE',''
  ) );
#1420 = ORIENTED_EDGE('',*,*,#1421,.F.);
#1421 = EDGE_CURVE('',#1422,#1399,#1424,.T.);
#1422 = VERTEX_POINT('',#1423);
#1423 = CARTESIAN_POINT('',(41.5,41.5,0.));
#1424 = SURFACE_CURVE('',#1425,(#1429,#1436),.PCURVE_S1.);
#1425 = LINE('',#1426,#1427);
#1426 = CARTESIAN_POINT('',(41.5,41.5,0.));
#1427 = VECTOR('',#1428,1.);
#1428 = DIRECTION('',(-0.,1.,0.));
#1429 = PCURVE('',#72,#1430);
#1430 = DEFINITIONAL_REPRESENTATION('',(#1431),#1435);
#1431 = LINE('',#1432,#1433);
#1432 = CARTESIAN_POINT('',(91.5,91.5));
#1433 = VECTOR('',#1434,1.);
#1434 = DIRECTION('',(0.,1.));
#1435 = ( GEOMETRIC_REPRESENTATION_CONTEXT(2) 
PARAMETRIC_REPRESENTATION_CONTEXT() REPRESENTATION_CONTEXT('2D SPACE',''
  ) );
#1436 = PCURVE('',#1075,#1437);
#1437 = DEFINITIONAL_REPRESENTATION('',(#1438),#1442);
#1438 = LINE('',#1439,#1440);
#1439 = CARTESIAN_POINT('',(0.,0.));
#1440 = VECTOR('',#1441,1.);
#1441 = DIRECTION('',(0.,-1.));
#1442 = ( GEOMETRIC_REPRESENTATION_CONTEXT(2) 
PARAMETRIC_REPRESENTATION_CONTEXT() REPRESENTATION_CONTEXT('2D SPACE',''
  ) );
#1443 = ORIENTED_EDGE('',*,*,#1444,.T.);
#1444 = EDGE_CURVE('',#1422,#1445,#1447,.T.);
#1445 = VERTEX_POINT('',#1446);
#1446 = CARTESIAN_POINT('',(48.,41.5,0.));
#1447 = SURFACE_CURVE('',#1448,(#1452,#1459),.PCURVE_S1.);
#1448 = LINE('',#1449,#1450);
#1449 = CARTESIAN_POINT('',(41.5,41.5,0.));
#1450 = VECTOR('',#1451,1.);
#1451 = DIRECTION('',(1.,0.,-0.));
#1452 = PCURVE('',#72,#1453);
#1453 = DEFINITIONAL_REPRESENTATION('',(#1454),#1458);
#1454 = LINE('',#1455,#1456);
#1455 = CARTESIAN_POINT('',(91.5,91.5));
#1456 = VECTOR('',#1457,1.);
#1457 = DIRECTION('',(1.,0.));
#1458 = ( GEOMETRIC_REPRESENTATION_CONTEXT(2) 
PARAMETRIC_REPRESENTATION_CONTEXT() REPRESENTATION_CONTEXT('2D SPACE',''
  ) );
#1459 = PCURVE('',#1103,#1460);
#1460 = DEFINITIONAL_REPRESENTATION('',(#1461),#1465);
#1461 = LINE('',#1462,#1463);
#1462 = CARTESIAN_POINT('',(0.,0.));
#1463 = VECTOR('',#1464,1.);
#1464 = DIRECTION('',(0.,1.));
#1465 = ( GEOMETRIC_REPRESENTATION_CONTEXT(2) 
PARAMETRIC_REPRESENTATION_CONTEXT() REPRESENTATION_CONTEXT('2D SPACE',''
  ) );
#1466 = ORIENTED_EDGE('',*,*,#1467,.F.);
#1467 = EDGE_CURVE('',#1468,#1445,#1470,.T.);
#1468 = VERTEX_POINT('',#1469);
#1469 = CARTESIAN_POINT('',(48.,-41.5,0.));
#1470 = SURFACE_CURVE('',#1471,(#1475,#1482),.PCURVE_S1.);
#1471 = LINE('',#1472,#1473);
#1472 = CARTESIAN_POINT('',(48.,-41.5,0.));
#1473 = VECTOR('',#1474,1.);
#1474 = DIRECTION('',(-0.,1.,0.));
#1475 = PCURVE('',#72,#1476);
#1476 = DEFINITIONAL_REPRESENTATION('',(#1477),#1481);
#1477 = LINE('',#1478,#1479);
#1478 = CARTESIAN_POINT('',(98.,8.5));
#1479 = VECTOR('',#1480,1.);
#1480 = DIRECTION('',(0.,1.));
#1481 = ( GEOMETRIC_REPRESENTATION_CONTEXT(2) 
PARAMETRIC_REPRESENTATION_CONTEXT() REPRESENTATION_CONTEXT('2D SPACE',''
  ) );
#1482 = PCURVE('',#1131,#1483);
#1483 = DEFINITIONAL_REPRESENTATION('',(#1484),#1488);
#1484 = LINE('',#1485,#1486);
#1485 = CARTESIAN_POINT('',(0.,0.));
#1486 = VECTOR('',#1487,1.);
#1487 = DIRECTION('',(0.,-1.));
#1488 = ( GEOMETRIC_REPRESENTATION_CONTEXT(2) 
PARAMETRIC_REPRESENTATION_CONTEXT() REPRESENTATION_CONTEXT('2D SPACE',''
  ) );
#1489 = ORIENTED_EDGE('',*,*,#1490,.F.);
#1490 = EDGE_CURVE('',#1491,#1468,#1493,.T.);
#1491 = VERTEX_POINT('',#1492);
#1492 = CARTESIAN_POINT('',(41.5,-41.5,0.));
#1493 = SURFACE_CURVE('',#1494,(#1498,#1505),.PCURVE_S1.);
#1494 = LINE('',#1495,#1496);
#1495 = CARTESIAN_POINT('',(41.5,-41.5,0.));
#1496 = VECTOR('',#1497,1.);
#1497 = DIRECTION('',(1.,0.,-0.));
#1498 = PCURVE('',#72,#1499);
#1499 = DEFINITIONAL_REPRESENTATION('',(#1500),#1504);
#1500 = LINE('',#1501,#1502);
#1501 = CARTESIAN_POINT('',(91.5,8.5));
#1502 = VECTOR('',#1503,1.);
#1503 = DIRECTION('',(1.,0.));
#1504 = ( GEOMETRIC_REPRESENTATION_CONTEXT(2) 
PARAMETRIC_REPRESENTATION_CONTEXT() REPRESENTATION_CONTEXT('2D SPACE',''
  ) );
#1505 = PCURVE('',#1159,#1506);
#1506 = DEFINITIONAL_REPRESENTATION('',(#1507),#1511);
#1507 = LINE('',#1508,#1509);
#1508 = CARTESIAN_POINT('',(0.,0.));
#1509 = VECTOR('',#1510,1.);
#1510 = DIRECTION('',(0.,1.));
#1511 = ( GEOMETRIC_REPRESENTATION_CONTEXT(2) 
PARAMETRIC_REPRESENTATION_CONTEXT() REPRESENTATION_CONTEXT('2D SPACE',''
  ) );
#1512 = ORIENTED_EDGE('',*,*,#1513,.F.);
#1513 = EDGE_CURVE('',#1514,#1491,#1516,.T.);
#1514 = VERTEX_POINT('',#1515);
#1515 = CARTESIAN_POINT('',(41.5,-48.,0.));
#1516 = SURFACE_CURVE('',#1517,(#1521,#1528),.PCURVE_S1.);
#1517 = LINE('',#1518,#1519);
#1518 = CARTESIAN_POINT('',(41.5,-50.,0.));
#1519 = VECTOR('',#1520,1.);
#1520 = DIRECTION('',(-0.,1.,0.));
#1521 = PCURVE('',#72,#1522);
#1522 = DEFINITIONAL_REPRESENTATION('',(#1523),#1527);
#1523 = LINE('',#1524,#1525);
#1524 = CARTESIAN_POINT('',(91.5,0.));
#1525 = VECTOR('',#1526,1.);
#1526 = DIRECTION('',(0.,1.));
#1527 = ( GEOMETRIC_REPRESENTATION_CONTEXT(2) 
PARAMETRIC_REPRESENTATION_CONTEXT() REPRESENTATION_CONTEXT('2D SPACE',''
  ) );
#1528 = PCURVE('',#1187,#1529);
#1529 = DEFINITIONAL_REPRESENTATION('',(#1530),#1534);
#1530 = LINE('',#1531,#1532);
#1531 = CARTESIAN_POINT('',(0.,0.));
#1532 = VECTOR('',#1533,1.);
#1533 = DIRECTION('',(0.,-1.));
#1534 = ( GEOMETRIC_REPRESENTATION_CONTEXT(2) 
PARAMETRIC_REPRESENTATION_CONTEXT() REPRESENTATION_CONTEXT('2D SPACE',''
  ) );
#1535 = ORIENTED_EDGE('',*,*,#1536,.F.);
#1536 = EDGE_CURVE('',#1537,#1514,#1539,.T.);
#1537 = VERTEX_POINT('',#1538);
#1538 = CARTESIAN_POINT('',(-41.5,-48.,0.));
#1539 = SURFACE_CURVE('',#1540,(#1544,#1551),.PCURVE_S1.);
#1540 = LINE('',#1541,#1542);
#1541 = CARTESIAN_POINT('',(-41.5,-48.,0.));
#1542 = VECTOR('',#1543,1.);
#1543 = DIRECTION('',(1.,0.,-0.));
#1544 = PCURVE('',#72,#1545);
#1545 = DEFINITIONAL_REPRESENTATION('',(#1546),#1550);
#1546 = LINE('',#1547,#1548);
#1547 = CARTESIAN_POINT('',(8.5,2.));
#1548 = VECTOR('',#1549,1.);
#1549 = DIRECTION('',(1.,0.));
#1550 = ( GEOMETRIC_REPRESENTATION_CONTEXT(2) 
PARAMETRIC_REPRESENTATION_CONTEXT() REPRESENTATION_CONTEXT('2D SPACE',''
  ) );
#1551 = PCURVE('',#1215,#1552);
#1552 = DEFINITIONAL_REPRESENTATION('',(#1553),#1557);
#1553 = LINE('',#1554,#1555);
#1554 = CARTESIAN_POINT('',(0.,0.));
#1555 = VECTOR('',#1556,1.);
#1556 = DIRECTION('',(0.,1.));
#1557 = ( GEOMETRIC_REPRESENTATION_CONTEXT(2) 
PARAMETRIC_REPRESENTATION_CONTEXT() REPRESENTATION_CONTEXT('2D SPACE',''
  ) );
#1558 = ORIENTED_EDGE('',*,*,#1559,.T.);
#1559 = EDGE_CURVE('',#1537,#1307,#1560,.T.);
#1560 = SURFACE_CURVE('',#1561,(#1565,#1572),.PCURVE_S1.);
#1561 = LINE('',#1562,#1563);
#1562 = CARTESIAN_POINT('',(-41.5,-50.,0.));
#1563 = VECTOR('',#1564,1.);
#1564 = DIRECTION('',(-0.,1.,0.));
#1565 = PCURVE('',#72,#1566);
#1566 = DEFINITIONAL_REPRESENTATION('',(#1567),#1571);
#1567 = LINE('',#1568,#1569);
#1568 = CARTESIAN_POINT('',(8.5,0.));
#1569 = VECTOR('',#1570,1.);
#1570 = DIRECTION('',(0.,1.));
#1571 = ( GEOMETRIC_REPRESENTATION_CONTEXT(2) 
PARAMETRIC_REPRESENTATION_CONTEXT() REPRESENTATION_CONTEXT('2D SPACE',''
  ) );
#1572 = PCURVE('',#1241,#1573);
#1573 = DEFINITIONAL_REPRESENTATION('',(#1574),#1578);
#1574 = LINE('',#1575,#1576);
#1575 = CARTESIAN_POINT('',(0.,0.));
#1576 = VECTOR('',#1577,1.);
#1577 = DIRECTION('',(0.,-1.));
#1578 = ( GEOMETRIC_REPRESENTATION_CONTEXT(2) 
PARAMETRIC_REPRESENTATION_CONTEXT() REPRESENTATION_CONTEXT('2D SPACE',''
  ) );
#1579 = ADVANCED_FACE('',(#1580),#935,.T.);
#1580 = FACE_BOUND('',#1581,.T.);
#1581 = EDGE_LOOP('',(#1582,#1583,#1604,#1605));
#1582 = ORIENTED_EDGE('',*,*,#1304,.F.);
#1583 = ORIENTED_EDGE('',*,*,#1584,.T.);
#1584 = EDGE_CURVE('',#1305,#918,#1585,.T.);
#1585 = SURFACE_CURVE('',#1586,(#1590,#1597),.PCURVE_S1.);
#1586 = LINE('',#1587,#1588);
#1587 = CARTESIAN_POINT('',(-48.,-41.5,0.));
#1588 = VECTOR('',#1589,1.);
#1589 = DIRECTION('',(0.,0.,1.));
#1590 = PCURVE('',#935,#1591);
#1591 = DEFINITIONAL_REPRESENTATION('',(#1592),#1596);
#1592 = LINE('',#1593,#1594);
#1593 = CARTESIAN_POINT('',(0.,2.));
#1594 = VECTOR('',#1595,1.);
#1595 = DIRECTION('',(1.,0.));
#1596 = ( GEOMETRIC_REPRESENTATION_CONTEXT(2) 
PARAMETRIC_REPRESENTATION_CONTEXT() REPRESENTATION_CONTEXT('2D SPACE',''
  ) );
#1597 = PCURVE('',#963,#1598);
#1598 = DEFINITIONAL_REPRESENTATION('',(#1599),#1603);
#1599 = LINE('',#1600,#1601);
#1600 = CARTESIAN_POINT('',(0.,0.));
#1601 = VECTOR('',#1602,1.);
#1602 = DIRECTION('',(1.,0.));
#1603 = ( GEOMETRIC_REPRESENTATION_CONTEXT(2) 
PARAMETRIC_REPRESENTATION_CONTEXT() REPRESENTATION_CONTEXT('2D SPACE',''
  ) );
#1604 = ORIENTED_EDGE('',*,*,#917,.T.);
#1605 = ORIENTED_EDGE('',*,*,#1606,.F.);
#1606 = EDGE_CURVE('',#1307,#920,#1607,.T.);
#1607 = SURFACE_CURVE('',#1608,(#1612,#1619),.PCURVE_S1.);
#1608 = LINE('',#1609,#1610);
#1609 = CARTESIAN_POINT('',(-41.5,-41.5,0.));
#1610 = VECTOR('',#1611,1.);
#1611 = DIRECTION('',(0.,0.,1.));
#1612 = PCURVE('',#935,#1613);
#1613 = DEFINITIONAL_REPRESENTATION('',(#1614),#1618);
#1614 = LINE('',#1615,#1616);
#1615 = CARTESIAN_POINT('',(0.,8.5));
#1616 = VECTOR('',#1617,1.);
#1617 = DIRECTION('',(1.,0.));
#1618 = ( GEOMETRIC_REPRESENTATION_CONTEXT(2) 
PARAMETRIC_REPRESENTATION_CONTEXT() REPRESENTATION_CONTEXT('2D SPACE',''
  ) );
#1619 = PCURVE('',#1241,#1620);
#1620 = DEFINITIONAL_REPRESENTATION('',(#1621),#1625);
#1621 = LINE('',#1622,#1623);
#1622 = CARTESIAN_POINT('',(0.,-8.5));
#1623 = VECTOR('',#1624,1.);
#1624 = DIRECTION('',(1.,0.));
#1625 = ( GEOMETRIC_REPRESENTATION_CONTEXT(2) 
PARAMETRIC_REPRESENTATION_CONTEXT() REPRESENTATION_CONTEXT('2D SPACE',''
  ) );
#1626 = ADVANCED_FACE('',(#1627),#1241,.T.);
#1627 = FACE_BOUND('',#1628,.T.);
#1628 = EDGE_LOOP('',(#1629,#1650,#1651,#1652));
#1629 = ORIENTED_EDGE('',*,*,#1630,.F.);
#1630 = EDGE_CURVE('',#1537,#1200,#1631,.T.);
#1631 = SURFACE_CURVE('',#1632,(#1636,#1643),.PCURVE_S1.);
#1632 = LINE('',#1633,#1634);
#1633 = CARTESIAN_POINT('',(-41.5,-48.,0.));
#1634 = VECTOR('',#1635,1.);
#1635 = DIRECTION('',(0.,0.,1.));
#1636 = PCURVE('',#1241,#1637);
#1637 = DEFINITIONAL_REPRESENTATION('',(#1638),#1642);
#1638 = LINE('',#1639,#1640);
#1639 = CARTESIAN_POINT('',(0.,-2.));
#1640 = VECTOR('',#1641,1.);
#1641 = DIRECTION('',(1.,0.));
#1642 = ( GEOMETRIC_REPRESENTATION_CONTEXT(2) 
PARAMETRIC_REPRESENTATION_CONTEXT() REPRESENTATION_CONTEXT('2D SPACE',''
  ) );
#1643 = PCURVE('',#1215,#1644);
#1644 = DEFINITIONAL_REPRESENTATION('',(#1645),#1649);
#1645 = LINE('',#1646,#1647);
#1646 = CARTESIAN_POINT('',(0.,0.));
#1647 = VECTOR('',#1648,1.);
#1648 = DIRECTION('',(1.,0.));
#1649 = ( GEOMETRIC_REPRESENTATION_CONTEXT(2) 
PARAMETRIC_REPRESENTATION_CONTEXT() REPRESENTATION_CONTEXT('2D SPACE',''
  ) );
#1650 = ORIENTED_EDGE('',*,*,#1559,.T.);
#1651 = ORIENTED_EDGE('',*,*,#1606,.T.);
#1652 = ORIENTED_EDGE('',*,*,#1227,.F.);
#1653 = ADVANCED_FACE('',(#1654),#453,.T.);
#1654 = FACE_BOUND('',#1655,.T.);
#1655 = EDGE_LOOP('',(#1656,#1679,#1700,#1719));
#1656 = ORIENTED_EDGE('',*,*,#1657,.F.);
#1657 = EDGE_CURVE('',#1658,#141,#1660,.T.);
#1658 = VERTEX_POINT('',#1659);
#1659 = CARTESIAN_POINT('',(-48.,-36.5,47.369056913832));
#1660 = SURFACE_CURVE('',#1661,(#1665,#1672),.PCURVE_S1.);
#1661 = LINE('',#1662,#1663);
#1662 = CARTESIAN_POINT('',(-45.,-36.5,47.369056913832));
#1663 = VECTOR('',#1664,1.);
#1664 = DIRECTION('',(-1.,1.110223024625E-16,0.));
#1665 = PCURVE('',#453,#1666);
#1666 = DEFINITIONAL_REPRESENTATION('',(#1667),#1671);
#1667 = LINE('',#1668,#1669);
#1668 = CARTESIAN_POINT('',(0.,0.));
#1669 = VECTOR('',#1670,1.);
#1670 = DIRECTION('',(0.,1.));
#1671 = ( GEOMETRIC_REPRESENTATION_CONTEXT(2) 
PARAMETRIC_REPRESENTATION_CONTEXT() REPRESENTATION_CONTEXT('2D SPACE',''
  ) );
#1672 = PCURVE('',#158,#1673);
#1673 = DEFINITIONAL_REPRESENTATION('',(#1674),#1678);
#1674 = LINE('',#1675,#1676);
#1675 = CARTESIAN_POINT('',(0.,0.));
#1676 = VECTOR('',#1677,1.);
#1677 = DIRECTION('',(0.,-1.));
#1678 = ( GEOMETRIC_REPRESENTATION_CONTEXT(2) 
PARAMETRIC_REPRESENTATION_CONTEXT() REPRESENTATION_CONTEXT('2D SPACE',''
  ) );
#1679 = ORIENTED_EDGE('',*,*,#1680,.F.);
#1680 = EDGE_CURVE('',#1681,#1658,#1683,.T.);
#1681 = VERTEX_POINT('',#1682);
#1682 = CARTESIAN_POINT('',(-48.,-2.630943086168,47.369056913832));
#1683 = SURFACE_CURVE('',#1684,(#1688,#1694),.PCURVE_S1.);
#1684 = LINE('',#1685,#1686);
#1685 = CARTESIAN_POINT('',(-48.,-39.,47.369056913832));
#1686 = VECTOR('',#1687,1.);
#1687 = DIRECTION('',(0.,-1.,0.));
#1688 = PCURVE('',#453,#1689);
#1689 = DEFINITIONAL_REPRESENTATION('',(#1690),#1693);
#1690 = B_SPLINE_CURVE_WITH_KNOTS('',1,(#1691,#1692),.UNSPECIFIED.,.F.,
  .F.,(2,2),(-75.5,-2.5),.PIECEWISE_BEZIER_KNOTS.);
#1691 = CARTESIAN_POINT('',(73.,3.));
#1692 = CARTESIAN_POINT('',(-8.881784197001E-16,3.));
#1693 = ( GEOMETRIC_REPRESENTATION_CONTEXT(2) 
PARAMETRIC_REPRESENTATION_CONTEXT() REPRESENTATION_CONTEXT('2D SPACE',''
  ) );
#1694 = PCURVE('',#963,#1695);
#1695 = DEFINITIONAL_REPRESENTATION('',(#1696),#1699);
#1696 = B_SPLINE_CURVE_WITH_KNOTS('',1,(#1697,#1698),.UNSPECIFIED.,.F.,
  .F.,(2,2),(-75.5,-2.5),.PIECEWISE_BEZIER_KNOTS.);
#1697 = CARTESIAN_POINT('',(47.369056913832,-78.));
#1698 = CARTESIAN_POINT('',(47.369056913832,-5.));
#1699 = ( GEOMETRIC_REPRESENTATION_CONTEXT(2) 
PARAMETRIC_REPRESENTATION_CONTEXT() REPRESENTATION_CONTEXT('2D SPACE',''
  ) );
#1700 = ORIENTED_EDGE('',*,*,#1701,.T.);
#1701 = EDGE_CURVE('',#1681,#413,#1702,.T.);
#1702 = SURFACE_CURVE('',#1703,(#1707,#1713),.PCURVE_S1.);
#1703 = LINE('',#1704,#1705);
#1704 = CARTESIAN_POINT('',(-45.,-2.630943086168,47.369056913832));
#1705 = VECTOR('',#1706,1.);
#1706 = DIRECTION('',(-1.,1.110223024625E-16,0.));
#1707 = PCURVE('',#453,#1708);
#1708 = DEFINITIONAL_REPRESENTATION('',(#1709),#1712);
#1709 = B_SPLINE_CURVE_WITH_KNOTS('',1,(#1710,#1711),.UNSPECIFIED.,.F.,
  .F.,(2,2),(-4.930380657631E-32,8.),.PIECEWISE_BEZIER_KNOTS.);
#1710 = CARTESIAN_POINT('',(33.869056913832,-3.345206676793E-15));
#1711 = CARTESIAN_POINT('',(33.869056913832,8.));
#1712 = ( GEOMETRIC_REPRESENTATION_CONTEXT(2) 
PARAMETRIC_REPRESENTATION_CONTEXT() REPRESENTATION_CONTEXT('2D SPACE',''
  ) );
#1713 = PCURVE('',#428,#1714);
#1714 = DEFINITIONAL_REPRESENTATION('',(#1715),#1718);
#1715 = B_SPLINE_CURVE_WITH_KNOTS('',1,(#1716,#1717),.UNSPECIFIED.,.F.,
  .F.,(2,2),(-4.930380657631E-32,8.),.PIECEWISE_BEZIER_KNOTS.);
#1716 = CARTESIAN_POINT('',(42.369056913832,0.));
#1717 = CARTESIAN_POINT('',(42.369056913832,-8.));
#1718 = ( GEOMETRIC_REPRESENTATION_CONTEXT(2) 
PARAMETRIC_REPRESENTATION_CONTEXT() REPRESENTATION_CONTEXT('2D SPACE',''
  ) );
#1719 = ORIENTED_EDGE('',*,*,#439,.T.);
#1720 = ADVANCED_FACE('',(#1721),#428,.T.);
#1721 = FACE_BOUND('',#1722,.T.);
#1722 = EDGE_LOOP('',(#1723,#1744,#1765,#1766));
#1723 = ORIENTED_EDGE('',*,*,#1724,.F.);
#1724 = EDGE_CURVE('',#1725,#1681,#1727,.T.);
#1725 = VERTEX_POINT('',#1726);
#1726 = CARTESIAN_POINT('',(-48.,-2.630943086168,5.));
#1727 = SURFACE_CURVE('',#1728,(#1732,#1738),.PCURVE_S1.);
#1728 = LINE('',#1729,#1730);
#1729 = CARTESIAN_POINT('',(-48.,-2.630943086168,2.5));
#1730 = VECTOR('',#1731,1.);
#1731 = DIRECTION('',(0.,-0.,1.));
#1732 = PCURVE('',#428,#1733);
#1733 = DEFINITIONAL_REPRESENTATION('',(#1734),#1737);
#1734 = B_SPLINE_CURVE_WITH_KNOTS('',1,(#1735,#1736),.UNSPECIFIED.,.F.,
  .F.,(2,2),(2.5,92.5),.PIECEWISE_BEZIER_KNOTS.);
#1735 = CARTESIAN_POINT('',(0.,-3.));
#1736 = CARTESIAN_POINT('',(90.,-3.));
#1737 = ( GEOMETRIC_REPRESENTATION_CONTEXT(2) 
PARAMETRIC_REPRESENTATION_CONTEXT() REPRESENTATION_CONTEXT('2D SPACE',''
  ) );
#1738 = PCURVE('',#963,#1739);
#1739 = DEFINITIONAL_REPRESENTATION('',(#1740),#1743);
#1740 = B_SPLINE_CURVE_WITH_KNOTS('',1,(#1741,#1742),.UNSPECIFIED.,.F.,
  .F.,(2,2),(2.5,92.5),.PIECEWISE_BEZIER_KNOTS.);
#1741 = CARTESIAN_POINT('',(5.,-38.86905691383));
#1742 = CARTESIAN_POINT('',(95.,-38.86905691383));
#1743 = ( GEOMETRIC_REPRESENTATION_CONTEXT(2) 
PARAMETRIC_REPRESENTATION_CONTEXT() REPRESENTATION_CONTEXT('2D SPACE',''
  ) );
#1744 = ORIENTED_EDGE('',*,*,#1745,.T.);
#1745 = EDGE_CURVE('',#1725,#386,#1746,.T.);
#1746 = SURFACE_CURVE('',#1747,(#1751,#1758),.PCURVE_S1.);
#1747 = LINE('',#1748,#1749);
#1748 = CARTESIAN_POINT('',(-45.,-2.630943086168,5.));
#1749 = VECTOR('',#1750,1.);
#1750 = DIRECTION('',(-1.,1.110223024625E-16,0.));
#1751 = PCURVE('',#428,#1752);
#1752 = DEFINITIONAL_REPRESENTATION('',(#1753),#1757);
#1753 = LINE('',#1754,#1755);
#1754 = CARTESIAN_POINT('',(0.,0.));
#1755 = VECTOR('',#1756,1.);
#1756 = DIRECTION('',(0.,-1.));
#1757 = ( GEOMETRIC_REPRESENTATION_CONTEXT(2) 
PARAMETRIC_REPRESENTATION_CONTEXT() REPRESENTATION_CONTEXT('2D SPACE',''
  ) );
#1758 = PCURVE('',#401,#1759);
#1759 = DEFINITIONAL_REPRESENTATION('',(#1760),#1764);
#1760 = LINE('',#1761,#1762);
#1761 = CARTESIAN_POINT('',(0.,0.));
#1762 = VECTOR('',#1763,1.);
#1763 = DIRECTION('',(0.,1.));
#1764 = ( GEOMETRIC_REPRESENTATION_CONTEXT(2) 
PARAMETRIC_REPRESENTATION_CONTEXT() REPRESENTATION_CONTEXT('2D SPACE',''
  ) );
#1765 = ORIENTED_EDGE('',*,*,#412,.T.);
#1766 = ORIENTED_EDGE('',*,*,#1701,.F.);
#1767 = ADVANCED_FACE('',(#1768),#401,.T.);
#1768 = FACE_BOUND('',#1769,.T.);
#1769 = EDGE_LOOP('',(#1770,#1771,#1792,#1813));
#1770 = ORIENTED_EDGE('',*,*,#1745,.F.);
#1771 = ORIENTED_EDGE('',*,*,#1772,.F.);
#1772 = EDGE_CURVE('',#1773,#1725,#1775,.T.);
#1773 = VERTEX_POINT('',#1774);
#1774 = CARTESIAN_POINT('',(-48.,2.630943086168,5.));
#1775 = SURFACE_CURVE('',#1776,(#1780,#1786),.PCURVE_S1.);
#1776 = LINE('',#1777,#1778);
#1777 = CARTESIAN_POINT('',(-48.,-22.06547154308,5.));
#1778 = VECTOR('',#1779,1.);
#1779 = DIRECTION('',(0.,-1.,0.));
#1780 = PCURVE('',#401,#1781);
#1781 = DEFINITIONAL_REPRESENTATION('',(#1782),#1785);
#1782 = B_SPLINE_CURVE_WITH_KNOTS('',1,(#1783,#1784),.UNSPECIFIED.,.F.,
  .F.,(2,2),(-24.69641462925,-19.43452845691),.PIECEWISE_BEZIER_KNOTS.);
#1783 = CARTESIAN_POINT('',(5.261886172335,3.));
#1784 = CARTESIAN_POINT('',(0.,3.));
#1785 = ( GEOMETRIC_REPRESENTATION_CONTEXT(2) 
PARAMETRIC_REPRESENTATION_CONTEXT() REPRESENTATION_CONTEXT('2D SPACE',''
  ) );
#1786 = PCURVE('',#963,#1787);
#1787 = DEFINITIONAL_REPRESENTATION('',(#1788),#1791);
#1788 = B_SPLINE_CURVE_WITH_KNOTS('',1,(#1789,#1790),.UNSPECIFIED.,.F.,
  .F.,(2,2),(-24.69641462925,-19.43452845691),.PIECEWISE_BEZIER_KNOTS.);
#1789 = CARTESIAN_POINT('',(5.,-44.13094308616));
#1790 = CARTESIAN_POINT('',(5.,-38.86905691383));
#1791 = ( GEOMETRIC_REPRESENTATION_CONTEXT(2) 
PARAMETRIC_REPRESENTATION_CONTEXT() REPRESENTATION_CONTEXT('2D SPACE',''
  ) );
#1792 = ORIENTED_EDGE('',*,*,#1793,.T.);
#1793 = EDGE_CURVE('',#1773,#359,#1794,.T.);
#1794 = SURFACE_CURVE('',#1795,(#1799,#1806),.PCURVE_S1.);
#1795 = LINE('',#1796,#1797);
#1796 = CARTESIAN_POINT('',(-45.,2.630943086168,5.));
#1797 = VECTOR('',#1798,1.);
#1798 = DIRECTION('',(-1.,1.110223024625E-16,0.));
#1799 = PCURVE('',#401,#1800);
#1800 = DEFINITIONAL_REPRESENTATION('',(#1801),#1805);
#1801 = LINE('',#1802,#1803);
#1802 = CARTESIAN_POINT('',(5.261886172335,5.841867181483E-16));
#1803 = VECTOR('',#1804,1.);
#1804 = DIRECTION('',(0.,1.));
#1805 = ( GEOMETRIC_REPRESENTATION_CONTEXT(2) 
PARAMETRIC_REPRESENTATION_CONTEXT() REPRESENTATION_CONTEXT('2D SPACE',''
  ) );
#1806 = PCURVE('',#374,#1807);
#1807 = DEFINITIONAL_REPRESENTATION('',(#1808),#1812);
#1808 = LINE('',#1809,#1810);
#1809 = CARTESIAN_POINT('',(0.,0.));
#1810 = VECTOR('',#1811,1.);
#1811 = DIRECTION('',(0.,-1.));
#1812 = ( GEOMETRIC_REPRESENTATION_CONTEXT(2) 
PARAMETRIC_REPRESENTATION_CONTEXT() REPRESENTATION_CONTEXT('2D SPACE',''
  ) );
#1813 = ORIENTED_EDGE('',*,*,#385,.T.);
#1814 = ADVANCED_FACE('',(#1815),#374,.F.);
#1815 = FACE_BOUND('',#1816,.F.);
#1816 = EDGE_LOOP('',(#1817,#1838,#1839,#1840));
#1817 = ORIENTED_EDGE('',*,*,#1818,.F.);
#1818 = EDGE_CURVE('',#1773,#1819,#1821,.T.);
#1819 = VERTEX_POINT('',#1820);
#1820 = CARTESIAN_POINT('',(-48.,2.630943086168,47.369056913832));
#1821 = SURFACE_CURVE('',#1822,(#1826,#1832),.PCURVE_S1.);
#1822 = LINE('',#1823,#1824);
#1823 = CARTESIAN_POINT('',(-48.,2.630943086168,2.5));
#1824 = VECTOR('',#1825,1.);
#1825 = DIRECTION('',(0.,-0.,1.));
#1826 = PCURVE('',#374,#1827);
#1827 = DEFINITIONAL_REPRESENTATION('',(#1828),#1831);
#1828 = B_SPLINE_CURVE_WITH_KNOTS('',1,(#1829,#1830),.UNSPECIFIED.,.F.,
  .F.,(2,2),(2.5,92.5),.PIECEWISE_BEZIER_KNOTS.);
#1829 = CARTESIAN_POINT('',(0.,-3.));
#1830 = CARTESIAN_POINT('',(90.,-3.));
#1831 = ( GEOMETRIC_REPRESENTATION_CONTEXT(2) 
PARAMETRIC_REPRESENTATION_CONTEXT() REPRESENTATION_CONTEXT('2D SPACE',''
  ) );
#1832 = PCURVE('',#963,#1833);
#1833 = DEFINITIONAL_REPRESENTATION('',(#1834),#1837);
#1834 = B_SPLINE_CURVE_WITH_KNOTS('',1,(#1835,#1836),.UNSPECIFIED.,.F.,
  .F.,(2,2),(2.5,92.5),.PIECEWISE_BEZIER_KNOTS.);
#1835 = CARTESIAN_POINT('',(5.,-44.13094308616));
#1836 = CARTESIAN_POINT('',(95.,-44.13094308616));
#1837 = ( GEOMETRIC_REPRESENTATION_CONTEXT(2) 
PARAMETRIC_REPRESENTATION_CONTEXT() REPRESENTATION_CONTEXT('2D SPACE',''
  ) );
#1838 = ORIENTED_EDGE('',*,*,#1793,.T.);
#1839 = ORIENTED_EDGE('',*,*,#358,.T.);
#1840 = ORIENTED_EDGE('',*,*,#1841,.F.);
#1841 = EDGE_CURVE('',#1819,#332,#1842,.T.);
#1842 = SURFACE_CURVE('',#1843,(#1847,#1853),.PCURVE_S1.);
#1843 = LINE('',#1844,#1845);
#1844 = CARTESIAN_POINT('',(-45.,2.630943086168,47.369056913832));
#1845 = VECTOR('',#1846,1.);
#1846 = DIRECTION('',(-1.,1.110223024625E-16,0.));
#1847 = PCURVE('',#374,#1848);
#1848 = DEFINITIONAL_REPRESENTATION('',(#1849),#1852);
#1849 = B_SPLINE_CURVE_WITH_KNOTS('',1,(#1850,#1851),.UNSPECIFIED.,.F.,
  .F.,(2,2),(-4.930380657631E-32,8.),.PIECEWISE_BEZIER_KNOTS.);
#1850 = CARTESIAN_POINT('',(42.369056913832,0.));
#1851 = CARTESIAN_POINT('',(42.369056913832,-8.));
#1852 = ( GEOMETRIC_REPRESENTATION_CONTEXT(2) 
PARAMETRIC_REPRESENTATION_CONTEXT() REPRESENTATION_CONTEXT('2D SPACE',''
  ) );
#1853 = PCURVE('',#347,#1854);
#1854 = DEFINITIONAL_REPRESENTATION('',(#1855),#1858);
#1855 = B_SPLINE_CURVE_WITH_KNOTS('',1,(#1856,#1857),.UNSPECIFIED.,.F.,
  .F.,(2,2),(-4.930380657631E-32,8.),.PIECEWISE_BEZIER_KNOTS.);
#1856 = CARTESIAN_POINT('',(39.130943086168,-2.761019958645E-15));
#1857 = CARTESIAN_POINT('',(39.130943086168,8.));
#1858 = ( GEOMETRIC_REPRESENTATION_CONTEXT(2) 
PARAMETRIC_REPRESENTATION_CONTEXT() REPRESENTATION_CONTEXT('2D SPACE',''
  ) );
#1859 = ADVANCED_FACE('',(#1860),#347,.T.);
#1860 = FACE_BOUND('',#1861,.T.);
#1861 = EDGE_LOOP('',(#1862,#1863,#1884,#1905));
#1862 = ORIENTED_EDGE('',*,*,#1841,.F.);
#1863 = ORIENTED_EDGE('',*,*,#1864,.F.);
#1864 = EDGE_CURVE('',#1865,#1819,#1867,.T.);
#1865 = VERTEX_POINT('',#1866);
#1866 = CARTESIAN_POINT('',(-48.,36.5,47.369056913832));
#1867 = SURFACE_CURVE('',#1868,(#1872,#1878),.PCURVE_S1.);
#1868 = LINE('',#1869,#1870);
#1869 = CARTESIAN_POINT('',(-48.,-39.,47.369056913832));
#1870 = VECTOR('',#1871,1.);
#1871 = DIRECTION('',(0.,-1.,0.));
#1872 = PCURVE('',#347,#1873);
#1873 = DEFINITIONAL_REPRESENTATION('',(#1874),#1877);
#1874 = B_SPLINE_CURVE_WITH_KNOTS('',1,(#1875,#1876),.UNSPECIFIED.,.F.,
  .F.,(2,2),(-75.5,-2.5),.PIECEWISE_BEZIER_KNOTS.);
#1875 = CARTESIAN_POINT('',(73.,3.));
#1876 = CARTESIAN_POINT('',(-8.881784197001E-16,3.));
#1877 = ( GEOMETRIC_REPRESENTATION_CONTEXT(2) 
PARAMETRIC_REPRESENTATION_CONTEXT() REPRESENTATION_CONTEXT('2D SPACE',''
  ) );
#1878 = PCURVE('',#963,#1879);
#1879 = DEFINITIONAL_REPRESENTATION('',(#1880),#1883);
#1880 = B_SPLINE_CURVE_WITH_KNOTS('',1,(#1881,#1882),.UNSPECIFIED.,.F.,
  .F.,(2,2),(-75.5,-2.5),.PIECEWISE_BEZIER_KNOTS.);
#1881 = CARTESIAN_POINT('',(47.369056913832,-78.));
#1882 = CARTESIAN_POINT('',(47.369056913832,-5.));
#1883 = ( GEOMETRIC_REPRESENTATION_CONTEXT(2) 
PARAMETRIC_REPRESENTATION_CONTEXT() REPRESENTATION_CONTEXT('2D SPACE',''
  ) );
#1884 = ORIENTED_EDGE('',*,*,#1885,.T.);
#1885 = EDGE_CURVE('',#1865,#305,#1886,.T.);
#1886 = SURFACE_CURVE('',#1887,(#1891,#1898),.PCURVE_S1.);
#1887 = LINE('',#1888,#1889);
#1888 = CARTESIAN_POINT('',(-45.,36.5,47.369056913832));
#1889 = VECTOR('',#1890,1.);
#1890 = DIRECTION('',(-1.,1.110223024625E-16,0.));
#1891 = PCURVE('',#347,#1892);
#1892 = DEFINITIONAL_REPRESENTATION('',(#1893),#1897);
#1893 = LINE('',#1894,#1895);
#1894 = CARTESIAN_POINT('',(73.,-6.106226635438E-15));
#1895 = VECTOR('',#1896,1.);
#1896 = DIRECTION('',(0.,1.));
#1897 = ( GEOMETRIC_REPRESENTATION_CONTEXT(2) 
PARAMETRIC_REPRESENTATION_CONTEXT() REPRESENTATION_CONTEXT('2D SPACE',''
  ) );
#1898 = PCURVE('',#320,#1899);
#1899 = DEFINITIONAL_REPRESENTATION('',(#1900),#1904);
#1900 = LINE('',#1901,#1902);
#1901 = CARTESIAN_POINT('',(0.,0.));
#1902 = VECTOR('',#1903,1.);
#1903 = DIRECTION('',(0.,-1.));
#1904 = ( GEOMETRIC_REPRESENTATION_CONTEXT(2) 
PARAMETRIC_REPRESENTATION_CONTEXT() REPRESENTATION_CONTEXT('2D SPACE',''
  ) );
#1905 = ORIENTED_EDGE('',*,*,#331,.T.);
#1906 = ADVANCED_FACE('',(#1907),#320,.F.);
#1907 = FACE_BOUND('',#1908,.F.);
#1908 = EDGE_LOOP('',(#1909,#1932,#1951,#1952));
#1909 = ORIENTED_EDGE('',*,*,#1910,.F.);
#1910 = EDGE_CURVE('',#1911,#278,#1913,.T.);
#1911 = VERTEX_POINT('',#1912);
#1912 = CARTESIAN_POINT('',(-48.,36.5,52.630943086168));
#1913 = SURFACE_CURVE('',#1914,(#1918,#1925),.PCURVE_S1.);
#1914 = LINE('',#1915,#1916);
#1915 = CARTESIAN_POINT('',(-45.,36.5,52.630943086168));
#1916 = VECTOR('',#1917,1.);
#1917 = DIRECTION('',(-1.,1.110223024625E-16,0.));
#1918 = PCURVE('',#320,#1919);
#1919 = DEFINITIONAL_REPRESENTATION('',(#1920),#1924);
#1920 = LINE('',#1921,#1922);
#1921 = CARTESIAN_POINT('',(5.261886172335,0.));
#1922 = VECTOR('',#1923,1.);
#1923 = DIRECTION('',(0.,-1.));
#1924 = ( GEOMETRIC_REPRESENTATION_CONTEXT(2) 
PARAMETRIC_REPRESENTATION_CONTEXT() REPRESENTATION_CONTEXT('2D SPACE',''
  ) );
#1925 = PCURVE('',#293,#1926);
#1926 = DEFINITIONAL_REPRESENTATION('',(#1927),#1931);
#1927 = LINE('',#1928,#1929);
#1928 = CARTESIAN_POINT('',(73.,-6.106226635438E-15));
#1929 = VECTOR('',#1930,1.);
#1930 = DIRECTION('',(0.,1.));
#1931 = ( GEOMETRIC_REPRESENTATION_CONTEXT(2) 
PARAMETRIC_REPRESENTATION_CONTEXT() REPRESENTATION_CONTEXT('2D SPACE',''
  ) );
#1932 = ORIENTED_EDGE('',*,*,#1933,.F.);
#1933 = EDGE_CURVE('',#1865,#1911,#1934,.T.);
#1934 = SURFACE_CURVE('',#1935,(#1939,#1945),.PCURVE_S1.);
#1935 = LINE('',#1936,#1937);
#1936 = CARTESIAN_POINT('',(-48.,36.5,23.684528456916));
#1937 = VECTOR('',#1938,1.);
#1938 = DIRECTION('',(0.,-0.,1.));
#1939 = PCURVE('',#320,#1940);
#1940 = DEFINITIONAL_REPRESENTATION('',(#1941),#1944);
#1941 = B_SPLINE_CURVE_WITH_KNOTS('',1,(#1942,#1943),.UNSPECIFIED.,.F.,
  .F.,(2,2),(23.684528456916,28.946414629251),.PIECEWISE_BEZIER_KNOTS.);
#1942 = CARTESIAN_POINT('',(0.,-3.));
#1943 = CARTESIAN_POINT('',(5.261886172335,-3.));
#1944 = ( GEOMETRIC_REPRESENTATION_CONTEXT(2) 
PARAMETRIC_REPRESENTATION_CONTEXT() REPRESENTATION_CONTEXT('2D SPACE',''
  ) );
#1945 = PCURVE('',#963,#1946);
#1946 = DEFINITIONAL_REPRESENTATION('',(#1947),#1950);
#1947 = B_SPLINE_CURVE_WITH_KNOTS('',1,(#1948,#1949),.UNSPECIFIED.,.F.,
  .F.,(2,2),(23.684528456916,28.946414629251),.PIECEWISE_BEZIER_KNOTS.);
#1948 = CARTESIAN_POINT('',(47.369056913832,-78.));
#1949 = CARTESIAN_POINT('',(52.630943086168,-78.));
#1950 = ( GEOMETRIC_REPRESENTATION_CONTEXT(2) 
PARAMETRIC_REPRESENTATION_CONTEXT() REPRESENTATION_CONTEXT('2D SPACE',''
  ) );
#1951 = ORIENTED_EDGE('',*,*,#1885,.T.);
#1952 = ORIENTED_EDGE('',*,*,#304,.T.);
#1953 = ADVANCED_FACE('',(#1954),#293,.F.);
#1954 = FACE_BOUND('',#1955,.F.);
#1955 = EDGE_LOOP('',(#1956,#1977,#1996,#1997));
#1956 = ORIENTED_EDGE('',*,*,#1957,.F.);
#1957 = EDGE_CURVE('',#1958,#251,#1960,.T.);
#1958 = VERTEX_POINT('',#1959);
#1959 = CARTESIAN_POINT('',(-48.,2.630943086168,52.630943086168));
#1960 = SURFACE_CURVE('',#1961,(#1965,#1971),.PCURVE_S1.);
#1961 = LINE('',#1962,#1963);
#1962 = CARTESIAN_POINT('',(-45.,2.630943086168,52.630943086168));
#1963 = VECTOR('',#1964,1.);
#1964 = DIRECTION('',(-1.,1.110223024625E-16,0.));
#1965 = PCURVE('',#293,#1966);
#1966 = DEFINITIONAL_REPRESENTATION('',(#1967),#1970);
#1967 = B_SPLINE_CURVE_WITH_KNOTS('',1,(#1968,#1969),.UNSPECIFIED.,.F.,
  .F.,(2,2),(-4.930380657631E-32,8.),.PIECEWISE_BEZIER_KNOTS.);
#1968 = CARTESIAN_POINT('',(39.130943086168,-2.761019958645E-15));
#1969 = CARTESIAN_POINT('',(39.130943086168,8.));
#1970 = ( GEOMETRIC_REPRESENTATION_CONTEXT(2) 
PARAMETRIC_REPRESENTATION_CONTEXT() REPRESENTATION_CONTEXT('2D SPACE',''
  ) );
#1971 = PCURVE('',#266,#1972);
#1972 = DEFINITIONAL_REPRESENTATION('',(#1973),#1976);
#1973 = B_SPLINE_CURVE_WITH_KNOTS('',1,(#1974,#1975),.UNSPECIFIED.,.F.,
  .F.,(2,2),(-4.930380657631E-32,8.),.PIECEWISE_BEZIER_KNOTS.);
#1974 = CARTESIAN_POINT('',(47.630943086168,0.));
#1975 = CARTESIAN_POINT('',(47.630943086168,-8.));
#1976 = ( GEOMETRIC_REPRESENTATION_CONTEXT(2) 
PARAMETRIC_REPRESENTATION_CONTEXT() REPRESENTATION_CONTEXT('2D SPACE',''
  ) );
#1977 = ORIENTED_EDGE('',*,*,#1978,.F.);
#1978 = EDGE_CURVE('',#1911,#1958,#1979,.T.);
#1979 = SURFACE_CURVE('',#1980,(#1984,#1990),.PCURVE_S1.);
#1980 = LINE('',#1981,#1982);
#1981 = CARTESIAN_POINT('',(-48.,-39.,52.630943086168));
#1982 = VECTOR('',#1983,1.);
#1983 = DIRECTION('',(0.,-1.,0.));
#1984 = PCURVE('',#293,#1985);
#1985 = DEFINITIONAL_REPRESENTATION('',(#1986),#1989);
#1986 = B_SPLINE_CURVE_WITH_KNOTS('',1,(#1987,#1988),.UNSPECIFIED.,.F.,
  .F.,(2,2),(-75.5,-2.5),.PIECEWISE_BEZIER_KNOTS.);
#1987 = CARTESIAN_POINT('',(73.,3.));
#1988 = CARTESIAN_POINT('',(-8.881784197001E-16,3.));
#1989 = ( GEOMETRIC_REPRESENTATION_CONTEXT(2) 
PARAMETRIC_REPRESENTATION_CONTEXT() REPRESENTATION_CONTEXT('2D SPACE',''
  ) );
#1990 = PCURVE('',#963,#1991);
#1991 = DEFINITIONAL_REPRESENTATION('',(#1992),#1995);
#1992 = B_SPLINE_CURVE_WITH_KNOTS('',1,(#1993,#1994),.UNSPECIFIED.,.F.,
  .F.,(2,2),(-75.5,-2.5),.PIECEWISE_BEZIER_KNOTS.);
#1993 = CARTESIAN_POINT('',(52.630943086168,-78.));
#1994 = CARTESIAN_POINT('',(52.630943086168,-5.));
#1995 = ( GEOMETRIC_REPRESENTATION_CONTEXT(2) 
PARAMETRIC_REPRESENTATION_CONTEXT() REPRESENTATION_CONTEXT('2D SPACE',''
  ) );
#1996 = ORIENTED_EDGE('',*,*,#1910,.T.);
#1997 = ORIENTED_EDGE('',*,*,#277,.T.);
#1998 = ADVANCED_FACE('',(#1999),#266,.F.);
#1999 = FACE_BOUND('',#2000,.F.);
#2000 = EDGE_LOOP('',(#2001,#2022,#2023,#2024));
#2001 = ORIENTED_EDGE('',*,*,#2002,.F.);
#2002 = EDGE_CURVE('',#1958,#2003,#2005,.T.);
#2003 = VERTEX_POINT('',#2004);
#2004 = CARTESIAN_POINT('',(-48.,2.630943086168,95.));
#2005 = SURFACE_CURVE('',#2006,(#2010,#2016),.PCURVE_S1.);
#2006 = LINE('',#2007,#2008);
#2007 = CARTESIAN_POINT('',(-48.,2.630943086168,2.5));
#2008 = VECTOR('',#2009,1.);
#2009 = DIRECTION('',(0.,-0.,1.));
#2010 = PCURVE('',#266,#2011);
#2011 = DEFINITIONAL_REPRESENTATION('',(#2012),#2015);
#2012 = B_SPLINE_CURVE_WITH_KNOTS('',1,(#2013,#2014),.UNSPECIFIED.,.F.,
  .F.,(2,2),(2.5,92.5),.PIECEWISE_BEZIER_KNOTS.);
#2013 = CARTESIAN_POINT('',(0.,-3.));
#2014 = CARTESIAN_POINT('',(90.,-3.));
#2015 = ( GEOMETRIC_REPRESENTATION_CONTEXT(2) 
PARAMETRIC_REPRESENTATION_CONTEXT() REPRESENTATION_CONTEXT('2D SPACE',''
  ) );
#2016 = PCURVE('',#963,#2017);
#2017 = DEFINITIONAL_REPRESENTATION('',(#2018),#2021);
#2018 = B_SPLINE_CURVE_WITH_KNOTS('',1,(#2019,#2020),.UNSPECIFIED.,.F.,
  .F.,(2,2),(2.5,92.5),.PIECEWISE_BEZIER_KNOTS.);
#2019 = CARTESIAN_POINT('',(5.,-44.13094308616));
#2020 = CARTESIAN_POINT('',(95.,-44.13094308616));
#2021 = ( GEOMETRIC_REPRESENTATION_CONTEXT(2) 
PARAMETRIC_REPRESENTATION_CONTEXT() REPRESENTATION_CONTEXT('2D SPACE',''
  ) );
#2022 = ORIENTED_EDGE('',*,*,#1957,.T.);
#2023 = ORIENTED_EDGE('',*,*,#250,.T.);
#2024 = ORIENTED_EDGE('',*,*,#2025,.F.);
#2025 = EDGE_CURVE('',#2003,#224,#2026,.T.);
#2026 = SURFACE_CURVE('',#2027,(#2031,#2038),.PCURVE_S1.);
#2027 = LINE('',#2028,#2029);
#2028 = CARTESIAN_POINT('',(-45.,2.630943086168,95.));
#2029 = VECTOR('',#2030,1.);
#2030 = DIRECTION('',(-1.,1.110223024625E-16,0.));
#2031 = PCURVE('',#266,#2032);
#2032 = DEFINITIONAL_REPRESENTATION('',(#2033),#2037);
#2033 = LINE('',#2034,#2035);
#2034 = CARTESIAN_POINT('',(90.,0.));
#2035 = VECTOR('',#2036,1.);
#2036 = DIRECTION('',(0.,-1.));
#2037 = ( GEOMETRIC_REPRESENTATION_CONTEXT(2) 
PARAMETRIC_REPRESENTATION_CONTEXT() REPRESENTATION_CONTEXT('2D SPACE',''
  ) );
#2038 = PCURVE('',#239,#2039);
#2039 = DEFINITIONAL_REPRESENTATION('',(#2040),#2044);
#2040 = LINE('',#2041,#2042);
#2041 = CARTESIAN_POINT('',(5.261886172335,5.841867181483E-16));
#2042 = VECTOR('',#2043,1.);
#2043 = DIRECTION('',(0.,1.));
#2044 = ( GEOMETRIC_REPRESENTATION_CONTEXT(2) 
PARAMETRIC_REPRESENTATION_CONTEXT() REPRESENTATION_CONTEXT('2D SPACE',''
  ) );
#2045 = ADVANCED_FACE('',(#2046),#239,.F.);
#2046 = FACE_BOUND('',#2047,.F.);
#2047 = EDGE_LOOP('',(#2048,#2071,#2090,#2091));
#2048 = ORIENTED_EDGE('',*,*,#2049,.F.);
#2049 = EDGE_CURVE('',#2050,#197,#2052,.T.);
#2050 = VERTEX_POINT('',#2051);
#2051 = CARTESIAN_POINT('',(-48.,-2.630943086168,95.));
#2052 = SURFACE_CURVE('',#2053,(#2057,#2064),.PCURVE_S1.);
#2053 = LINE('',#2054,#2055);
#2054 = CARTESIAN_POINT('',(-45.,-2.630943086168,95.));
#2055 = VECTOR('',#2056,1.);
#2056 = DIRECTION('',(-1.,1.110223024625E-16,0.));
#2057 = PCURVE('',#239,#2058);
#2058 = DEFINITIONAL_REPRESENTATION('',(#2059),#2063);
#2059 = LINE('',#2060,#2061);
#2060 = CARTESIAN_POINT('',(0.,0.));
#2061 = VECTOR('',#2062,1.);
#2062 = DIRECTION('',(0.,1.));
#2063 = ( GEOMETRIC_REPRESENTATION_CONTEXT(2) 
PARAMETRIC_REPRESENTATION_CONTEXT() REPRESENTATION_CONTEXT('2D SPACE',''
  ) );
#2064 = PCURVE('',#212,#2065);
#2065 = DEFINITIONAL_REPRESENTATION('',(#2066),#2070);
#2066 = LINE('',#2067,#2068);
#2067 = CARTESIAN_POINT('',(90.,0.));
#2068 = VECTOR('',#2069,1.);
#2069 = DIRECTION('',(0.,-1.));
#2070 = ( GEOMETRIC_REPRESENTATION_CONTEXT(2) 
PARAMETRIC_REPRESENTATION_CONTEXT() REPRESENTATION_CONTEXT('2D SPACE',''
  ) );
#2071 = ORIENTED_EDGE('',*,*,#2072,.F.);
#2072 = EDGE_CURVE('',#2003,#2050,#2073,.T.);
#2073 = SURFACE_CURVE('',#2074,(#2078,#2084),.PCURVE_S1.);
#2074 = LINE('',#2075,#2076);
#2075 = CARTESIAN_POINT('',(-48.,-22.06547154308,95.));
#2076 = VECTOR('',#2077,1.);
#2077 = DIRECTION('',(0.,-1.,0.));
#2078 = PCURVE('',#239,#2079);
#2079 = DEFINITIONAL_REPRESENTATION('',(#2080),#2083);
#2080 = B_SPLINE_CURVE_WITH_KNOTS('',1,(#2081,#2082),.UNSPECIFIED.,.F.,
  .F.,(2,2),(-24.69641462925,-19.43452845691),.PIECEWISE_BEZIER_KNOTS.);
#2081 = CARTESIAN_POINT('',(5.261886172335,3.));
#2082 = CARTESIAN_POINT('',(0.,3.));
#2083 = ( GEOMETRIC_REPRESENTATION_CONTEXT(2) 
PARAMETRIC_REPRESENTATION_CONTEXT() REPRESENTATION_CONTEXT('2D SPACE',''
  ) );
#2084 = PCURVE('',#963,#2085);
#2085 = DEFINITIONAL_REPRESENTATION('',(#2086),#2089);
#2086 = B_SPLINE_CURVE_WITH_KNOTS('',1,(#2087,#2088),.UNSPECIFIED.,.F.,
  .F.,(2,2),(-24.69641462925,-19.43452845691),.PIECEWISE_BEZIER_KNOTS.);
#2087 = CARTESIAN_POINT('',(95.,-44.13094308616));
#2088 = CARTESIAN_POINT('',(95.,-38.86905691383));
#2089 = ( GEOMETRIC_REPRESENTATION_CONTEXT(2) 
PARAMETRIC_REPRESENTATION_CONTEXT() REPRESENTATION_CONTEXT('2D SPACE',''
  ) );
#2090 = ORIENTED_EDGE('',*,*,#2025,.T.);
#2091 = ORIENTED_EDGE('',*,*,#223,.T.);
#2092 = ADVANCED_FACE('',(#2093),#212,.T.);
#2093 = FACE_BOUND('',#2094,.T.);
#2094 = EDGE_LOOP('',(#2095,#2116,#2135,#2136));
#2095 = ORIENTED_EDGE('',*,*,#2096,.F.);
#2096 = EDGE_CURVE('',#2097,#2050,#2099,.T.);
#2097 = VERTEX_POINT('',#2098);
#2098 = CARTESIAN_POINT('',(-48.,-2.630943086168,52.630943086168));
#2099 = SURFACE_CURVE('',#2100,(#2104,#2110),.PCURVE_S1.);
#2100 = LINE('',#2101,#2102);
#2101 = CARTESIAN_POINT('',(-48.,-2.630943086168,2.5));
#2102 = VECTOR('',#2103,1.);
#2103 = DIRECTION('',(0.,-0.,1.));
#2104 = PCURVE('',#212,#2105);
#2105 = DEFINITIONAL_REPRESENTATION('',(#2106),#2109);
#2106 = B_SPLINE_CURVE_WITH_KNOTS('',1,(#2107,#2108),.UNSPECIFIED.,.F.,
  .F.,(2,2),(2.5,92.5),.PIECEWISE_BEZIER_KNOTS.);
#2107 = CARTESIAN_POINT('',(0.,-3.));
#2108 = CARTESIAN_POINT('',(90.,-3.));
#2109 = ( GEOMETRIC_REPRESENTATION_CONTEXT(2) 
PARAMETRIC_REPRESENTATION_CONTEXT() REPRESENTATION_CONTEXT('2D SPACE',''
  ) );
#2110 = PCURVE('',#963,#2111);
#2111 = DEFINITIONAL_REPRESENTATION('',(#2112),#2115);
#2112 = B_SPLINE_CURVE_WITH_KNOTS('',1,(#2113,#2114),.UNSPECIFIED.,.F.,
  .F.,(2,2),(2.5,92.5),.PIECEWISE_BEZIER_KNOTS.);
#2113 = CARTESIAN_POINT('',(5.,-38.86905691383));
#2114 = CARTESIAN_POINT('',(95.,-38.86905691383));
#2115 = ( GEOMETRIC_REPRESENTATION_CONTEXT(2) 
PARAMETRIC_REPRESENTATION_CONTEXT() REPRESENTATION_CONTEXT('2D SPACE',''
  ) );
#2116 = ORIENTED_EDGE('',*,*,#2117,.T.);
#2117 = EDGE_CURVE('',#2097,#170,#2118,.T.);
#2118 = SURFACE_CURVE('',#2119,(#2123,#2129),.PCURVE_S1.);
#2119 = LINE('',#2120,#2121);
#2120 = CARTESIAN_POINT('',(-45.,-2.630943086168,52.630943086168));
#2121 = VECTOR('',#2122,1.);
#2122 = DIRECTION('',(-1.,1.110223024625E-16,0.));
#2123 = PCURVE('',#212,#2124);
#2124 = DEFINITIONAL_REPRESENTATION('',(#2125),#2128);
#2125 = B_SPLINE_CURVE_WITH_KNOTS('',1,(#2126,#2127),.UNSPECIFIED.,.F.,
  .F.,(2,2),(-4.930380657631E-32,8.),.PIECEWISE_BEZIER_KNOTS.);
#2126 = CARTESIAN_POINT('',(47.630943086168,0.));
#2127 = CARTESIAN_POINT('',(47.630943086168,-8.));
#2128 = ( GEOMETRIC_REPRESENTATION_CONTEXT(2) 
PARAMETRIC_REPRESENTATION_CONTEXT() REPRESENTATION_CONTEXT('2D SPACE',''
  ) );
#2129 = PCURVE('',#185,#2130);
#2130 = DEFINITIONAL_REPRESENTATION('',(#2131),#2134);
#2131 = B_SPLINE_CURVE_WITH_KNOTS('',1,(#2132,#2133),.UNSPECIFIED.,.F.,
  .F.,(2,2),(-4.930380657631E-32,8.),.PIECEWISE_BEZIER_KNOTS.);
#2132 = CARTESIAN_POINT('',(33.869056913832,-3.345206676793E-15));
#2133 = CARTESIAN_POINT('',(33.869056913832,8.));
#2134 = ( GEOMETRIC_REPRESENTATION_CONTEXT(2) 
PARAMETRIC_REPRESENTATION_CONTEXT() REPRESENTATION_CONTEXT('2D SPACE',''
  ) );
#2135 = ORIENTED_EDGE('',*,*,#196,.T.);
#2136 = ORIENTED_EDGE('',*,*,#2049,.F.);
#2137 = ADVANCED_FACE('',(#2138),#185,.F.);
#2138 = FACE_BOUND('',#2139,.F.);
#2139 = EDGE_LOOP('',(#2140,#2163,#2182,#2183));
#2140 = ORIENTED_EDGE('',*,*,#2141,.F.);
#2141 = EDGE_CURVE('',#2142,#143,#2144,.T.);
#2142 = VERTEX_POINT('',#2143);
#2143 = CARTESIAN_POINT('',(-48.,-36.5,52.630943086168));
#2144 = SURFACE_CURVE('',#2145,(#2149,#2156),.PCURVE_S1.);
#2145 = LINE('',#2146,#2147);
#2146 = CARTESIAN_POINT('',(-45.,-36.5,52.630943086168));
#2147 = VECTOR('',#2148,1.);
#2148 = DIRECTION('',(-1.,1.110223024625E-16,0.));
#2149 = PCURVE('',#185,#2150);
#2150 = DEFINITIONAL_REPRESENTATION('',(#2151),#2155);
#2151 = LINE('',#2152,#2153);
#2152 = CARTESIAN_POINT('',(0.,0.));
#2153 = VECTOR('',#2154,1.);
#2154 = DIRECTION('',(0.,1.));
#2155 = ( GEOMETRIC_REPRESENTATION_CONTEXT(2) 
PARAMETRIC_REPRESENTATION_CONTEXT() REPRESENTATION_CONTEXT('2D SPACE',''
  ) );
#2156 = PCURVE('',#158,#2157);
#2157 = DEFINITIONAL_REPRESENTATION('',(#2158),#2162);
#2158 = LINE('',#2159,#2160);
#2159 = CARTESIAN_POINT('',(5.261886172335,0.));
#2160 = VECTOR('',#2161,1.);
#2161 = DIRECTION('',(0.,-1.));
#2162 = ( GEOMETRIC_REPRESENTATION_CONTEXT(2) 
PARAMETRIC_REPRESENTATION_CONTEXT() REPRESENTATION_CONTEXT('2D SPACE',''
  ) );
#2163 = ORIENTED_EDGE('',*,*,#2164,.F.);
#2164 = EDGE_CURVE('',#2097,#2142,#2165,.T.);
#2165 = SURFACE_CURVE('',#2166,(#2170,#2176),.PCURVE_S1.);
#2166 = LINE('',#2167,#2168);
#2167 = CARTESIAN_POINT('',(-48.,-39.,52.630943086168));
#2168 = VECTOR('',#2169,1.);
#2169 = DIRECTION('',(0.,-1.,0.));
#2170 = PCURVE('',#185,#2171);
#2171 = DEFINITIONAL_REPRESENTATION('',(#2172),#2175);
#2172 = B_SPLINE_CURVE_WITH_KNOTS('',1,(#2173,#2174),.UNSPECIFIED.,.F.,
  .F.,(2,2),(-75.5,-2.5),.PIECEWISE_BEZIER_KNOTS.);
#2173 = CARTESIAN_POINT('',(73.,3.));
#2174 = CARTESIAN_POINT('',(-8.881784197001E-16,3.));
#2175 = ( GEOMETRIC_REPRESENTATION_CONTEXT(2) 
PARAMETRIC_REPRESENTATION_CONTEXT() REPRESENTATION_CONTEXT('2D SPACE',''
  ) );
#2176 = PCURVE('',#963,#2177);
#2177 = DEFINITIONAL_REPRESENTATION('',(#2178),#2181);
#2178 = B_SPLINE_CURVE_WITH_KNOTS('',1,(#2179,#2180),.UNSPECIFIED.,.F.,
  .F.,(2,2),(-75.5,-2.5),.PIECEWISE_BEZIER_KNOTS.);
#2179 = CARTESIAN_POINT('',(52.630943086168,-78.));
#2180 = CARTESIAN_POINT('',(52.630943086168,-5.));
#2181 = ( GEOMETRIC_REPRESENTATION_CONTEXT(2) 
PARAMETRIC_REPRESENTATION_CONTEXT() REPRESENTATION_CONTEXT('2D SPACE',''
  ) );
#2182 = ORIENTED_EDGE('',*,*,#2117,.T.);
#2183 = ORIENTED_EDGE('',*,*,#169,.T.);
#2184 = ADVANCED_FACE('',(#2185),#158,.T.);
#2185 = FACE_BOUND('',#2186,.T.);
#2186 = EDGE_LOOP('',(#2187,#2188,#2207,#2208));
#2187 = ORIENTED_EDGE('',*,*,#2141,.F.);
#2188 = ORIENTED_EDGE('',*,*,#2189,.F.);
#2189 = EDGE_CURVE('',#1658,#2142,#2190,.T.);
#2190 = SURFACE_CURVE('',#2191,(#2195,#2201),.PCURVE_S1.);
#2191 = LINE('',#2192,#2193);
#2192 = CARTESIAN_POINT('',(-48.,-36.5,23.684528456916));
#2193 = VECTOR('',#2194,1.);
#2194 = DIRECTION('',(0.,-0.,1.));
#2195 = PCURVE('',#158,#2196);
#2196 = DEFINITIONAL_REPRESENTATION('',(#2197),#2200);
#2197 = B_SPLINE_CURVE_WITH_KNOTS('',1,(#2198,#2199),.UNSPECIFIED.,.F.,
  .F.,(2,2),(23.684528456916,28.946414629251),.PIECEWISE_BEZIER_KNOTS.);
#2198 = CARTESIAN_POINT('',(0.,-3.));
#2199 = CARTESIAN_POINT('',(5.261886172335,-3.));
#2200 = ( GEOMETRIC_REPRESENTATION_CONTEXT(2) 
PARAMETRIC_REPRESENTATION_CONTEXT() REPRESENTATION_CONTEXT('2D SPACE',''
  ) );
#2201 = PCURVE('',#963,#2202);
#2202 = DEFINITIONAL_REPRESENTATION('',(#2203),#2206);
#2203 = B_SPLINE_CURVE_WITH_KNOTS('',1,(#2204,#2205),.UNSPECIFIED.,.F.,
  .F.,(2,2),(23.684528456916,28.946414629251),.PIECEWISE_BEZIER_KNOTS.);
#2204 = CARTESIAN_POINT('',(47.369056913832,-5.));
#2205 = CARTESIAN_POINT('',(52.630943086168,-5.));
#2206 = ( GEOMETRIC_REPRESENTATION_CONTEXT(2) 
PARAMETRIC_REPRESENTATION_CONTEXT() REPRESENTATION_CONTEXT('2D SPACE',''
  ) );
#2207 = ORIENTED_EDGE('',*,*,#1657,.T.);
#2208 = ORIENTED_EDGE('',*,*,#140,.T.);
#2209 = ADVANCED_FACE('',(#2210),#855,.F.);
#2210 = FACE_BOUND('',#2211,.F.);
#2211 = EDGE_LOOP('',(#2212,#2235,#2236,#2257));
#2212 = ORIENTED_EDGE('',*,*,#2213,.F.);
#2213 = EDGE_CURVE('',#543,#2214,#2216,.T.);
#2214 = VERTEX_POINT('',#2215);
#2215 = CARTESIAN_POINT('',(-36.5,-48.,52.630943086168));
#2216 = SURFACE_CURVE('',#2217,(#2221,#2228),.PCURVE_S1.);
#2217 = LINE('',#2218,#2219);
#2218 = CARTESIAN_POINT('',(-36.5,-53.,52.630943086168));
#2219 = VECTOR('',#2220,1.);
#2220 = DIRECTION('',(-0.,1.,0.));
#2221 = PCURVE('',#855,#2222);
#2222 = DEFINITIONAL_REPRESENTATION('',(#2223),#2227);
#2223 = LINE('',#2224,#2225);
#2224 = CARTESIAN_POINT('',(0.,0.));
#2225 = VECTOR('',#2226,1.);
#2226 = DIRECTION('',(0.,1.));
#2227 = ( GEOMETRIC_REPRESENTATION_CONTEXT(2) 
PARAMETRIC_REPRESENTATION_CONTEXT() REPRESENTATION_CONTEXT('2D SPACE',''
  ) );
#2228 = PCURVE('',#560,#2229);
#2229 = DEFINITIONAL_REPRESENTATION('',(#2230),#2234);
#2230 = LINE('',#2231,#2232);
#2231 = CARTESIAN_POINT('',(5.261886172335,0.));
#2232 = VECTOR('',#2233,1.);
#2233 = DIRECTION('',(0.,-1.));
#2234 = ( GEOMETRIC_REPRESENTATION_CONTEXT(2) 
PARAMETRIC_REPRESENTATION_CONTEXT() REPRESENTATION_CONTEXT('2D SPACE',''
  ) );
#2235 = ORIENTED_EDGE('',*,*,#841,.T.);
#2236 = ORIENTED_EDGE('',*,*,#2237,.T.);
#2237 = EDGE_CURVE('',#815,#2238,#2240,.T.);
#2238 = VERTEX_POINT('',#2239);
#2239 = CARTESIAN_POINT('',(-2.630943086168,-48.,52.630943086168));
#2240 = SURFACE_CURVE('',#2241,(#2245,#2251),.PCURVE_S1.);
#2241 = LINE('',#2242,#2243);
#2242 = CARTESIAN_POINT('',(-2.630943086168,-53.,52.630943086168));
#2243 = VECTOR('',#2244,1.);
#2244 = DIRECTION('',(-0.,1.,0.));
#2245 = PCURVE('',#855,#2246);
#2246 = DEFINITIONAL_REPRESENTATION('',(#2247),#2250);
#2247 = B_SPLINE_CURVE_WITH_KNOTS('',1,(#2248,#2249),.UNSPECIFIED.,.F.,
  .F.,(2,2),(0.,8.),.PIECEWISE_BEZIER_KNOTS.);
#2248 = CARTESIAN_POINT('',(33.869056913832,0.));
#2249 = CARTESIAN_POINT('',(33.869056913832,8.));
#2250 = ( GEOMETRIC_REPRESENTATION_CONTEXT(2) 
PARAMETRIC_REPRESENTATION_CONTEXT() REPRESENTATION_CONTEXT('2D SPACE',''
  ) );
#2251 = PCURVE('',#830,#2252);
#2252 = DEFINITIONAL_REPRESENTATION('',(#2253),#2256);
#2253 = B_SPLINE_CURVE_WITH_KNOTS('',1,(#2254,#2255),.UNSPECIFIED.,.F.,
  .F.,(2,2),(0.,8.),.PIECEWISE_BEZIER_KNOTS.);
#2254 = CARTESIAN_POINT('',(47.630943086168,0.));
#2255 = CARTESIAN_POINT('',(47.630943086168,-8.));
#2256 = ( GEOMETRIC_REPRESENTATION_CONTEXT(2) 
PARAMETRIC_REPRESENTATION_CONTEXT() REPRESENTATION_CONTEXT('2D SPACE',''
  ) );
#2257 = ORIENTED_EDGE('',*,*,#2258,.F.);
#2258 = EDGE_CURVE('',#2214,#2238,#2259,.T.);
#2259 = SURFACE_CURVE('',#2260,(#2264,#2270),.PCURVE_S1.);
#2260 = LINE('',#2261,#2262);
#2261 = CARTESIAN_POINT('',(-39.,-48.,52.630943086168));
#2262 = VECTOR('',#2263,1.);
#2263 = DIRECTION('',(1.,0.,-0.));
#2264 = PCURVE('',#855,#2265);
#2265 = DEFINITIONAL_REPRESENTATION('',(#2266),#2269);
#2266 = B_SPLINE_CURVE_WITH_KNOTS('',1,(#2267,#2268),.UNSPECIFIED.,.F.,
  .F.,(2,2),(2.5,75.5),.PIECEWISE_BEZIER_KNOTS.);
#2267 = CARTESIAN_POINT('',(0.,5.));
#2268 = CARTESIAN_POINT('',(73.,5.));
#2269 = ( GEOMETRIC_REPRESENTATION_CONTEXT(2) 
PARAMETRIC_REPRESENTATION_CONTEXT() REPRESENTATION_CONTEXT('2D SPACE',''
  ) );
#2270 = PCURVE('',#1215,#2271);
#2271 = DEFINITIONAL_REPRESENTATION('',(#2272),#2275);
#2272 = B_SPLINE_CURVE_WITH_KNOTS('',1,(#2273,#2274),.UNSPECIFIED.,.F.,
  .F.,(2,2),(2.5,75.5),.PIECEWISE_BEZIER_KNOTS.);
#2273 = CARTESIAN_POINT('',(52.630943086168,5.));
#2274 = CARTESIAN_POINT('',(52.630943086168,78.));
#2275 = ( GEOMETRIC_REPRESENTATION_CONTEXT(2) 
PARAMETRIC_REPRESENTATION_CONTEXT() REPRESENTATION_CONTEXT('2D SPACE',''
  ) );
#2276 = ADVANCED_FACE('',(#2277),#830,.T.);
#2277 = FACE_BOUND('',#2278,.T.);
#2278 = EDGE_LOOP('',(#2279,#2280,#2281,#2302));
#2279 = ORIENTED_EDGE('',*,*,#814,.T.);
#2280 = ORIENTED_EDGE('',*,*,#2237,.T.);
#2281 = ORIENTED_EDGE('',*,*,#2282,.F.);
#2282 = EDGE_CURVE('',#2283,#2238,#2285,.T.);
#2283 = VERTEX_POINT('',#2284);
#2284 = CARTESIAN_POINT('',(-2.630943086168,-48.,95.));
#2285 = SURFACE_CURVE('',#2286,(#2290,#2296),.PCURVE_S1.);
#2286 = LINE('',#2287,#2288);
#2287 = CARTESIAN_POINT('',(-2.630943086168,-48.,2.5));
#2288 = VECTOR('',#2289,1.);
#2289 = DIRECTION('',(-0.,0.,-1.));
#2290 = PCURVE('',#830,#2291);
#2291 = DEFINITIONAL_REPRESENTATION('',(#2292),#2295);
#2292 = B_SPLINE_CURVE_WITH_KNOTS('',1,(#2293,#2294),.UNSPECIFIED.,.F.,
  .F.,(2,2),(-92.5,-2.5),.PIECEWISE_BEZIER_KNOTS.);
#2293 = CARTESIAN_POINT('',(90.,-5.));
#2294 = CARTESIAN_POINT('',(0.,-5.));
#2295 = ( GEOMETRIC_REPRESENTATION_CONTEXT(2) 
PARAMETRIC_REPRESENTATION_CONTEXT() REPRESENTATION_CONTEXT('2D SPACE',''
  ) );
#2296 = PCURVE('',#1215,#2297);
#2297 = DEFINITIONAL_REPRESENTATION('',(#2298),#2301);
#2298 = B_SPLINE_CURVE_WITH_KNOTS('',1,(#2299,#2300),.UNSPECIFIED.,.F.,
  .F.,(2,2),(-92.5,-2.5),.PIECEWISE_BEZIER_KNOTS.);
#2299 = CARTESIAN_POINT('',(95.,38.869056913832));
#2300 = CARTESIAN_POINT('',(5.,38.869056913832));
#2301 = ( GEOMETRIC_REPRESENTATION_CONTEXT(2) 
PARAMETRIC_REPRESENTATION_CONTEXT() REPRESENTATION_CONTEXT('2D SPACE',''
  ) );
#2302 = ORIENTED_EDGE('',*,*,#2303,.F.);
#2303 = EDGE_CURVE('',#788,#2283,#2304,.T.);
#2304 = SURFACE_CURVE('',#2305,(#2309,#2316),.PCURVE_S1.);
#2305 = LINE('',#2306,#2307);
#2306 = CARTESIAN_POINT('',(-2.630943086168,-53.,95.));
#2307 = VECTOR('',#2308,1.);
#2308 = DIRECTION('',(-0.,1.,0.));
#2309 = PCURVE('',#830,#2310);
#2310 = DEFINITIONAL_REPRESENTATION('',(#2311),#2315);
#2311 = LINE('',#2312,#2313);
#2312 = CARTESIAN_POINT('',(90.,0.));
#2313 = VECTOR('',#2314,1.);
#2314 = DIRECTION('',(0.,-1.));
#2315 = ( GEOMETRIC_REPRESENTATION_CONTEXT(2) 
PARAMETRIC_REPRESENTATION_CONTEXT() REPRESENTATION_CONTEXT('2D SPACE',''
  ) );
#2316 = PCURVE('',#803,#2317);
#2317 = DEFINITIONAL_REPRESENTATION('',(#2318),#2322);
#2318 = LINE('',#2319,#2320);
#2319 = CARTESIAN_POINT('',(0.,0.));
#2320 = VECTOR('',#2321,1.);
#2321 = DIRECTION('',(0.,1.));
#2322 = ( GEOMETRIC_REPRESENTATION_CONTEXT(2) 
PARAMETRIC_REPRESENTATION_CONTEXT() REPRESENTATION_CONTEXT('2D SPACE',''
  ) );
#2323 = ADVANCED_FACE('',(#2324),#803,.F.);
#2324 = FACE_BOUND('',#2325,.F.);
#2325 = EDGE_LOOP('',(#2326,#2327,#2328,#2351));
#2326 = ORIENTED_EDGE('',*,*,#2303,.F.);
#2327 = ORIENTED_EDGE('',*,*,#787,.T.);
#2328 = ORIENTED_EDGE('',*,*,#2329,.T.);
#2329 = EDGE_CURVE('',#761,#2330,#2332,.T.);
#2330 = VERTEX_POINT('',#2331);
#2331 = CARTESIAN_POINT('',(2.630943086168,-48.,95.));
#2332 = SURFACE_CURVE('',#2333,(#2337,#2344),.PCURVE_S1.);
#2333 = LINE('',#2334,#2335);
#2334 = CARTESIAN_POINT('',(2.630943086168,-53.,95.));
#2335 = VECTOR('',#2336,1.);
#2336 = DIRECTION('',(-0.,1.,0.));
#2337 = PCURVE('',#803,#2338);
#2338 = DEFINITIONAL_REPRESENTATION('',(#2339),#2343);
#2339 = LINE('',#2340,#2341);
#2340 = CARTESIAN_POINT('',(5.261886172335,0.));
#2341 = VECTOR('',#2342,1.);
#2342 = DIRECTION('',(0.,1.));
#2343 = ( GEOMETRIC_REPRESENTATION_CONTEXT(2) 
PARAMETRIC_REPRESENTATION_CONTEXT() REPRESENTATION_CONTEXT('2D SPACE',''
  ) );
#2344 = PCURVE('',#776,#2345);
#2345 = DEFINITIONAL_REPRESENTATION('',(#2346),#2350);
#2346 = LINE('',#2347,#2348);
#2347 = CARTESIAN_POINT('',(90.,0.));
#2348 = VECTOR('',#2349,1.);
#2349 = DIRECTION('',(0.,-1.));
#2350 = ( GEOMETRIC_REPRESENTATION_CONTEXT(2) 
PARAMETRIC_REPRESENTATION_CONTEXT() REPRESENTATION_CONTEXT('2D SPACE',''
  ) );
#2351 = ORIENTED_EDGE('',*,*,#2352,.F.);
#2352 = EDGE_CURVE('',#2283,#2330,#2353,.T.);
#2353 = SURFACE_CURVE('',#2354,(#2358,#2364),.PCURVE_S1.);
#2354 = LINE('',#2355,#2356);
#2355 = CARTESIAN_POINT('',(-22.06547154308,-48.,95.));
#2356 = VECTOR('',#2357,1.);
#2357 = DIRECTION('',(1.,0.,-0.));
#2358 = PCURVE('',#803,#2359);
#2359 = DEFINITIONAL_REPRESENTATION('',(#2360),#2363);
#2360 = B_SPLINE_CURVE_WITH_KNOTS('',1,(#2361,#2362),.UNSPECIFIED.,.F.,
  .F.,(2,2),(19.434528456916,24.696414629251),.PIECEWISE_BEZIER_KNOTS.);
#2361 = CARTESIAN_POINT('',(0.,5.));
#2362 = CARTESIAN_POINT('',(5.261886172335,5.));
#2363 = ( GEOMETRIC_REPRESENTATION_CONTEXT(2) 
PARAMETRIC_REPRESENTATION_CONTEXT() REPRESENTATION_CONTEXT('2D SPACE',''
  ) );
#2364 = PCURVE('',#1215,#2365);
#2365 = DEFINITIONAL_REPRESENTATION('',(#2366),#2369);
#2366 = B_SPLINE_CURVE_WITH_KNOTS('',1,(#2367,#2368),.UNSPECIFIED.,.F.,
  .F.,(2,2),(19.434528456916,24.696414629251),.PIECEWISE_BEZIER_KNOTS.);
#2367 = CARTESIAN_POINT('',(95.,38.869056913832));
#2368 = CARTESIAN_POINT('',(95.,44.130943086168));
#2369 = ( GEOMETRIC_REPRESENTATION_CONTEXT(2) 
PARAMETRIC_REPRESENTATION_CONTEXT() REPRESENTATION_CONTEXT('2D SPACE',''
  ) );
#2370 = ADVANCED_FACE('',(#2371),#776,.F.);
#2371 = FACE_BOUND('',#2372,.F.);
#2372 = EDGE_LOOP('',(#2373,#2374,#2395,#2414));
#2373 = ORIENTED_EDGE('',*,*,#760,.T.);
#2374 = ORIENTED_EDGE('',*,*,#2375,.T.);
#2375 = EDGE_CURVE('',#734,#2376,#2378,.T.);
#2376 = VERTEX_POINT('',#2377);
#2377 = CARTESIAN_POINT('',(2.630943086168,-48.,52.630943086168));
#2378 = SURFACE_CURVE('',#2379,(#2383,#2389),.PCURVE_S1.);
#2379 = LINE('',#2380,#2381);
#2380 = CARTESIAN_POINT('',(2.630943086168,-53.,52.630943086168));
#2381 = VECTOR('',#2382,1.);
#2382 = DIRECTION('',(-0.,1.,0.));
#2383 = PCURVE('',#776,#2384);
#2384 = DEFINITIONAL_REPRESENTATION('',(#2385),#2388);
#2385 = B_SPLINE_CURVE_WITH_KNOTS('',1,(#2386,#2387),.UNSPECIFIED.,.F.,
  .F.,(2,2),(0.,8.),.PIECEWISE_BEZIER_KNOTS.);
#2386 = CARTESIAN_POINT('',(47.630943086168,0.));
#2387 = CARTESIAN_POINT('',(47.630943086168,-8.));
#2388 = ( GEOMETRIC_REPRESENTATION_CONTEXT(2) 
PARAMETRIC_REPRESENTATION_CONTEXT() REPRESENTATION_CONTEXT('2D SPACE',''
  ) );
#2389 = PCURVE('',#749,#2390);
#2390 = DEFINITIONAL_REPRESENTATION('',(#2391),#2394);
#2391 = B_SPLINE_CURVE_WITH_KNOTS('',1,(#2392,#2393),.UNSPECIFIED.,.F.,
  .F.,(2,2),(0.,8.),.PIECEWISE_BEZIER_KNOTS.);
#2392 = CARTESIAN_POINT('',(39.130943086168,0.));
#2393 = CARTESIAN_POINT('',(39.130943086168,8.));
#2394 = ( GEOMETRIC_REPRESENTATION_CONTEXT(2) 
PARAMETRIC_REPRESENTATION_CONTEXT() REPRESENTATION_CONTEXT('2D SPACE',''
  ) );
#2395 = ORIENTED_EDGE('',*,*,#2396,.F.);
#2396 = EDGE_CURVE('',#2330,#2376,#2397,.T.);
#2397 = SURFACE_CURVE('',#2398,(#2402,#2408),.PCURVE_S1.);
#2398 = LINE('',#2399,#2400);
#2399 = CARTESIAN_POINT('',(2.630943086168,-48.,2.5));
#2400 = VECTOR('',#2401,1.);
#2401 = DIRECTION('',(-0.,0.,-1.));
#2402 = PCURVE('',#776,#2403);
#2403 = DEFINITIONAL_REPRESENTATION('',(#2404),#2407);
#2404 = B_SPLINE_CURVE_WITH_KNOTS('',1,(#2405,#2406),.UNSPECIFIED.,.F.,
  .F.,(2,2),(-92.5,-2.5),.PIECEWISE_BEZIER_KNOTS.);
#2405 = CARTESIAN_POINT('',(90.,-5.));
#2406 = CARTESIAN_POINT('',(0.,-5.));
#2407 = ( GEOMETRIC_REPRESENTATION_CONTEXT(2) 
PARAMETRIC_REPRESENTATION_CONTEXT() REPRESENTATION_CONTEXT('2D SPACE',''
  ) );
#2408 = PCURVE('',#1215,#2409);
#2409 = DEFINITIONAL_REPRESENTATION('',(#2410),#2413);
#2410 = B_SPLINE_CURVE_WITH_KNOTS('',1,(#2411,#2412),.UNSPECIFIED.,.F.,
  .F.,(2,2),(-92.5,-2.5),.PIECEWISE_BEZIER_KNOTS.);
#2411 = CARTESIAN_POINT('',(95.,44.130943086168));
#2412 = CARTESIAN_POINT('',(5.,44.130943086168));
#2413 = ( GEOMETRIC_REPRESENTATION_CONTEXT(2) 
PARAMETRIC_REPRESENTATION_CONTEXT() REPRESENTATION_CONTEXT('2D SPACE',''
  ) );
#2414 = ORIENTED_EDGE('',*,*,#2329,.F.);
#2415 = ADVANCED_FACE('',(#2416),#749,.F.);
#2416 = FACE_BOUND('',#2417,.F.);
#2417 = EDGE_LOOP('',(#2418,#2419,#2420,#2443));
#2418 = ORIENTED_EDGE('',*,*,#2375,.F.);
#2419 = ORIENTED_EDGE('',*,*,#733,.T.);
#2420 = ORIENTED_EDGE('',*,*,#2421,.T.);
#2421 = EDGE_CURVE('',#707,#2422,#2424,.T.);
#2422 = VERTEX_POINT('',#2423);
#2423 = CARTESIAN_POINT('',(36.5,-48.,52.630943086168));
#2424 = SURFACE_CURVE('',#2425,(#2429,#2436),.PCURVE_S1.);
#2425 = LINE('',#2426,#2427);
#2426 = CARTESIAN_POINT('',(36.5,-53.,52.630943086168));
#2427 = VECTOR('',#2428,1.);
#2428 = DIRECTION('',(-0.,1.,0.));
#2429 = PCURVE('',#749,#2430);
#2430 = DEFINITIONAL_REPRESENTATION('',(#2431),#2435);
#2431 = LINE('',#2432,#2433);
#2432 = CARTESIAN_POINT('',(73.,0.));
#2433 = VECTOR('',#2434,1.);
#2434 = DIRECTION('',(0.,1.));
#2435 = ( GEOMETRIC_REPRESENTATION_CONTEXT(2) 
PARAMETRIC_REPRESENTATION_CONTEXT() REPRESENTATION_CONTEXT('2D SPACE',''
  ) );
#2436 = PCURVE('',#722,#2437);
#2437 = DEFINITIONAL_REPRESENTATION('',(#2438),#2442);
#2438 = LINE('',#2439,#2440);
#2439 = CARTESIAN_POINT('',(5.261886172335,0.));
#2440 = VECTOR('',#2441,1.);
#2441 = DIRECTION('',(0.,-1.));
#2442 = ( GEOMETRIC_REPRESENTATION_CONTEXT(2) 
PARAMETRIC_REPRESENTATION_CONTEXT() REPRESENTATION_CONTEXT('2D SPACE',''
  ) );
#2443 = ORIENTED_EDGE('',*,*,#2444,.F.);
#2444 = EDGE_CURVE('',#2376,#2422,#2445,.T.);
#2445 = SURFACE_CURVE('',#2446,(#2450,#2456),.PCURVE_S1.);
#2446 = LINE('',#2447,#2448);
#2447 = CARTESIAN_POINT('',(-39.,-48.,52.630943086168));
#2448 = VECTOR('',#2449,1.);
#2449 = DIRECTION('',(1.,0.,-0.));
#2450 = PCURVE('',#749,#2451);
#2451 = DEFINITIONAL_REPRESENTATION('',(#2452),#2455);
#2452 = B_SPLINE_CURVE_WITH_KNOTS('',1,(#2453,#2454),.UNSPECIFIED.,.F.,
  .F.,(2,2),(2.5,75.5),.PIECEWISE_BEZIER_KNOTS.);
#2453 = CARTESIAN_POINT('',(0.,5.));
#2454 = CARTESIAN_POINT('',(73.,5.));
#2455 = ( GEOMETRIC_REPRESENTATION_CONTEXT(2) 
PARAMETRIC_REPRESENTATION_CONTEXT() REPRESENTATION_CONTEXT('2D SPACE',''
  ) );
#2456 = PCURVE('',#1215,#2457);
#2457 = DEFINITIONAL_REPRESENTATION('',(#2458),#2461);
#2458 = B_SPLINE_CURVE_WITH_KNOTS('',1,(#2459,#2460),.UNSPECIFIED.,.F.,
  .F.,(2,2),(2.5,75.5),.PIECEWISE_BEZIER_KNOTS.);
#2459 = CARTESIAN_POINT('',(52.630943086168,5.));
#2460 = CARTESIAN_POINT('',(52.630943086168,78.));
#2461 = ( GEOMETRIC_REPRESENTATION_CONTEXT(2) 
PARAMETRIC_REPRESENTATION_CONTEXT() REPRESENTATION_CONTEXT('2D SPACE',''
  ) );
#2462 = ADVANCED_FACE('',(#2463),#722,.F.);
#2463 = FACE_BOUND('',#2464,.F.);
#2464 = EDGE_LOOP('',(#2465,#2466,#2467,#2490));
#2465 = ORIENTED_EDGE('',*,*,#2421,.F.);
#2466 = ORIENTED_EDGE('',*,*,#706,.T.);
#2467 = ORIENTED_EDGE('',*,*,#2468,.T.);
#2468 = EDGE_CURVE('',#680,#2469,#2471,.T.);
#2469 = VERTEX_POINT('',#2470);
#2470 = CARTESIAN_POINT('',(36.5,-48.,47.369056913832));
#2471 = SURFACE_CURVE('',#2472,(#2476,#2483),.PCURVE_S1.);
#2472 = LINE('',#2473,#2474);
#2473 = CARTESIAN_POINT('',(36.5,-53.,47.369056913832));
#2474 = VECTOR('',#2475,1.);
#2475 = DIRECTION('',(-0.,1.,0.));
#2476 = PCURVE('',#722,#2477);
#2477 = DEFINITIONAL_REPRESENTATION('',(#2478),#2482);
#2478 = LINE('',#2479,#2480);
#2479 = CARTESIAN_POINT('',(0.,0.));
#2480 = VECTOR('',#2481,1.);
#2481 = DIRECTION('',(0.,-1.));
#2482 = ( GEOMETRIC_REPRESENTATION_CONTEXT(2) 
PARAMETRIC_REPRESENTATION_CONTEXT() REPRESENTATION_CONTEXT('2D SPACE',''
  ) );
#2483 = PCURVE('',#695,#2484);
#2484 = DEFINITIONAL_REPRESENTATION('',(#2485),#2489);
#2485 = LINE('',#2486,#2487);
#2486 = CARTESIAN_POINT('',(73.,0.));
#2487 = VECTOR('',#2488,1.);
#2488 = DIRECTION('',(0.,1.));
#2489 = ( GEOMETRIC_REPRESENTATION_CONTEXT(2) 
PARAMETRIC_REPRESENTATION_CONTEXT() REPRESENTATION_CONTEXT('2D SPACE',''
  ) );
#2490 = ORIENTED_EDGE('',*,*,#2491,.F.);
#2491 = EDGE_CURVE('',#2422,#2469,#2492,.T.);
#2492 = SURFACE_CURVE('',#2493,(#2497,#2503),.PCURVE_S1.);
#2493 = LINE('',#2494,#2495);
#2494 = CARTESIAN_POINT('',(36.5,-48.,23.684528456916));
#2495 = VECTOR('',#2496,1.);
#2496 = DIRECTION('',(-0.,0.,-1.));
#2497 = PCURVE('',#722,#2498);
#2498 = DEFINITIONAL_REPRESENTATION('',(#2499),#2502);
#2499 = B_SPLINE_CURVE_WITH_KNOTS('',1,(#2500,#2501),.UNSPECIFIED.,.F.,
  .F.,(2,2),(-28.94641462925,-23.68452845691),.PIECEWISE_BEZIER_KNOTS.);
#2500 = CARTESIAN_POINT('',(5.261886172335,-5.));
#2501 = CARTESIAN_POINT('',(0.,-5.));
#2502 = ( GEOMETRIC_REPRESENTATION_CONTEXT(2) 
PARAMETRIC_REPRESENTATION_CONTEXT() REPRESENTATION_CONTEXT('2D SPACE',''
  ) );
#2503 = PCURVE('',#1215,#2504);
#2504 = DEFINITIONAL_REPRESENTATION('',(#2505),#2508);
#2505 = B_SPLINE_CURVE_WITH_KNOTS('',1,(#2506,#2507),.UNSPECIFIED.,.F.,
  .F.,(2,2),(-28.94641462925,-23.68452845691),.PIECEWISE_BEZIER_KNOTS.);
#2506 = CARTESIAN_POINT('',(52.630943086168,78.));
#2507 = CARTESIAN_POINT('',(47.369056913832,78.));
#2508 = ( GEOMETRIC_REPRESENTATION_CONTEXT(2) 
PARAMETRIC_REPRESENTATION_CONTEXT() REPRESENTATION_CONTEXT('2D SPACE',''
  ) );
#2509 = ADVANCED_FACE('',(#2510),#695,.T.);
#2510 = FACE_BOUND('',#2511,.T.);
#2511 = EDGE_LOOP('',(#2512,#2533,#2534,#2535));
#2512 = ORIENTED_EDGE('',*,*,#2513,.F.);
#2513 = EDGE_CURVE('',#653,#2514,#2516,.T.);
#2514 = VERTEX_POINT('',#2515);
#2515 = CARTESIAN_POINT('',(2.630943086168,-48.,47.369056913832));
#2516 = SURFACE_CURVE('',#2517,(#2521,#2527),.PCURVE_S1.);
#2517 = LINE('',#2518,#2519);
#2518 = CARTESIAN_POINT('',(2.630943086168,-53.,47.369056913832));
#2519 = VECTOR('',#2520,1.);
#2520 = DIRECTION('',(-0.,1.,0.));
#2521 = PCURVE('',#695,#2522);
#2522 = DEFINITIONAL_REPRESENTATION('',(#2523),#2526);
#2523 = B_SPLINE_CURVE_WITH_KNOTS('',1,(#2524,#2525),.UNSPECIFIED.,.F.,
  .F.,(2,2),(0.,8.),.PIECEWISE_BEZIER_KNOTS.);
#2524 = CARTESIAN_POINT('',(39.130943086168,0.));
#2525 = CARTESIAN_POINT('',(39.130943086168,8.));
#2526 = ( GEOMETRIC_REPRESENTATION_CONTEXT(2) 
PARAMETRIC_REPRESENTATION_CONTEXT() REPRESENTATION_CONTEXT('2D SPACE',''
  ) );
#2527 = PCURVE('',#668,#2528);
#2528 = DEFINITIONAL_REPRESENTATION('',(#2529),#2532);
#2529 = B_SPLINE_CURVE_WITH_KNOTS('',1,(#2530,#2531),.UNSPECIFIED.,.F.,
  .F.,(2,2),(0.,8.),.PIECEWISE_BEZIER_KNOTS.);
#2530 = CARTESIAN_POINT('',(42.369056913832,0.));
#2531 = CARTESIAN_POINT('',(42.369056913832,-8.));
#2532 = ( GEOMETRIC_REPRESENTATION_CONTEXT(2) 
PARAMETRIC_REPRESENTATION_CONTEXT() REPRESENTATION_CONTEXT('2D SPACE',''
  ) );
#2533 = ORIENTED_EDGE('',*,*,#679,.T.);
#2534 = ORIENTED_EDGE('',*,*,#2468,.T.);
#2535 = ORIENTED_EDGE('',*,*,#2536,.F.);
#2536 = EDGE_CURVE('',#2514,#2469,#2537,.T.);
#2537 = SURFACE_CURVE('',#2538,(#2542,#2548),.PCURVE_S1.);
#2538 = LINE('',#2539,#2540);
#2539 = CARTESIAN_POINT('',(-39.,-48.,47.369056913832));
#2540 = VECTOR('',#2541,1.);
#2541 = DIRECTION('',(1.,0.,-0.));
#2542 = PCURVE('',#695,#2543);
#2543 = DEFINITIONAL_REPRESENTATION('',(#2544),#2547);
#2544 = B_SPLINE_CURVE_WITH_KNOTS('',1,(#2545,#2546),.UNSPECIFIED.,.F.,
  .F.,(2,2),(2.5,75.5),.PIECEWISE_BEZIER_KNOTS.);
#2545 = CARTESIAN_POINT('',(0.,5.));
#2546 = CARTESIAN_POINT('',(73.,5.));
#2547 = ( GEOMETRIC_REPRESENTATION_CONTEXT(2) 
PARAMETRIC_REPRESENTATION_CONTEXT() REPRESENTATION_CONTEXT('2D SPACE',''
  ) );
#2548 = PCURVE('',#1215,#2549);
#2549 = DEFINITIONAL_REPRESENTATION('',(#2550),#2553);
#2550 = B_SPLINE_CURVE_WITH_KNOTS('',1,(#2551,#2552),.UNSPECIFIED.,.F.,
  .F.,(2,2),(2.5,75.5),.PIECEWISE_BEZIER_KNOTS.);
#2551 = CARTESIAN_POINT('',(47.369056913832,5.));
#2552 = CARTESIAN_POINT('',(47.369056913832,78.));
#2553 = ( GEOMETRIC_REPRESENTATION_CONTEXT(2) 
PARAMETRIC_REPRESENTATION_CONTEXT() REPRESENTATION_CONTEXT('2D SPACE',''
  ) );
#2554 = ADVANCED_FACE('',(#2555),#668,.F.);
#2555 = FACE_BOUND('',#2556,.F.);
#2556 = EDGE_LOOP('',(#2557,#2558,#2581,#2600));
#2557 = ORIENTED_EDGE('',*,*,#652,.T.);
#2558 = ORIENTED_EDGE('',*,*,#2559,.T.);
#2559 = EDGE_CURVE('',#626,#2560,#2562,.T.);
#2560 = VERTEX_POINT('',#2561);
#2561 = CARTESIAN_POINT('',(2.630943086168,-48.,5.));
#2562 = SURFACE_CURVE('',#2563,(#2567,#2574),.PCURVE_S1.);
#2563 = LINE('',#2564,#2565);
#2564 = CARTESIAN_POINT('',(2.630943086168,-53.,5.));
#2565 = VECTOR('',#2566,1.);
#2566 = DIRECTION('',(-0.,1.,0.));
#2567 = PCURVE('',#668,#2568);
#2568 = DEFINITIONAL_REPRESENTATION('',(#2569),#2573);
#2569 = LINE('',#2570,#2571);
#2570 = CARTESIAN_POINT('',(0.,0.));
#2571 = VECTOR('',#2572,1.);
#2572 = DIRECTION('',(0.,-1.));
#2573 = ( GEOMETRIC_REPRESENTATION_CONTEXT(2) 
PARAMETRIC_REPRESENTATION_CONTEXT() REPRESENTATION_CONTEXT('2D SPACE',''
  ) );
#2574 = PCURVE('',#641,#2575);
#2575 = DEFINITIONAL_REPRESENTATION('',(#2576),#2580);
#2576 = LINE('',#2577,#2578);
#2577 = CARTESIAN_POINT('',(5.261886172335,0.));
#2578 = VECTOR('',#2579,1.);
#2579 = DIRECTION('',(0.,1.));
#2580 = ( GEOMETRIC_REPRESENTATION_CONTEXT(2) 
PARAMETRIC_REPRESENTATION_CONTEXT() REPRESENTATION_CONTEXT('2D SPACE',''
  ) );
#2581 = ORIENTED_EDGE('',*,*,#2582,.F.);
#2582 = EDGE_CURVE('',#2514,#2560,#2583,.T.);
#2583 = SURFACE_CURVE('',#2584,(#2588,#2594),.PCURVE_S1.);
#2584 = LINE('',#2585,#2586);
#2585 = CARTESIAN_POINT('',(2.630943086168,-48.,2.5));
#2586 = VECTOR('',#2587,1.);
#2587 = DIRECTION('',(-0.,0.,-1.));
#2588 = PCURVE('',#668,#2589);
#2589 = DEFINITIONAL_REPRESENTATION('',(#2590),#2593);
#2590 = B_SPLINE_CURVE_WITH_KNOTS('',1,(#2591,#2592),.UNSPECIFIED.,.F.,
  .F.,(2,2),(-92.5,-2.5),.PIECEWISE_BEZIER_KNOTS.);
#2591 = CARTESIAN_POINT('',(90.,-5.));
#2592 = CARTESIAN_POINT('',(0.,-5.));
#2593 = ( GEOMETRIC_REPRESENTATION_CONTEXT(2) 
PARAMETRIC_REPRESENTATION_CONTEXT() REPRESENTATION_CONTEXT('2D SPACE',''
  ) );
#2594 = PCURVE('',#1215,#2595);
#2595 = DEFINITIONAL_REPRESENTATION('',(#2596),#2599);
#2596 = B_SPLINE_CURVE_WITH_KNOTS('',1,(#2597,#2598),.UNSPECIFIED.,.F.,
  .F.,(2,2),(-92.5,-2.5),.PIECEWISE_BEZIER_KNOTS.);
#2597 = CARTESIAN_POINT('',(95.,44.130943086168));
#2598 = CARTESIAN_POINT('',(5.,44.130943086168));
#2599 = ( GEOMETRIC_REPRESENTATION_CONTEXT(2) 
PARAMETRIC_REPRESENTATION_CONTEXT() REPRESENTATION_CONTEXT('2D SPACE',''
  ) );
#2600 = ORIENTED_EDGE('',*,*,#2513,.F.);
#2601 = ADVANCED_FACE('',(#2602),#641,.T.);
#2602 = FACE_BOUND('',#2603,.T.);
#2603 = EDGE_LOOP('',(#2604,#2627,#2628,#2629));
#2604 = ORIENTED_EDGE('',*,*,#2605,.F.);
#2605 = EDGE_CURVE('',#599,#2606,#2608,.T.);
#2606 = VERTEX_POINT('',#2607);
#2607 = CARTESIAN_POINT('',(-2.630943086168,-48.,5.));
#2608 = SURFACE_CURVE('',#2609,(#2613,#2620),.PCURVE_S1.);
#2609 = LINE('',#2610,#2611);
#2610 = CARTESIAN_POINT('',(-2.630943086168,-53.,5.));
#2611 = VECTOR('',#2612,1.);
#2612 = DIRECTION('',(-0.,1.,0.));
#2613 = PCURVE('',#641,#2614);
#2614 = DEFINITIONAL_REPRESENTATION('',(#2615),#2619);
#2615 = LINE('',#2616,#2617);
#2616 = CARTESIAN_POINT('',(0.,0.));
#2617 = VECTOR('',#2618,1.);
#2618 = DIRECTION('',(0.,1.));
#2619 = ( GEOMETRIC_REPRESENTATION_CONTEXT(2) 
PARAMETRIC_REPRESENTATION_CONTEXT() REPRESENTATION_CONTEXT('2D SPACE',''
  ) );
#2620 = PCURVE('',#614,#2621);
#2621 = DEFINITIONAL_REPRESENTATION('',(#2622),#2626);
#2622 = LINE('',#2623,#2624);
#2623 = CARTESIAN_POINT('',(0.,0.));
#2624 = VECTOR('',#2625,1.);
#2625 = DIRECTION('',(0.,-1.));
#2626 = ( GEOMETRIC_REPRESENTATION_CONTEXT(2) 
PARAMETRIC_REPRESENTATION_CONTEXT() REPRESENTATION_CONTEXT('2D SPACE',''
  ) );
#2627 = ORIENTED_EDGE('',*,*,#625,.T.);
#2628 = ORIENTED_EDGE('',*,*,#2559,.T.);
#2629 = ORIENTED_EDGE('',*,*,#2630,.F.);
#2630 = EDGE_CURVE('',#2606,#2560,#2631,.T.);
#2631 = SURFACE_CURVE('',#2632,(#2636,#2642),.PCURVE_S1.);
#2632 = LINE('',#2633,#2634);
#2633 = CARTESIAN_POINT('',(-22.06547154308,-48.,5.));
#2634 = VECTOR('',#2635,1.);
#2635 = DIRECTION('',(1.,0.,-0.));
#2636 = PCURVE('',#641,#2637);
#2637 = DEFINITIONAL_REPRESENTATION('',(#2638),#2641);
#2638 = B_SPLINE_CURVE_WITH_KNOTS('',1,(#2639,#2640),.UNSPECIFIED.,.F.,
  .F.,(2,2),(19.434528456916,24.696414629251),.PIECEWISE_BEZIER_KNOTS.);
#2639 = CARTESIAN_POINT('',(0.,5.));
#2640 = CARTESIAN_POINT('',(5.261886172335,5.));
#2641 = ( GEOMETRIC_REPRESENTATION_CONTEXT(2) 
PARAMETRIC_REPRESENTATION_CONTEXT() REPRESENTATION_CONTEXT('2D SPACE',''
  ) );
#2642 = PCURVE('',#1215,#2643);
#2643 = DEFINITIONAL_REPRESENTATION('',(#2644),#2647);
#2644 = B_SPLINE_CURVE_WITH_KNOTS('',1,(#2645,#2646),.UNSPECIFIED.,.F.,
  .F.,(2,2),(19.434528456916,24.696414629251),.PIECEWISE_BEZIER_KNOTS.);
#2645 = CARTESIAN_POINT('',(5.,38.869056913832));
#2646 = CARTESIAN_POINT('',(5.,44.130943086168));
#2647 = ( GEOMETRIC_REPRESENTATION_CONTEXT(2) 
PARAMETRIC_REPRESENTATION_CONTEXT() REPRESENTATION_CONTEXT('2D SPACE',''
  ) );
#2648 = ADVANCED_FACE('',(#2649),#614,.T.);
#2649 = FACE_BOUND('',#2650,.T.);
#2650 = EDGE_LOOP('',(#2651,#2652,#2653,#2674));
#2651 = ORIENTED_EDGE('',*,*,#598,.T.);
#2652 = ORIENTED_EDGE('',*,*,#2605,.T.);
#2653 = ORIENTED_EDGE('',*,*,#2654,.F.);
#2654 = EDGE_CURVE('',#2655,#2606,#2657,.T.);
#2655 = VERTEX_POINT('',#2656);
#2656 = CARTESIAN_POINT('',(-2.630943086168,-48.,47.369056913832));
#2657 = SURFACE_CURVE('',#2658,(#2662,#2668),.PCURVE_S1.);
#2658 = LINE('',#2659,#2660);
#2659 = CARTESIAN_POINT('',(-2.630943086168,-48.,2.5));
#2660 = VECTOR('',#2661,1.);
#2661 = DIRECTION('',(-0.,0.,-1.));
#2662 = PCURVE('',#614,#2663);
#2663 = DEFINITIONAL_REPRESENTATION('',(#2664),#2667);
#2664 = B_SPLINE_CURVE_WITH_KNOTS('',1,(#2665,#2666),.UNSPECIFIED.,.F.,
  .F.,(2,2),(-92.5,-2.5),.PIECEWISE_BEZIER_KNOTS.);
#2665 = CARTESIAN_POINT('',(90.,-5.));
#2666 = CARTESIAN_POINT('',(0.,-5.));
#2667 = ( GEOMETRIC_REPRESENTATION_CONTEXT(2) 
PARAMETRIC_REPRESENTATION_CONTEXT() REPRESENTATION_CONTEXT('2D SPACE',''
  ) );
#2668 = PCURVE('',#1215,#2669);
#2669 = DEFINITIONAL_REPRESENTATION('',(#2670),#2673);
#2670 = B_SPLINE_CURVE_WITH_KNOTS('',1,(#2671,#2672),.UNSPECIFIED.,.F.,
  .F.,(2,2),(-92.5,-2.5),.PIECEWISE_BEZIER_KNOTS.);
#2671 = CARTESIAN_POINT('',(95.,38.869056913832));
#2672 = CARTESIAN_POINT('',(5.,38.869056913832));
#2673 = ( GEOMETRIC_REPRESENTATION_CONTEXT(2) 
PARAMETRIC_REPRESENTATION_CONTEXT() REPRESENTATION_CONTEXT('2D SPACE',''
  ) );
#2674 = ORIENTED_EDGE('',*,*,#2675,.F.);
#2675 = EDGE_CURVE('',#572,#2655,#2676,.T.);
#2676 = SURFACE_CURVE('',#2677,(#2681,#2687),.PCURVE_S1.);
#2677 = LINE('',#2678,#2679);
#2678 = CARTESIAN_POINT('',(-2.630943086168,-53.,47.369056913832));
#2679 = VECTOR('',#2680,1.);
#2680 = DIRECTION('',(-0.,1.,0.));
#2681 = PCURVE('',#614,#2682);
#2682 = DEFINITIONAL_REPRESENTATION('',(#2683),#2686);
#2683 = B_SPLINE_CURVE_WITH_KNOTS('',1,(#2684,#2685),.UNSPECIFIED.,.F.,
  .F.,(2,2),(0.,8.),.PIECEWISE_BEZIER_KNOTS.);
#2684 = CARTESIAN_POINT('',(42.369056913832,0.));
#2685 = CARTESIAN_POINT('',(42.369056913832,-8.));
#2686 = ( GEOMETRIC_REPRESENTATION_CONTEXT(2) 
PARAMETRIC_REPRESENTATION_CONTEXT() REPRESENTATION_CONTEXT('2D SPACE',''
  ) );
#2687 = PCURVE('',#587,#2688);
#2688 = DEFINITIONAL_REPRESENTATION('',(#2689),#2692);
#2689 = B_SPLINE_CURVE_WITH_KNOTS('',1,(#2690,#2691),.UNSPECIFIED.,.F.,
  .F.,(2,2),(0.,8.),.PIECEWISE_BEZIER_KNOTS.);
#2690 = CARTESIAN_POINT('',(33.869056913832,0.));
#2691 = CARTESIAN_POINT('',(33.869056913832,8.));
#2692 = ( GEOMETRIC_REPRESENTATION_CONTEXT(2) 
PARAMETRIC_REPRESENTATION_CONTEXT() REPRESENTATION_CONTEXT('2D SPACE',''
  ) );
#2693 = ADVANCED_FACE('',(#2694),#587,.T.);
#2694 = FACE_BOUND('',#2695,.T.);
#2695 = EDGE_LOOP('',(#2696,#2719,#2720,#2721));
#2696 = ORIENTED_EDGE('',*,*,#2697,.F.);
#2697 = EDGE_CURVE('',#545,#2698,#2700,.T.);
#2698 = VERTEX_POINT('',#2699);
#2699 = CARTESIAN_POINT('',(-36.5,-48.,47.369056913832));
#2700 = SURFACE_CURVE('',#2701,(#2705,#2712),.PCURVE_S1.);
#2701 = LINE('',#2702,#2703);
#2702 = CARTESIAN_POINT('',(-36.5,-53.,47.369056913832));
#2703 = VECTOR('',#2704,1.);
#2704 = DIRECTION('',(-0.,1.,0.));
#2705 = PCURVE('',#587,#2706);
#2706 = DEFINITIONAL_REPRESENTATION('',(#2707),#2711);
#2707 = LINE('',#2708,#2709);
#2708 = CARTESIAN_POINT('',(0.,0.));
#2709 = VECTOR('',#2710,1.);
#2710 = DIRECTION('',(0.,1.));
#2711 = ( GEOMETRIC_REPRESENTATION_CONTEXT(2) 
PARAMETRIC_REPRESENTATION_CONTEXT() REPRESENTATION_CONTEXT('2D SPACE',''
  ) );
#2712 = PCURVE('',#560,#2713);
#2713 = DEFINITIONAL_REPRESENTATION('',(#2714),#2718);
#2714 = LINE('',#2715,#2716);
#2715 = CARTESIAN_POINT('',(0.,0.));
#2716 = VECTOR('',#2717,1.);
#2717 = DIRECTION('',(0.,-1.));
#2718 = ( GEOMETRIC_REPRESENTATION_CONTEXT(2) 
PARAMETRIC_REPRESENTATION_CONTEXT() REPRESENTATION_CONTEXT('2D SPACE',''
  ) );
#2719 = ORIENTED_EDGE('',*,*,#571,.T.);
#2720 = ORIENTED_EDGE('',*,*,#2675,.T.);
#2721 = ORIENTED_EDGE('',*,*,#2722,.F.);
#2722 = EDGE_CURVE('',#2698,#2655,#2723,.T.);
#2723 = SURFACE_CURVE('',#2724,(#2728,#2734),.PCURVE_S1.);
#2724 = LINE('',#2725,#2726);
#2725 = CARTESIAN_POINT('',(-39.,-48.,47.369056913832));
#2726 = VECTOR('',#2727,1.);
#2727 = DIRECTION('',(1.,0.,-0.));
#2728 = PCURVE('',#587,#2729);
#2729 = DEFINITIONAL_REPRESENTATION('',(#2730),#2733);
#2730 = B_SPLINE_CURVE_WITH_KNOTS('',1,(#2731,#2732),.UNSPECIFIED.,.F.,
  .F.,(2,2),(2.5,75.5),.PIECEWISE_BEZIER_KNOTS.);
#2731 = CARTESIAN_POINT('',(0.,5.));
#2732 = CARTESIAN_POINT('',(73.,5.));
#2733 = ( GEOMETRIC_REPRESENTATION_CONTEXT(2) 
PARAMETRIC_REPRESENTATION_CONTEXT() REPRESENTATION_CONTEXT('2D SPACE',''
  ) );
#2734 = PCURVE('',#1215,#2735);
#2735 = DEFINITIONAL_REPRESENTATION('',(#2736),#2739);
#2736 = B_SPLINE_CURVE_WITH_KNOTS('',1,(#2737,#2738),.UNSPECIFIED.,.F.,
  .F.,(2,2),(2.5,75.5),.PIECEWISE_BEZIER_KNOTS.);
#2737 = CARTESIAN_POINT('',(47.369056913832,5.));
#2738 = CARTESIAN_POINT('',(47.369056913832,78.));
#2739 = ( GEOMETRIC_REPRESENTATION_CONTEXT(2) 
PARAMETRIC_REPRESENTATION_CONTEXT() REPRESENTATION_CONTEXT('2D SPACE',''
  ) );
#2740 = ADVANCED_FACE('',(#2741),#560,.T.);
#2741 = FACE_BOUND('',#2742,.T.);
#2742 = EDGE_LOOP('',(#2743,#2744,#2745,#2746));
#2743 = ORIENTED_EDGE('',*,*,#2213,.F.);
#2744 = ORIENTED_EDGE('',*,*,#542,.T.);
#2745 = ORIENTED_EDGE('',*,*,#2697,.T.);
#2746 = ORIENTED_EDGE('',*,*,#2747,.F.);
#2747 = EDGE_CURVE('',#2214,#2698,#2748,.T.);
#2748 = SURFACE_CURVE('',#2749,(#2753,#2759),.PCURVE_S1.);
#2749 = LINE('',#2750,#2751);
#2750 = CARTESIAN_POINT('',(-36.5,-48.,23.684528456916));
#2751 = VECTOR('',#2752,1.);
#2752 = DIRECTION('',(-0.,0.,-1.));
#2753 = PCURVE('',#560,#2754);
#2754 = DEFINITIONAL_REPRESENTATION('',(#2755),#2758);
#2755 = B_SPLINE_CURVE_WITH_KNOTS('',1,(#2756,#2757),.UNSPECIFIED.,.F.,
  .F.,(2,2),(-28.94641462925,-23.68452845691),.PIECEWISE_BEZIER_KNOTS.);
#2756 = CARTESIAN_POINT('',(5.261886172335,-5.));
#2757 = CARTESIAN_POINT('',(0.,-5.));
#2758 = ( GEOMETRIC_REPRESENTATION_CONTEXT(2) 
PARAMETRIC_REPRESENTATION_CONTEXT() REPRESENTATION_CONTEXT('2D SPACE',''
  ) );
#2759 = PCURVE('',#1215,#2760);
#2760 = DEFINITIONAL_REPRESENTATION('',(#2761),#2764);
#2761 = B_SPLINE_CURVE_WITH_KNOTS('',1,(#2762,#2763),.UNSPECIFIED.,.F.,
  .F.,(2,2),(-28.94641462925,-23.68452845691),.PIECEWISE_BEZIER_KNOTS.);
#2762 = CARTESIAN_POINT('',(52.630943086168,5.));
#2763 = CARTESIAN_POINT('',(47.369056913832,5.));
#2764 = ( GEOMETRIC_REPRESENTATION_CONTEXT(2) 
PARAMETRIC_REPRESENTATION_CONTEXT() REPRESENTATION_CONTEXT('2D SPACE',''
  ) );
#2765 = ADVANCED_FACE('',(#2766,#2792),#963,.T.);
#2766 = FACE_BOUND('',#2767,.T.);
#2767 = EDGE_LOOP('',(#2768,#2769,#2770,#2791));
#2768 = ORIENTED_EDGE('',*,*,#1584,.F.);
#2769 = ORIENTED_EDGE('',*,*,#1329,.T.);
#2770 = ORIENTED_EDGE('',*,*,#2771,.T.);
#2771 = EDGE_CURVE('',#1330,#948,#2772,.T.);
#2772 = SURFACE_CURVE('',#2773,(#2777,#2784),.PCURVE_S1.);
#2773 = LINE('',#2774,#2775);
#2774 = CARTESIAN_POINT('',(-48.,41.5,0.));
#2775 = VECTOR('',#2776,1.);
#2776 = DIRECTION('',(0.,0.,1.));
#2777 = PCURVE('',#963,#2778);
#2778 = DEFINITIONAL_REPRESENTATION('',(#2779),#2783);
#2779 = LINE('',#2780,#2781);
#2780 = CARTESIAN_POINT('',(0.,-83.));
#2781 = VECTOR('',#2782,1.);
#2782 = DIRECTION('',(1.,0.));
#2783 = ( GEOMETRIC_REPRESENTATION_CONTEXT(2) 
PARAMETRIC_REPRESENTATION_CONTEXT() REPRESENTATION_CONTEXT('2D SPACE',''
  ) );
#2784 = PCURVE('',#991,#2785);
#2785 = DEFINITIONAL_REPRESENTATION('',(#2786),#2790);
#2786 = LINE('',#2787,#2788);
#2787 = CARTESIAN_POINT('',(0.,2.));
#2788 = VECTOR('',#2789,1.);
#2789 = DIRECTION('',(1.,0.));
#2790 = ( GEOMETRIC_REPRESENTATION_CONTEXT(2) 
PARAMETRIC_REPRESENTATION_CONTEXT() REPRESENTATION_CONTEXT('2D SPACE',''
  ) );
#2791 = ORIENTED_EDGE('',*,*,#947,.F.);
#2792 = FACE_BOUND('',#2793,.T.);
#2793 = EDGE_LOOP('',(#2794,#2795,#2796,#2797,#2798,#2799,#2800,#2801,
    #2802,#2803,#2804,#2805));
#2794 = ORIENTED_EDGE('',*,*,#1680,.T.);
#2795 = ORIENTED_EDGE('',*,*,#2189,.T.);
#2796 = ORIENTED_EDGE('',*,*,#2164,.F.);
#2797 = ORIENTED_EDGE('',*,*,#2096,.T.);
#2798 = ORIENTED_EDGE('',*,*,#2072,.F.);
#2799 = ORIENTED_EDGE('',*,*,#2002,.F.);
#2800 = ORIENTED_EDGE('',*,*,#1978,.F.);
#2801 = ORIENTED_EDGE('',*,*,#1933,.F.);
#2802 = ORIENTED_EDGE('',*,*,#1864,.T.);
#2803 = ORIENTED_EDGE('',*,*,#1818,.F.);
#2804 = ORIENTED_EDGE('',*,*,#1772,.T.);
#2805 = ORIENTED_EDGE('',*,*,#1724,.T.);
#2806 = ADVANCED_FACE('',(#2807,#2833),#1215,.T.);
#2807 = FACE_BOUND('',#2808,.T.);
#2808 = EDGE_LOOP('',(#2809,#2810,#2811,#2812));
#2809 = ORIENTED_EDGE('',*,*,#1536,.F.);
#2810 = ORIENTED_EDGE('',*,*,#1630,.T.);
#2811 = ORIENTED_EDGE('',*,*,#1199,.T.);
#2812 = ORIENTED_EDGE('',*,*,#2813,.F.);
#2813 = EDGE_CURVE('',#1514,#1172,#2814,.T.);
#2814 = SURFACE_CURVE('',#2815,(#2819,#2826),.PCURVE_S1.);
#2815 = LINE('',#2816,#2817);
#2816 = CARTESIAN_POINT('',(41.5,-48.,0.));
#2817 = VECTOR('',#2818,1.);
#2818 = DIRECTION('',(0.,0.,1.));
#2819 = PCURVE('',#1215,#2820);
#2820 = DEFINITIONAL_REPRESENTATION('',(#2821),#2825);
#2821 = LINE('',#2822,#2823);
#2822 = CARTESIAN_POINT('',(0.,83.));
#2823 = VECTOR('',#2824,1.);
#2824 = DIRECTION('',(1.,0.));
#2825 = ( GEOMETRIC_REPRESENTATION_CONTEXT(2) 
PARAMETRIC_REPRESENTATION_CONTEXT() REPRESENTATION_CONTEXT('2D SPACE',''
  ) );
#2826 = PCURVE('',#1187,#2827);
#2827 = DEFINITIONAL_REPRESENTATION('',(#2828),#2832);
#2828 = LINE('',#2829,#2830);
#2829 = CARTESIAN_POINT('',(0.,-2.));
#2830 = VECTOR('',#2831,1.);
#2831 = DIRECTION('',(1.,0.));
#2832 = ( GEOMETRIC_REPRESENTATION_CONTEXT(2) 
PARAMETRIC_REPRESENTATION_CONTEXT() REPRESENTATION_CONTEXT('2D SPACE',''
  ) );
#2833 = FACE_BOUND('',#2834,.T.);
#2834 = EDGE_LOOP('',(#2835,#2836,#2837,#2838,#2839,#2840,#2841,#2842,
    #2843,#2844,#2845,#2846));
#2835 = ORIENTED_EDGE('',*,*,#2258,.F.);
#2836 = ORIENTED_EDGE('',*,*,#2747,.T.);
#2837 = ORIENTED_EDGE('',*,*,#2722,.T.);
#2838 = ORIENTED_EDGE('',*,*,#2654,.T.);
#2839 = ORIENTED_EDGE('',*,*,#2630,.T.);
#2840 = ORIENTED_EDGE('',*,*,#2582,.F.);
#2841 = ORIENTED_EDGE('',*,*,#2536,.T.);
#2842 = ORIENTED_EDGE('',*,*,#2491,.F.);
#2843 = ORIENTED_EDGE('',*,*,#2444,.F.);
#2844 = ORIENTED_EDGE('',*,*,#2396,.F.);
#2845 = ORIENTED_EDGE('',*,*,#2352,.F.);
#2846 = ORIENTED_EDGE('',*,*,#2282,.T.);
#2847 = ADVANCED_FACE('',(#2848,#2874),#100,.T.);
#2848 = FACE_BOUND('',#2849,.T.);
#2849 = EDGE_LOOP('',(#2850,#2851,#2852,#2853));
#2850 = ORIENTED_EDGE('',*,*,#1280,.F.);
#2851 = ORIENTED_EDGE('',*,*,#84,.T.);
#2852 = ORIENTED_EDGE('',*,*,#894,.F.);
#2853 = ORIENTED_EDGE('',*,*,#2854,.F.);
#2854 = EDGE_CURVE('',#1258,#872,#2855,.T.);
#2855 = SURFACE_CURVE('',#2856,(#2860,#2867),.PCURVE_S1.);
#2856 = LINE('',#2857,#2858);
#2857 = CARTESIAN_POINT('',(50.,50.,0.));
#2858 = VECTOR('',#2859,1.);
#2859 = DIRECTION('',(0.,0.,1.));
#2860 = PCURVE('',#100,#2861);
#2861 = DEFINITIONAL_REPRESENTATION('',(#2862),#2866);
#2862 = LINE('',#2863,#2864);
#2863 = CARTESIAN_POINT('',(0.,100.));
#2864 = VECTOR('',#2865,1.);
#2865 = DIRECTION('',(1.,0.));
#2866 = ( GEOMETRIC_REPRESENTATION_CONTEXT(2) 
PARAMETRIC_REPRESENTATION_CONTEXT() REPRESENTATION_CONTEXT('2D SPACE',''
  ) );
#2867 = PCURVE('',#528,#2868);
#2868 = DEFINITIONAL_REPRESENTATION('',(#2869),#2873);
#2869 = LINE('',#2870,#2871);
#2870 = CARTESIAN_POINT('',(0.,-100.));
#2871 = VECTOR('',#2872,1.);
#2872 = DIRECTION('',(1.,0.));
#2873 = ( GEOMETRIC_REPRESENTATION_CONTEXT(2) 
PARAMETRIC_REPRESENTATION_CONTEXT() REPRESENTATION_CONTEXT('2D SPACE',''
  ) );
#2874 = FACE_BOUND('',#2875,.T.);
#2875 = EDGE_LOOP('',(#2876,#2905,#2932,#2959,#2986,#3013,#3040,#3067,
    #3094,#3121,#3148,#3175));
#2876 = ORIENTED_EDGE('',*,*,#2877,.T.);
#2877 = EDGE_CURVE('',#2878,#2880,#2882,.T.);
#2878 = VERTEX_POINT('',#2879);
#2879 = CARTESIAN_POINT('',(-36.5,50.,52.630943086168));
#2880 = VERTEX_POINT('',#2881);
#2881 = CARTESIAN_POINT('',(-36.5,50.,47.369056913832));
#2882 = SURFACE_CURVE('',#2883,(#2887,#2894),.PCURVE_S1.);
#2883 = LINE('',#2884,#2885);
#2884 = CARTESIAN_POINT('',(-36.5,50.,23.684528456916));
#2885 = VECTOR('',#2886,1.);
#2886 = DIRECTION('',(-0.,0.,-1.));
#2887 = PCURVE('',#100,#2888);
#2888 = DEFINITIONAL_REPRESENTATION('',(#2889),#2893);
#2889 = LINE('',#2890,#2891);
#2890 = CARTESIAN_POINT('',(23.684528456916,13.5));
#2891 = VECTOR('',#2892,1.);
#2892 = DIRECTION('',(-1.,0.));
#2893 = ( GEOMETRIC_REPRESENTATION_CONTEXT(2) 
PARAMETRIC_REPRESENTATION_CONTEXT() REPRESENTATION_CONTEXT('2D SPACE',''
  ) );
#2894 = PCURVE('',#2895,#2900);
#2895 = PLANE('',#2896);
#2896 = AXIS2_PLACEMENT_3D('',#2897,#2898,#2899);
#2897 = CARTESIAN_POINT('',(-36.5,45.,47.369056913832));
#2898 = DIRECTION('',(1.,0.,-0.));
#2899 = DIRECTION('',(0.,0.,1.));
#2900 = DEFINITIONAL_REPRESENTATION('',(#2901),#2904);
#2901 = B_SPLINE_CURVE_WITH_KNOTS('',1,(#2902,#2903),.UNSPECIFIED.,.F.,
  .F.,(2,2),(-28.94641462925,-23.68452845691),.PIECEWISE_BEZIER_KNOTS.);
#2902 = CARTESIAN_POINT('',(5.261886172335,-5.));
#2903 = CARTESIAN_POINT('',(0.,-5.));
#2904 = ( GEOMETRIC_REPRESENTATION_CONTEXT(2) 
PARAMETRIC_REPRESENTATION_CONTEXT() REPRESENTATION_CONTEXT('2D SPACE',''
  ) );
#2905 = ORIENTED_EDGE('',*,*,#2906,.T.);
#2906 = EDGE_CURVE('',#2880,#2907,#2909,.T.);
#2907 = VERTEX_POINT('',#2908);
#2908 = CARTESIAN_POINT('',(-2.630943086168,50.,47.369056913832));
#2909 = SURFACE_CURVE('',#2910,(#2914,#2921),.PCURVE_S1.);
#2910 = LINE('',#2911,#2912);
#2911 = CARTESIAN_POINT('',(-39.,50.,47.369056913832));
#2912 = VECTOR('',#2913,1.);
#2913 = DIRECTION('',(1.,0.,-0.));
#2914 = PCURVE('',#100,#2915);
#2915 = DEFINITIONAL_REPRESENTATION('',(#2916),#2920);
#2916 = LINE('',#2917,#2918);
#2917 = CARTESIAN_POINT('',(47.369056913832,11.));
#2918 = VECTOR('',#2919,1.);
#2919 = DIRECTION('',(0.,1.));
#2920 = ( GEOMETRIC_REPRESENTATION_CONTEXT(2) 
PARAMETRIC_REPRESENTATION_CONTEXT() REPRESENTATION_CONTEXT('2D SPACE',''
  ) );
#2921 = PCURVE('',#2922,#2927);
#2922 = PLANE('',#2923);
#2923 = AXIS2_PLACEMENT_3D('',#2924,#2925,#2926);
#2924 = CARTESIAN_POINT('',(-36.5,45.,47.369056913832));
#2925 = DIRECTION('',(0.,0.,1.));
#2926 = DIRECTION('',(1.,0.,-0.));
#2927 = DEFINITIONAL_REPRESENTATION('',(#2928),#2931);
#2928 = B_SPLINE_CURVE_WITH_KNOTS('',1,(#2929,#2930),.UNSPECIFIED.,.F.,
  .F.,(2,2),(2.5,75.5),.PIECEWISE_BEZIER_KNOTS.);
#2929 = CARTESIAN_POINT('',(0.,5.));
#2930 = CARTESIAN_POINT('',(73.,5.));
#2931 = ( GEOMETRIC_REPRESENTATION_CONTEXT(2) 
PARAMETRIC_REPRESENTATION_CONTEXT() REPRESENTATION_CONTEXT('2D SPACE',''
  ) );
#2932 = ORIENTED_EDGE('',*,*,#2933,.T.);
#2933 = EDGE_CURVE('',#2907,#2934,#2936,.T.);
#2934 = VERTEX_POINT('',#2935);
#2935 = CARTESIAN_POINT('',(-2.630943086168,50.,5.));
#2936 = SURFACE_CURVE('',#2937,(#2941,#2948),.PCURVE_S1.);
#2937 = LINE('',#2938,#2939);
#2938 = CARTESIAN_POINT('',(-2.630943086168,50.,2.5));
#2939 = VECTOR('',#2940,1.);
#2940 = DIRECTION('',(-0.,0.,-1.));
#2941 = PCURVE('',#100,#2942);
#2942 = DEFINITIONAL_REPRESENTATION('',(#2943),#2947);
#2943 = LINE('',#2944,#2945);
#2944 = CARTESIAN_POINT('',(2.5,47.369056913832));
#2945 = VECTOR('',#2946,1.);
#2946 = DIRECTION('',(-1.,0.));
#2947 = ( GEOMETRIC_REPRESENTATION_CONTEXT(2) 
PARAMETRIC_REPRESENTATION_CONTEXT() REPRESENTATION_CONTEXT('2D SPACE',''
  ) );
#2948 = PCURVE('',#2949,#2954);
#2949 = PLANE('',#2950);
#2950 = AXIS2_PLACEMENT_3D('',#2951,#2952,#2953);
#2951 = CARTESIAN_POINT('',(-2.630943086168,45.,5.));
#2952 = DIRECTION('',(1.,0.,-0.));
#2953 = DIRECTION('',(0.,0.,1.));
#2954 = DEFINITIONAL_REPRESENTATION('',(#2955),#2958);
#2955 = B_SPLINE_CURVE_WITH_KNOTS('',1,(#2956,#2957),.UNSPECIFIED.,.F.,
  .F.,(2,2),(-92.5,-2.5),.PIECEWISE_BEZIER_KNOTS.);
#2956 = CARTESIAN_POINT('',(90.,-5.));
#2957 = CARTESIAN_POINT('',(0.,-5.));
#2958 = ( GEOMETRIC_REPRESENTATION_CONTEXT(2) 
PARAMETRIC_REPRESENTATION_CONTEXT() REPRESENTATION_CONTEXT('2D SPACE',''
  ) );
#2959 = ORIENTED_EDGE('',*,*,#2960,.T.);
#2960 = EDGE_CURVE('',#2934,#2961,#2963,.T.);
#2961 = VERTEX_POINT('',#2962);
#2962 = CARTESIAN_POINT('',(2.630943086168,50.,5.));
#2963 = SURFACE_CURVE('',#2964,(#2968,#2975),.PCURVE_S1.);
#2964 = LINE('',#2965,#2966);
#2965 = CARTESIAN_POINT('',(-22.06547154308,50.,5.));
#2966 = VECTOR('',#2967,1.);
#2967 = DIRECTION('',(1.,0.,-0.));
#2968 = PCURVE('',#100,#2969);
#2969 = DEFINITIONAL_REPRESENTATION('',(#2970),#2974);
#2970 = LINE('',#2971,#2972);
#2971 = CARTESIAN_POINT('',(5.,27.934528456916));
#2972 = VECTOR('',#2973,1.);
#2973 = DIRECTION('',(0.,1.));
#2974 = ( GEOMETRIC_REPRESENTATION_CONTEXT(2) 
PARAMETRIC_REPRESENTATION_CONTEXT() REPRESENTATION_CONTEXT('2D SPACE',''
  ) );
#2975 = PCURVE('',#2976,#2981);
#2976 = PLANE('',#2977);
#2977 = AXIS2_PLACEMENT_3D('',#2978,#2979,#2980);
#2978 = CARTESIAN_POINT('',(-2.630943086168,45.,5.));
#2979 = DIRECTION('',(0.,0.,1.));
#2980 = DIRECTION('',(1.,0.,-0.));
#2981 = DEFINITIONAL_REPRESENTATION('',(#2982),#2985);
#2982 = B_SPLINE_CURVE_WITH_KNOTS('',1,(#2983,#2984),.UNSPECIFIED.,.F.,
  .F.,(2,2),(19.434528456916,24.696414629251),.PIECEWISE_BEZIER_KNOTS.);
#2983 = CARTESIAN_POINT('',(0.,5.));
#2984 = CARTESIAN_POINT('',(5.261886172335,5.));
#2985 = ( GEOMETRIC_REPRESENTATION_CONTEXT(2) 
PARAMETRIC_REPRESENTATION_CONTEXT() REPRESENTATION_CONTEXT('2D SPACE',''
  ) );
#2986 = ORIENTED_EDGE('',*,*,#2987,.F.);
#2987 = EDGE_CURVE('',#2988,#2961,#2990,.T.);
#2988 = VERTEX_POINT('',#2989);
#2989 = CARTESIAN_POINT('',(2.630943086168,50.,47.369056913832));
#2990 = SURFACE_CURVE('',#2991,(#2995,#3002),.PCURVE_S1.);
#2991 = LINE('',#2992,#2993);
#2992 = CARTESIAN_POINT('',(2.630943086168,50.,2.5));
#2993 = VECTOR('',#2994,1.);
#2994 = DIRECTION('',(-0.,0.,-1.));
#2995 = PCURVE('',#100,#2996);
#2996 = DEFINITIONAL_REPRESENTATION('',(#2997),#3001);
#2997 = LINE('',#2998,#2999);
#2998 = CARTESIAN_POINT('',(2.5,52.630943086168));
#2999 = VECTOR('',#3000,1.);
#3000 = DIRECTION('',(-1.,0.));
#3001 = ( GEOMETRIC_REPRESENTATION_CONTEXT(2) 
PARAMETRIC_REPRESENTATION_CONTEXT() REPRESENTATION_CONTEXT('2D SPACE',''
  ) );
#3002 = PCURVE('',#3003,#3008);
#3003 = PLANE('',#3004);
#3004 = AXIS2_PLACEMENT_3D('',#3005,#3006,#3007);
#3005 = CARTESIAN_POINT('',(2.630943086168,45.,5.));
#3006 = DIRECTION('',(1.,0.,-0.));
#3007 = DIRECTION('',(0.,0.,1.));
#3008 = DEFINITIONAL_REPRESENTATION('',(#3009),#3012);
#3009 = B_SPLINE_CURVE_WITH_KNOTS('',1,(#3010,#3011),.UNSPECIFIED.,.F.,
  .F.,(2,2),(-92.5,-2.5),.PIECEWISE_BEZIER_KNOTS.);
#3010 = CARTESIAN_POINT('',(90.,-5.));
#3011 = CARTESIAN_POINT('',(0.,-5.));
#3012 = ( GEOMETRIC_REPRESENTATION_CONTEXT(2) 
PARAMETRIC_REPRESENTATION_CONTEXT() REPRESENTATION_CONTEXT('2D SPACE',''
  ) );
#3013 = ORIENTED_EDGE('',*,*,#3014,.T.);
#3014 = EDGE_CURVE('',#2988,#3015,#3017,.T.);
#3015 = VERTEX_POINT('',#3016);
#3016 = CARTESIAN_POINT('',(36.5,50.,47.369056913832));
#3017 = SURFACE_CURVE('',#3018,(#3022,#3029),.PCURVE_S1.);
#3018 = LINE('',#3019,#3020);
#3019 = CARTESIAN_POINT('',(-39.,50.,47.369056913832));
#3020 = VECTOR('',#3021,1.);
#3021 = DIRECTION('',(1.,0.,-0.));
#3022 = PCURVE('',#100,#3023);
#3023 = DEFINITIONAL_REPRESENTATION('',(#3024),#3028);
#3024 = LINE('',#3025,#3026);
#3025 = CARTESIAN_POINT('',(47.369056913832,11.));
#3026 = VECTOR('',#3027,1.);
#3027 = DIRECTION('',(0.,1.));
#3028 = ( GEOMETRIC_REPRESENTATION_CONTEXT(2) 
PARAMETRIC_REPRESENTATION_CONTEXT() REPRESENTATION_CONTEXT('2D SPACE',''
  ) );
#3029 = PCURVE('',#3030,#3035);
#3030 = PLANE('',#3031);
#3031 = AXIS2_PLACEMENT_3D('',#3032,#3033,#3034);
#3032 = CARTESIAN_POINT('',(-36.5,45.,47.369056913832));
#3033 = DIRECTION('',(0.,0.,1.));
#3034 = DIRECTION('',(1.,0.,-0.));
#3035 = DEFINITIONAL_REPRESENTATION('',(#3036),#3039);
#3036 = B_SPLINE_CURVE_WITH_KNOTS('',1,(#3037,#3038),.UNSPECIFIED.,.F.,
  .F.,(2,2),(2.5,75.5),.PIECEWISE_BEZIER_KNOTS.);
#3037 = CARTESIAN_POINT('',(0.,5.));
#3038 = CARTESIAN_POINT('',(73.,5.));
#3039 = ( GEOMETRIC_REPRESENTATION_CONTEXT(2) 
PARAMETRIC_REPRESENTATION_CONTEXT() REPRESENTATION_CONTEXT('2D SPACE',''
  ) );
#3040 = ORIENTED_EDGE('',*,*,#3041,.F.);
#3041 = EDGE_CURVE('',#3042,#3015,#3044,.T.);
#3042 = VERTEX_POINT('',#3043);
#3043 = CARTESIAN_POINT('',(36.5,50.,52.630943086168));
#3044 = SURFACE_CURVE('',#3045,(#3049,#3056),.PCURVE_S1.);
#3045 = LINE('',#3046,#3047);
#3046 = CARTESIAN_POINT('',(36.5,50.,23.684528456916));
#3047 = VECTOR('',#3048,1.);
#3048 = DIRECTION('',(-0.,0.,-1.));
#3049 = PCURVE('',#100,#3050);
#3050 = DEFINITIONAL_REPRESENTATION('',(#3051),#3055);
#3051 = LINE('',#3052,#3053);
#3052 = CARTESIAN_POINT('',(23.684528456916,86.5));
#3053 = VECTOR('',#3054,1.);
#3054 = DIRECTION('',(-1.,0.));
#3055 = ( GEOMETRIC_REPRESENTATION_CONTEXT(2) 
PARAMETRIC_REPRESENTATION_CONTEXT() REPRESENTATION_CONTEXT('2D SPACE',''
  ) );
#3056 = PCURVE('',#3057,#3062);
#3057 = PLANE('',#3058);
#3058 = AXIS2_PLACEMENT_3D('',#3059,#3060,#3061);
#3059 = CARTESIAN_POINT('',(36.5,45.,47.369056913832));
#3060 = DIRECTION('',(1.,0.,-0.));
#3061 = DIRECTION('',(0.,0.,1.));
#3062 = DEFINITIONAL_REPRESENTATION('',(#3063),#3066);
#3063 = B_SPLINE_CURVE_WITH_KNOTS('',1,(#3064,#3065),.UNSPECIFIED.,.F.,
  .F.,(2,2),(-28.94641462925,-23.68452845691),.PIECEWISE_BEZIER_KNOTS.);
#3064 = CARTESIAN_POINT('',(5.261886172335,-5.));
#3065 = CARTESIAN_POINT('',(0.,-5.));
#3066 = ( GEOMETRIC_REPRESENTATION_CONTEXT(2) 
PARAMETRIC_REPRESENTATION_CONTEXT() REPRESENTATION_CONTEXT('2D SPACE',''
  ) );
#3067 = ORIENTED_EDGE('',*,*,#3068,.F.);
#3068 = EDGE_CURVE('',#3069,#3042,#3071,.T.);
#3069 = VERTEX_POINT('',#3070);
#3070 = CARTESIAN_POINT('',(2.630943086168,50.,52.630943086168));
#3071 = SURFACE_CURVE('',#3072,(#3076,#3083),.PCURVE_S1.);
#3072 = LINE('',#3073,#3074);
#3073 = CARTESIAN_POINT('',(-39.,50.,52.630943086168));
#3074 = VECTOR('',#3075,1.);
#3075 = DIRECTION('',(1.,0.,-0.));
#3076 = PCURVE('',#100,#3077);
#3077 = DEFINITIONAL_REPRESENTATION('',(#3078),#3082);
#3078 = LINE('',#3079,#3080);
#3079 = CARTESIAN_POINT('',(52.630943086168,11.));
#3080 = VECTOR('',#3081,1.);
#3081 = DIRECTION('',(0.,1.));
#3082 = ( GEOMETRIC_REPRESENTATION_CONTEXT(2) 
PARAMETRIC_REPRESENTATION_CONTEXT() REPRESENTATION_CONTEXT('2D SPACE',''
  ) );
#3083 = PCURVE('',#3084,#3089);
#3084 = PLANE('',#3085);
#3085 = AXIS2_PLACEMENT_3D('',#3086,#3087,#3088);
#3086 = CARTESIAN_POINT('',(-36.5,45.,52.630943086168));
#3087 = DIRECTION('',(0.,0.,1.));
#3088 = DIRECTION('',(1.,0.,-0.));
#3089 = DEFINITIONAL_REPRESENTATION('',(#3090),#3093);
#3090 = B_SPLINE_CURVE_WITH_KNOTS('',1,(#3091,#3092),.UNSPECIFIED.,.F.,
  .F.,(2,2),(2.5,75.5),.PIECEWISE_BEZIER_KNOTS.);
#3091 = CARTESIAN_POINT('',(0.,5.));
#3092 = CARTESIAN_POINT('',(73.,5.));
#3093 = ( GEOMETRIC_REPRESENTATION_CONTEXT(2) 
PARAMETRIC_REPRESENTATION_CONTEXT() REPRESENTATION_CONTEXT('2D SPACE',''
  ) );
#3094 = ORIENTED_EDGE('',*,*,#3095,.F.);
#3095 = EDGE_CURVE('',#3096,#3069,#3098,.T.);
#3096 = VERTEX_POINT('',#3097);
#3097 = CARTESIAN_POINT('',(2.630943086168,50.,95.));
#3098 = SURFACE_CURVE('',#3099,(#3103,#3110),.PCURVE_S1.);
#3099 = LINE('',#3100,#3101);
#3100 = CARTESIAN_POINT('',(2.630943086168,50.,2.5));
#3101 = VECTOR('',#3102,1.);
#3102 = DIRECTION('',(-0.,0.,-1.));
#3103 = PCURVE('',#100,#3104);
#3104 = DEFINITIONAL_REPRESENTATION('',(#3105),#3109);
#3105 = LINE('',#3106,#3107);
#3106 = CARTESIAN_POINT('',(2.5,52.630943086168));
#3107 = VECTOR('',#3108,1.);
#3108 = DIRECTION('',(-1.,0.));
#3109 = ( GEOMETRIC_REPRESENTATION_CONTEXT(2) 
PARAMETRIC_REPRESENTATION_CONTEXT() REPRESENTATION_CONTEXT('2D SPACE',''
  ) );
#3110 = PCURVE('',#3111,#3116);
#3111 = PLANE('',#3112);
#3112 = AXIS2_PLACEMENT_3D('',#3113,#3114,#3115);
#3113 = CARTESIAN_POINT('',(2.630943086168,45.,5.));
#3114 = DIRECTION('',(1.,0.,-0.));
#3115 = DIRECTION('',(0.,0.,1.));
#3116 = DEFINITIONAL_REPRESENTATION('',(#3117),#3120);
#3117 = B_SPLINE_CURVE_WITH_KNOTS('',1,(#3118,#3119),.UNSPECIFIED.,.F.,
  .F.,(2,2),(-92.5,-2.5),.PIECEWISE_BEZIER_KNOTS.);
#3118 = CARTESIAN_POINT('',(90.,-5.));
#3119 = CARTESIAN_POINT('',(0.,-5.));
#3120 = ( GEOMETRIC_REPRESENTATION_CONTEXT(2) 
PARAMETRIC_REPRESENTATION_CONTEXT() REPRESENTATION_CONTEXT('2D SPACE',''
  ) );
#3121 = ORIENTED_EDGE('',*,*,#3122,.F.);
#3122 = EDGE_CURVE('',#3123,#3096,#3125,.T.);
#3123 = VERTEX_POINT('',#3124);
#3124 = CARTESIAN_POINT('',(-2.630943086168,50.,95.));
#3125 = SURFACE_CURVE('',#3126,(#3130,#3137),.PCURVE_S1.);
#3126 = LINE('',#3127,#3128);
#3127 = CARTESIAN_POINT('',(-22.06547154308,50.,95.));
#3128 = VECTOR('',#3129,1.);
#3129 = DIRECTION('',(1.,0.,-0.));
#3130 = PCURVE('',#100,#3131);
#3131 = DEFINITIONAL_REPRESENTATION('',(#3132),#3136);
#3132 = LINE('',#3133,#3134);
#3133 = CARTESIAN_POINT('',(95.,27.934528456916));
#3134 = VECTOR('',#3135,1.);
#3135 = DIRECTION('',(0.,1.));
#3136 = ( GEOMETRIC_REPRESENTATION_CONTEXT(2) 
PARAMETRIC_REPRESENTATION_CONTEXT() REPRESENTATION_CONTEXT('2D SPACE',''
  ) );
#3137 = PCURVE('',#3138,#3143);
#3138 = PLANE('',#3139);
#3139 = AXIS2_PLACEMENT_3D('',#3140,#3141,#3142);
#3140 = CARTESIAN_POINT('',(-2.630943086168,45.,95.));
#3141 = DIRECTION('',(0.,0.,1.));
#3142 = DIRECTION('',(1.,0.,-0.));
#3143 = DEFINITIONAL_REPRESENTATION('',(#3144),#3147);
#3144 = B_SPLINE_CURVE_WITH_KNOTS('',1,(#3145,#3146),.UNSPECIFIED.,.F.,
  .F.,(2,2),(19.434528456916,24.696414629251),.PIECEWISE_BEZIER_KNOTS.);
#3145 = CARTESIAN_POINT('',(0.,5.));
#3146 = CARTESIAN_POINT('',(5.261886172335,5.));
#3147 = ( GEOMETRIC_REPRESENTATION_CONTEXT(2) 
PARAMETRIC_REPRESENTATION_CONTEXT() REPRESENTATION_CONTEXT('2D SPACE',''
  ) );
#3148 = ORIENTED_EDGE('',*,*,#3149,.T.);
#3149 = EDGE_CURVE('',#3123,#3150,#3152,.T.);
#3150 = VERTEX_POINT('',#3151);
#3151 = CARTESIAN_POINT('',(-2.630943086168,50.,52.630943086168));
#3152 = SURFACE_CURVE('',#3153,(#3157,#3164),.PCURVE_S1.);
#3153 = LINE('',#3154,#3155);
#3154 = CARTESIAN_POINT('',(-2.630943086168,50.,2.5));
#3155 = VECTOR('',#3156,1.);
#3156 = DIRECTION('',(-0.,0.,-1.));
#3157 = PCURVE('',#100,#3158);
#3158 = DEFINITIONAL_REPRESENTATION('',(#3159),#3163);
#3159 = LINE('',#3160,#3161);
#3160 = CARTESIAN_POINT('',(2.5,47.369056913832));
#3161 = VECTOR('',#3162,1.);
#3162 = DIRECTION('',(-1.,0.));
#3163 = ( GEOMETRIC_REPRESENTATION_CONTEXT(2) 
PARAMETRIC_REPRESENTATION_CONTEXT() REPRESENTATION_CONTEXT('2D SPACE',''
  ) );
#3164 = PCURVE('',#3165,#3170);
#3165 = PLANE('',#3166);
#3166 = AXIS2_PLACEMENT_3D('',#3167,#3168,#3169);
#3167 = CARTESIAN_POINT('',(-2.630943086168,45.,5.));
#3168 = DIRECTION('',(1.,0.,-0.));
#3169 = DIRECTION('',(0.,0.,1.));
#3170 = DEFINITIONAL_REPRESENTATION('',(#3171),#3174);
#3171 = B_SPLINE_CURVE_WITH_KNOTS('',1,(#3172,#3173),.UNSPECIFIED.,.F.,
  .F.,(2,2),(-92.5,-2.5),.PIECEWISE_BEZIER_KNOTS.);
#3172 = CARTESIAN_POINT('',(90.,-5.));
#3173 = CARTESIAN_POINT('',(0.,-5.));
#3174 = ( GEOMETRIC_REPRESENTATION_CONTEXT(2) 
PARAMETRIC_REPRESENTATION_CONTEXT() REPRESENTATION_CONTEXT('2D SPACE',''
  ) );
#3175 = ORIENTED_EDGE('',*,*,#3176,.F.);
#3176 = EDGE_CURVE('',#2878,#3150,#3177,.T.);
#3177 = SURFACE_CURVE('',#3178,(#3182,#3189),.PCURVE_S1.);
#3178 = LINE('',#3179,#3180);
#3179 = CARTESIAN_POINT('',(-39.,50.,52.630943086168));
#3180 = VECTOR('',#3181,1.);
#3181 = DIRECTION('',(1.,0.,-0.));
#3182 = PCURVE('',#100,#3183);
#3183 = DEFINITIONAL_REPRESENTATION('',(#3184),#3188);
#3184 = LINE('',#3185,#3186);
#3185 = CARTESIAN_POINT('',(52.630943086168,11.));
#3186 = VECTOR('',#3187,1.);
#3187 = DIRECTION('',(0.,1.));
#3188 = ( GEOMETRIC_REPRESENTATION_CONTEXT(2) 
PARAMETRIC_REPRESENTATION_CONTEXT() REPRESENTATION_CONTEXT('2D SPACE',''
  ) );
#3189 = PCURVE('',#3190,#3195);
#3190 = PLANE('',#3191);
#3191 = AXIS2_PLACEMENT_3D('',#3192,#3193,#3194);
#3192 = CARTESIAN_POINT('',(-36.5,45.,52.630943086168));
#3193 = DIRECTION('',(0.,0.,1.));
#3194 = DIRECTION('',(1.,0.,-0.));
#3195 = DEFINITIONAL_REPRESENTATION('',(#3196),#3199);
#3196 = B_SPLINE_CURVE_WITH_KNOTS('',1,(#3197,#3198),.UNSPECIFIED.,.F.,
  .F.,(2,2),(2.5,75.5),.PIECEWISE_BEZIER_KNOTS.);
#3197 = CARTESIAN_POINT('',(0.,5.));
#3198 = CARTESIAN_POINT('',(73.,5.));
#3199 = ( GEOMETRIC_REPRESENTATION_CONTEXT(2) 
PARAMETRIC_REPRESENTATION_CONTEXT() REPRESENTATION_CONTEXT('2D SPACE',''
  ) );
#3200 = ADVANCED_FACE('',(#3201,#3207),#528,.T.);
#3201 = FACE_BOUND('',#3202,.T.);
#3202 = EDGE_LOOP('',(#3203,#3204,#3205,#3206));
#3203 = ORIENTED_EDGE('',*,*,#514,.F.);
#3204 = ORIENTED_EDGE('',*,*,#1257,.F.);
#3205 = ORIENTED_EDGE('',*,*,#2854,.T.);
#3206 = ORIENTED_EDGE('',*,*,#871,.F.);
#3207 = FACE_BOUND('',#3208,.T.);
#3208 = EDGE_LOOP('',(#3209,#3238,#3265,#3292,#3319,#3346,#3373,#3400,
    #3427,#3454,#3481,#3508));
#3209 = ORIENTED_EDGE('',*,*,#3210,.T.);
#3210 = EDGE_CURVE('',#3211,#3213,#3215,.T.);
#3211 = VERTEX_POINT('',#3212);
#3212 = CARTESIAN_POINT('',(50.,-36.5,47.369056913832));
#3213 = VERTEX_POINT('',#3214);
#3214 = CARTESIAN_POINT('',(50.,-36.5,52.630943086168));
#3215 = SURFACE_CURVE('',#3216,(#3220,#3227),.PCURVE_S1.);
#3216 = LINE('',#3217,#3218);
#3217 = CARTESIAN_POINT('',(50.,-36.5,23.684528456916));
#3218 = VECTOR('',#3219,1.);
#3219 = DIRECTION('',(0.,-0.,1.));
#3220 = PCURVE('',#528,#3221);
#3221 = DEFINITIONAL_REPRESENTATION('',(#3222),#3226);
#3222 = LINE('',#3223,#3224);
#3223 = CARTESIAN_POINT('',(23.684528456916,-13.5));
#3224 = VECTOR('',#3225,1.);
#3225 = DIRECTION('',(1.,0.));
#3226 = ( GEOMETRIC_REPRESENTATION_CONTEXT(2) 
PARAMETRIC_REPRESENTATION_CONTEXT() REPRESENTATION_CONTEXT('2D SPACE',''
  ) );
#3227 = PCURVE('',#3228,#3233);
#3228 = PLANE('',#3229);
#3229 = AXIS2_PLACEMENT_3D('',#3230,#3231,#3232);
#3230 = CARTESIAN_POINT('',(53.,-36.5,47.369056913832));
#3231 = DIRECTION('',(1.110223024625E-16,1.,0.));
#3232 = DIRECTION('',(0.,0.,1.));
#3233 = DEFINITIONAL_REPRESENTATION('',(#3234),#3237);
#3234 = B_SPLINE_CURVE_WITH_KNOTS('',1,(#3235,#3236),.UNSPECIFIED.,.F.,
  .F.,(2,2),(23.684528456916,28.946414629251),.PIECEWISE_BEZIER_KNOTS.);
#3235 = CARTESIAN_POINT('',(0.,-3.));
#3236 = CARTESIAN_POINT('',(5.261886172335,-3.));
#3237 = ( GEOMETRIC_REPRESENTATION_CONTEXT(2) 
PARAMETRIC_REPRESENTATION_CONTEXT() REPRESENTATION_CONTEXT('2D SPACE',''
  ) );
#3238 = ORIENTED_EDGE('',*,*,#3239,.F.);
#3239 = EDGE_CURVE('',#3240,#3213,#3242,.T.);
#3240 = VERTEX_POINT('',#3241);
#3241 = CARTESIAN_POINT('',(50.,-2.630943086168,52.630943086168));
#3242 = SURFACE_CURVE('',#3243,(#3247,#3254),.PCURVE_S1.);
#3243 = LINE('',#3244,#3245);
#3244 = CARTESIAN_POINT('',(50.,-39.,52.630943086168));
#3245 = VECTOR('',#3246,1.);
#3246 = DIRECTION('',(0.,-1.,0.));
#3247 = PCURVE('',#528,#3248);
#3248 = DEFINITIONAL_REPRESENTATION('',(#3249),#3253);
#3249 = LINE('',#3250,#3251);
#3250 = CARTESIAN_POINT('',(52.630943086168,-11.));
#3251 = VECTOR('',#3252,1.);
#3252 = DIRECTION('',(0.,1.));
#3253 = ( GEOMETRIC_REPRESENTATION_CONTEXT(2) 
PARAMETRIC_REPRESENTATION_CONTEXT() REPRESENTATION_CONTEXT('2D SPACE',''
  ) );
#3254 = PCURVE('',#3255,#3260);
#3255 = PLANE('',#3256);
#3256 = AXIS2_PLACEMENT_3D('',#3257,#3258,#3259);
#3257 = CARTESIAN_POINT('',(53.,-36.5,52.630943086168));
#3258 = DIRECTION('',(0.,0.,1.));
#3259 = DIRECTION('',(1.110223024625E-16,1.,0.));
#3260 = DEFINITIONAL_REPRESENTATION('',(#3261),#3264);
#3261 = B_SPLINE_CURVE_WITH_KNOTS('',1,(#3262,#3263),.UNSPECIFIED.,.F.,
  .F.,(2,2),(-75.5,-2.5),.PIECEWISE_BEZIER_KNOTS.);
#3262 = CARTESIAN_POINT('',(73.,3.));
#3263 = CARTESIAN_POINT('',(-8.881784197001E-16,3.));
#3264 = ( GEOMETRIC_REPRESENTATION_CONTEXT(2) 
PARAMETRIC_REPRESENTATION_CONTEXT() REPRESENTATION_CONTEXT('2D SPACE',''
  ) );
#3265 = ORIENTED_EDGE('',*,*,#3266,.T.);
#3266 = EDGE_CURVE('',#3240,#3267,#3269,.T.);
#3267 = VERTEX_POINT('',#3268);
#3268 = CARTESIAN_POINT('',(50.,-2.630943086168,95.));
#3269 = SURFACE_CURVE('',#3270,(#3274,#3281),.PCURVE_S1.);
#3270 = LINE('',#3271,#3272);
#3271 = CARTESIAN_POINT('',(50.,-2.630943086168,2.5));
#3272 = VECTOR('',#3273,1.);
#3273 = DIRECTION('',(0.,-0.,1.));
#3274 = PCURVE('',#528,#3275);
#3275 = DEFINITIONAL_REPRESENTATION('',(#3276),#3280);
#3276 = LINE('',#3277,#3278);
#3277 = CARTESIAN_POINT('',(2.5,-47.36905691383));
#3278 = VECTOR('',#3279,1.);
#3279 = DIRECTION('',(1.,0.));
#3280 = ( GEOMETRIC_REPRESENTATION_CONTEXT(2) 
PARAMETRIC_REPRESENTATION_CONTEXT() REPRESENTATION_CONTEXT('2D SPACE',''
  ) );
#3281 = PCURVE('',#3282,#3287);
#3282 = PLANE('',#3283);
#3283 = AXIS2_PLACEMENT_3D('',#3284,#3285,#3286);
#3284 = CARTESIAN_POINT('',(53.,-2.630943086168,5.));
#3285 = DIRECTION('',(1.110223024625E-16,1.,0.));
#3286 = DIRECTION('',(0.,0.,1.));
#3287 = DEFINITIONAL_REPRESENTATION('',(#3288),#3291);
#3288 = B_SPLINE_CURVE_WITH_KNOTS('',1,(#3289,#3290),.UNSPECIFIED.,.F.,
  .F.,(2,2),(2.5,92.5),.PIECEWISE_BEZIER_KNOTS.);
#3289 = CARTESIAN_POINT('',(0.,-3.));
#3290 = CARTESIAN_POINT('',(90.,-3.));
#3291 = ( GEOMETRIC_REPRESENTATION_CONTEXT(2) 
PARAMETRIC_REPRESENTATION_CONTEXT() REPRESENTATION_CONTEXT('2D SPACE',''
  ) );
#3292 = ORIENTED_EDGE('',*,*,#3293,.F.);
#3293 = EDGE_CURVE('',#3294,#3267,#3296,.T.);
#3294 = VERTEX_POINT('',#3295);
#3295 = CARTESIAN_POINT('',(50.,2.630943086168,95.));
#3296 = SURFACE_CURVE('',#3297,(#3301,#3308),.PCURVE_S1.);
#3297 = LINE('',#3298,#3299);
#3298 = CARTESIAN_POINT('',(50.,-22.06547154308,95.));
#3299 = VECTOR('',#3300,1.);
#3300 = DIRECTION('',(0.,-1.,0.));
#3301 = PCURVE('',#528,#3302);
#3302 = DEFINITIONAL_REPRESENTATION('',(#3303),#3307);
#3303 = LINE('',#3304,#3305);
#3304 = CARTESIAN_POINT('',(95.,-27.93452845691));
#3305 = VECTOR('',#3306,1.);
#3306 = DIRECTION('',(0.,1.));
#3307 = ( GEOMETRIC_REPRESENTATION_CONTEXT(2) 
PARAMETRIC_REPRESENTATION_CONTEXT() REPRESENTATION_CONTEXT('2D SPACE',''
  ) );
#3308 = PCURVE('',#3309,#3314);
#3309 = PLANE('',#3310);
#3310 = AXIS2_PLACEMENT_3D('',#3311,#3312,#3313);
#3311 = CARTESIAN_POINT('',(53.,-2.630943086168,95.));
#3312 = DIRECTION('',(0.,0.,1.));
#3313 = DIRECTION('',(1.110223024625E-16,1.,0.));
#3314 = DEFINITIONAL_REPRESENTATION('',(#3315),#3318);
#3315 = B_SPLINE_CURVE_WITH_KNOTS('',1,(#3316,#3317),.UNSPECIFIED.,.F.,
  .F.,(2,2),(-24.69641462925,-19.43452845691),.PIECEWISE_BEZIER_KNOTS.);
#3316 = CARTESIAN_POINT('',(5.261886172335,3.));
#3317 = CARTESIAN_POINT('',(0.,3.));
#3318 = ( GEOMETRIC_REPRESENTATION_CONTEXT(2) 
PARAMETRIC_REPRESENTATION_CONTEXT() REPRESENTATION_CONTEXT('2D SPACE',''
  ) );
#3319 = ORIENTED_EDGE('',*,*,#3320,.F.);
#3320 = EDGE_CURVE('',#3321,#3294,#3323,.T.);
#3321 = VERTEX_POINT('',#3322);
#3322 = CARTESIAN_POINT('',(50.,2.630943086168,52.630943086168));
#3323 = SURFACE_CURVE('',#3324,(#3328,#3335),.PCURVE_S1.);
#3324 = LINE('',#3325,#3326);
#3325 = CARTESIAN_POINT('',(50.,2.630943086168,2.5));
#3326 = VECTOR('',#3327,1.);
#3327 = DIRECTION('',(0.,-0.,1.));
#3328 = PCURVE('',#528,#3329);
#3329 = DEFINITIONAL_REPRESENTATION('',(#3330),#3334);
#3330 = LINE('',#3331,#3332);
#3331 = CARTESIAN_POINT('',(2.5,-52.63094308616));
#3332 = VECTOR('',#3333,1.);
#3333 = DIRECTION('',(1.,0.));
#3334 = ( GEOMETRIC_REPRESENTATION_CONTEXT(2) 
PARAMETRIC_REPRESENTATION_CONTEXT() REPRESENTATION_CONTEXT('2D SPACE',''
  ) );
#3335 = PCURVE('',#3336,#3341);
#3336 = PLANE('',#3337);
#3337 = AXIS2_PLACEMENT_3D('',#3338,#3339,#3340);
#3338 = CARTESIAN_POINT('',(53.,2.630943086168,5.));
#3339 = DIRECTION('',(1.110223024625E-16,1.,0.));
#3340 = DIRECTION('',(0.,0.,1.));
#3341 = DEFINITIONAL_REPRESENTATION('',(#3342),#3345);
#3342 = B_SPLINE_CURVE_WITH_KNOTS('',1,(#3343,#3344),.UNSPECIFIED.,.F.,
  .F.,(2,2),(2.5,92.5),.PIECEWISE_BEZIER_KNOTS.);
#3343 = CARTESIAN_POINT('',(0.,-3.));
#3344 = CARTESIAN_POINT('',(90.,-3.));
#3345 = ( GEOMETRIC_REPRESENTATION_CONTEXT(2) 
PARAMETRIC_REPRESENTATION_CONTEXT() REPRESENTATION_CONTEXT('2D SPACE',''
  ) );
#3346 = ORIENTED_EDGE('',*,*,#3347,.F.);
#3347 = EDGE_CURVE('',#3348,#3321,#3350,.T.);
#3348 = VERTEX_POINT('',#3349);
#3349 = CARTESIAN_POINT('',(50.,36.5,52.630943086168));
#3350 = SURFACE_CURVE('',#3351,(#3355,#3362),.PCURVE_S1.);
#3351 = LINE('',#3352,#3353);
#3352 = CARTESIAN_POINT('',(50.,-39.,52.630943086168));
#3353 = VECTOR('',#3354,1.);
#3354 = DIRECTION('',(0.,-1.,0.));
#3355 = PCURVE('',#528,#3356);
#3356 = DEFINITIONAL_REPRESENTATION('',(#3357),#3361);
#3357 = LINE('',#3358,#3359);
#3358 = CARTESIAN_POINT('',(52.630943086168,-11.));
#3359 = VECTOR('',#3360,1.);
#3360 = DIRECTION('',(0.,1.));
#3361 = ( GEOMETRIC_REPRESENTATION_CONTEXT(2) 
PARAMETRIC_REPRESENTATION_CONTEXT() REPRESENTATION_CONTEXT('2D SPACE',''
  ) );
#3362 = PCURVE('',#3363,#3368);
#3363 = PLANE('',#3364);
#3364 = AXIS2_PLACEMENT_3D('',#3365,#3366,#3367);
#3365 = CARTESIAN_POINT('',(53.,-36.5,52.630943086168));
#3366 = DIRECTION('',(0.,0.,1.));
#3367 = DIRECTION('',(1.110223024625E-16,1.,0.));
#3368 = DEFINITIONAL_REPRESENTATION('',(#3369),#3372);
#3369 = B_SPLINE_CURVE_WITH_KNOTS('',1,(#3370,#3371),.UNSPECIFIED.,.F.,
  .F.,(2,2),(-75.5,-2.5),.PIECEWISE_BEZIER_KNOTS.);
#3370 = CARTESIAN_POINT('',(73.,3.));
#3371 = CARTESIAN_POINT('',(-8.881784197001E-16,3.));
#3372 = ( GEOMETRIC_REPRESENTATION_CONTEXT(2) 
PARAMETRIC_REPRESENTATION_CONTEXT() REPRESENTATION_CONTEXT('2D SPACE',''
  ) );
#3373 = ORIENTED_EDGE('',*,*,#3374,.F.);
#3374 = EDGE_CURVE('',#3375,#3348,#3377,.T.);
#3375 = VERTEX_POINT('',#3376);
#3376 = CARTESIAN_POINT('',(50.,36.5,47.369056913832));
#3377 = SURFACE_CURVE('',#3378,(#3382,#3389),.PCURVE_S1.);
#3378 = LINE('',#3379,#3380);
#3379 = CARTESIAN_POINT('',(50.,36.5,23.684528456916));
#3380 = VECTOR('',#3381,1.);
#3381 = DIRECTION('',(0.,-0.,1.));
#3382 = PCURVE('',#528,#3383);
#3383 = DEFINITIONAL_REPRESENTATION('',(#3384),#3388);
#3384 = LINE('',#3385,#3386);
#3385 = CARTESIAN_POINT('',(23.684528456916,-86.5));
#3386 = VECTOR('',#3387,1.);
#3387 = DIRECTION('',(1.,0.));
#3388 = ( GEOMETRIC_REPRESENTATION_CONTEXT(2) 
PARAMETRIC_REPRESENTATION_CONTEXT() REPRESENTATION_CONTEXT('2D SPACE',''
  ) );
#3389 = PCURVE('',#3390,#3395);
#3390 = PLANE('',#3391);
#3391 = AXIS2_PLACEMENT_3D('',#3392,#3393,#3394);
#3392 = CARTESIAN_POINT('',(53.,36.5,47.369056913832));
#3393 = DIRECTION('',(1.110223024625E-16,1.,0.));
#3394 = DIRECTION('',(0.,0.,1.));
#3395 = DEFINITIONAL_REPRESENTATION('',(#3396),#3399);
#3396 = B_SPLINE_CURVE_WITH_KNOTS('',1,(#3397,#3398),.UNSPECIFIED.,.F.,
  .F.,(2,2),(23.684528456916,28.946414629251),.PIECEWISE_BEZIER_KNOTS.);
#3397 = CARTESIAN_POINT('',(0.,-3.));
#3398 = CARTESIAN_POINT('',(5.261886172335,-3.));
#3399 = ( GEOMETRIC_REPRESENTATION_CONTEXT(2) 
PARAMETRIC_REPRESENTATION_CONTEXT() REPRESENTATION_CONTEXT('2D SPACE',''
  ) );
#3400 = ORIENTED_EDGE('',*,*,#3401,.T.);
#3401 = EDGE_CURVE('',#3375,#3402,#3404,.T.);
#3402 = VERTEX_POINT('',#3403);
#3403 = CARTESIAN_POINT('',(50.,2.630943086168,47.369056913832));
#3404 = SURFACE_CURVE('',#3405,(#3409,#3416),.PCURVE_S1.);
#3405 = LINE('',#3406,#3407);
#3406 = CARTESIAN_POINT('',(50.,-39.,47.369056913832));
#3407 = VECTOR('',#3408,1.);
#3408 = DIRECTION('',(0.,-1.,0.));
#3409 = PCURVE('',#528,#3410);
#3410 = DEFINITIONAL_REPRESENTATION('',(#3411),#3415);
#3411 = LINE('',#3412,#3413);
#3412 = CARTESIAN_POINT('',(47.369056913832,-11.));
#3413 = VECTOR('',#3414,1.);
#3414 = DIRECTION('',(0.,1.));
#3415 = ( GEOMETRIC_REPRESENTATION_CONTEXT(2) 
PARAMETRIC_REPRESENTATION_CONTEXT() REPRESENTATION_CONTEXT('2D SPACE',''
  ) );
#3416 = PCURVE('',#3417,#3422);
#3417 = PLANE('',#3418);
#3418 = AXIS2_PLACEMENT_3D('',#3419,#3420,#3421);
#3419 = CARTESIAN_POINT('',(53.,-36.5,47.369056913832));
#3420 = DIRECTION('',(0.,0.,1.));
#3421 = DIRECTION('',(1.110223024625E-16,1.,0.));
#3422 = DEFINITIONAL_REPRESENTATION('',(#3423),#3426);
#3423 = B_SPLINE_CURVE_WITH_KNOTS('',1,(#3424,#3425),.UNSPECIFIED.,.F.,
  .F.,(2,2),(-75.5,-2.5),.PIECEWISE_BEZIER_KNOTS.);
#3424 = CARTESIAN_POINT('',(73.,3.));
#3425 = CARTESIAN_POINT('',(-8.881784197001E-16,3.));
#3426 = ( GEOMETRIC_REPRESENTATION_CONTEXT(2) 
PARAMETRIC_REPRESENTATION_CONTEXT() REPRESENTATION_CONTEXT('2D SPACE',''
  ) );
#3427 = ORIENTED_EDGE('',*,*,#3428,.F.);
#3428 = EDGE_CURVE('',#3429,#3402,#3431,.T.);
#3429 = VERTEX_POINT('',#3430);
#3430 = CARTESIAN_POINT('',(50.,2.630943086168,5.));
#3431 = SURFACE_CURVE('',#3432,(#3436,#3443),.PCURVE_S1.);
#3432 = LINE('',#3433,#3434);
#3433 = CARTESIAN_POINT('',(50.,2.630943086168,2.5));
#3434 = VECTOR('',#3435,1.);
#3435 = DIRECTION('',(0.,-0.,1.));
#3436 = PCURVE('',#528,#3437);
#3437 = DEFINITIONAL_REPRESENTATION('',(#3438),#3442);
#3438 = LINE('',#3439,#3440);
#3439 = CARTESIAN_POINT('',(2.5,-52.63094308616));
#3440 = VECTOR('',#3441,1.);
#3441 = DIRECTION('',(1.,0.));
#3442 = ( GEOMETRIC_REPRESENTATION_CONTEXT(2) 
PARAMETRIC_REPRESENTATION_CONTEXT() REPRESENTATION_CONTEXT('2D SPACE',''
  ) );
#3443 = PCURVE('',#3444,#3449);
#3444 = PLANE('',#3445);
#3445 = AXIS2_PLACEMENT_3D('',#3446,#3447,#3448);
#3446 = CARTESIAN_POINT('',(53.,2.630943086168,5.));
#3447 = DIRECTION('',(1.110223024625E-16,1.,0.));
#3448 = DIRECTION('',(0.,0.,1.));
#3449 = DEFINITIONAL_REPRESENTATION('',(#3450),#3453);
#3450 = B_SPLINE_CURVE_WITH_KNOTS('',1,(#3451,#3452),.UNSPECIFIED.,.F.,
  .F.,(2,2),(2.5,92.5),.PIECEWISE_BEZIER_KNOTS.);
#3451 = CARTESIAN_POINT('',(0.,-3.));
#3452 = CARTESIAN_POINT('',(90.,-3.));
#3453 = ( GEOMETRIC_REPRESENTATION_CONTEXT(2) 
PARAMETRIC_REPRESENTATION_CONTEXT() REPRESENTATION_CONTEXT('2D SPACE',''
  ) );
#3454 = ORIENTED_EDGE('',*,*,#3455,.T.);
#3455 = EDGE_CURVE('',#3429,#3456,#3458,.T.);
#3456 = VERTEX_POINT('',#3457);
#3457 = CARTESIAN_POINT('',(50.,-2.630943086168,5.));
#3458 = SURFACE_CURVE('',#3459,(#3463,#3470),.PCURVE_S1.);
#3459 = LINE('',#3460,#3461);
#3460 = CARTESIAN_POINT('',(50.,-22.06547154308,5.));
#3461 = VECTOR('',#3462,1.);
#3462 = DIRECTION('',(0.,-1.,0.));
#3463 = PCURVE('',#528,#3464);
#3464 = DEFINITIONAL_REPRESENTATION('',(#3465),#3469);
#3465 = LINE('',#3466,#3467);
#3466 = CARTESIAN_POINT('',(5.,-27.93452845691));
#3467 = VECTOR('',#3468,1.);
#3468 = DIRECTION('',(0.,1.));
#3469 = ( GEOMETRIC_REPRESENTATION_CONTEXT(2) 
PARAMETRIC_REPRESENTATION_CONTEXT() REPRESENTATION_CONTEXT('2D SPACE',''
  ) );
#3470 = PCURVE('',#3471,#3476);
#3471 = PLANE('',#3472);
#3472 = AXIS2_PLACEMENT_3D('',#3473,#3474,#3475);
#3473 = CARTESIAN_POINT('',(53.,-2.630943086168,5.));
#3474 = DIRECTION('',(0.,0.,1.));
#3475 = DIRECTION('',(1.110223024625E-16,1.,0.));
#3476 = DEFINITIONAL_REPRESENTATION('',(#3477),#3480);
#3477 = B_SPLINE_CURVE_WITH_KNOTS('',1,(#3478,#3479),.UNSPECIFIED.,.F.,
  .F.,(2,2),(-24.69641462925,-19.43452845691),.PIECEWISE_BEZIER_KNOTS.);
#3478 = CARTESIAN_POINT('',(5.261886172335,3.));
#3479 = CARTESIAN_POINT('',(0.,3.));
#3480 = ( GEOMETRIC_REPRESENTATION_CONTEXT(2) 
PARAMETRIC_REPRESENTATION_CONTEXT() REPRESENTATION_CONTEXT('2D SPACE',''
  ) );
#3481 = ORIENTED_EDGE('',*,*,#3482,.T.);
#3482 = EDGE_CURVE('',#3456,#3483,#3485,.T.);
#3483 = VERTEX_POINT('',#3484);
#3484 = CARTESIAN_POINT('',(50.,-2.630943086168,47.369056913832));
#3485 = SURFACE_CURVE('',#3486,(#3490,#3497),.PCURVE_S1.);
#3486 = LINE('',#3487,#3488);
#3487 = CARTESIAN_POINT('',(50.,-2.630943086168,2.5));
#3488 = VECTOR('',#3489,1.);
#3489 = DIRECTION('',(0.,-0.,1.));
#3490 = PCURVE('',#528,#3491);
#3491 = DEFINITIONAL_REPRESENTATION('',(#3492),#3496);
#3492 = LINE('',#3493,#3494);
#3493 = CARTESIAN_POINT('',(2.5,-47.36905691383));
#3494 = VECTOR('',#3495,1.);
#3495 = DIRECTION('',(1.,0.));
#3496 = ( GEOMETRIC_REPRESENTATION_CONTEXT(2) 
PARAMETRIC_REPRESENTATION_CONTEXT() REPRESENTATION_CONTEXT('2D SPACE',''
  ) );
#3497 = PCURVE('',#3498,#3503);
#3498 = PLANE('',#3499);
#3499 = AXIS2_PLACEMENT_3D('',#3500,#3501,#3502);
#3500 = CARTESIAN_POINT('',(53.,-2.630943086168,5.));
#3501 = DIRECTION('',(1.110223024625E-16,1.,0.));
#3502 = DIRECTION('',(0.,0.,1.));
#3503 = DEFINITIONAL_REPRESENTATION('',(#3504),#3507);
#3504 = B_SPLINE_CURVE_WITH_KNOTS('',1,(#3505,#3506),.UNSPECIFIED.,.F.,
  .F.,(2,2),(2.5,92.5),.PIECEWISE_BEZIER_KNOTS.);
#3505 = CARTESIAN_POINT('',(0.,-3.));
#3506 = CARTESIAN_POINT('',(90.,-3.));
#3507 = ( GEOMETRIC_REPRESENTATION_CONTEXT(2) 
PARAMETRIC_REPRESENTATION_CONTEXT() REPRESENTATION_CONTEXT('2D SPACE',''
  ) );
#3508 = ORIENTED_EDGE('',*,*,#3509,.T.);
#3509 = EDGE_CURVE('',#3483,#3211,#3510,.T.);
#3510 = SURFACE_CURVE('',#3511,(#3515,#3522),.PCURVE_S1.);
#3511 = LINE('',#3512,#3513);
#3512 = CARTESIAN_POINT('',(50.,-39.,47.369056913832));
#3513 = VECTOR('',#3514,1.);
#3514 = DIRECTION('',(0.,-1.,0.));
#3515 = PCURVE('',#528,#3516);
#3516 = DEFINITIONAL_REPRESENTATION('',(#3517),#3521);
#3517 = LINE('',#3518,#3519);
#3518 = CARTESIAN_POINT('',(47.369056913832,-11.));
#3519 = VECTOR('',#3520,1.);
#3520 = DIRECTION('',(0.,1.));
#3521 = ( GEOMETRIC_REPRESENTATION_CONTEXT(2) 
PARAMETRIC_REPRESENTATION_CONTEXT() REPRESENTATION_CONTEXT('2D SPACE',''
  ) );
#3522 = PCURVE('',#3523,#3528);
#3523 = PLANE('',#3524);
#3524 = AXIS2_PLACEMENT_3D('',#3525,#3526,#3527);
#3525 = CARTESIAN_POINT('',(53.,-36.5,47.369056913832));
#3526 = DIRECTION('',(0.,0.,1.));
#3527 = DIRECTION('',(1.110223024625E-16,1.,0.));
#3528 = DEFINITIONAL_REPRESENTATION('',(#3529),#3532);
#3529 = B_SPLINE_CURVE_WITH_KNOTS('',1,(#3530,#3531),.UNSPECIFIED.,.F.,
  .F.,(2,2),(-75.5,-2.5),.PIECEWISE_BEZIER_KNOTS.);
#3530 = CARTESIAN_POINT('',(73.,3.));
#3531 = CARTESIAN_POINT('',(-8.881784197001E-16,3.));
#3532 = ( GEOMETRIC_REPRESENTATION_CONTEXT(2) 
PARAMETRIC_REPRESENTATION_CONTEXT() REPRESENTATION_CONTEXT('2D SPACE',''
  ) );
#3533 = ADVANCED_FACE('',(#3534),#1019,.T.);
#3534 = FACE_BOUND('',#3535,.T.);
#3535 = EDGE_LOOP('',(#3536,#3537,#3558,#3559));
#3536 = ORIENTED_EDGE('',*,*,#1003,.F.);
#3537 = ORIENTED_EDGE('',*,*,#3538,.F.);
#3538 = EDGE_CURVE('',#1353,#976,#3539,.T.);
#3539 = SURFACE_CURVE('',#3540,(#3544,#3551),.PCURVE_S1.);
#3540 = LINE('',#3541,#3542);
#3541 = CARTESIAN_POINT('',(-41.5,41.5,0.));
#3542 = VECTOR('',#3543,1.);
#3543 = DIRECTION('',(0.,0.,1.));
#3544 = PCURVE('',#1019,#3545);
#3545 = DEFINITIONAL_REPRESENTATION('',(#3546),#3550);
#3546 = LINE('',#3547,#3548);
#3547 = CARTESIAN_POINT('',(0.,0.));
#3548 = VECTOR('',#3549,1.);
#3549 = DIRECTION('',(1.,0.));
#3550 = ( GEOMETRIC_REPRESENTATION_CONTEXT(2) 
PARAMETRIC_REPRESENTATION_CONTEXT() REPRESENTATION_CONTEXT('2D SPACE',''
  ) );
#3551 = PCURVE('',#991,#3552);
#3552 = DEFINITIONAL_REPRESENTATION('',(#3553),#3557);
#3553 = LINE('',#3554,#3555);
#3554 = CARTESIAN_POINT('',(0.,8.5));
#3555 = VECTOR('',#3556,1.);
#3556 = DIRECTION('',(1.,0.));
#3557 = ( GEOMETRIC_REPRESENTATION_CONTEXT(2) 
PARAMETRIC_REPRESENTATION_CONTEXT() REPRESENTATION_CONTEXT('2D SPACE',''
  ) );
#3558 = ORIENTED_EDGE('',*,*,#1375,.T.);
#3559 = ORIENTED_EDGE('',*,*,#3560,.T.);
#3560 = EDGE_CURVE('',#1376,#1004,#3561,.T.);
#3561 = SURFACE_CURVE('',#3562,(#3566,#3573),.PCURVE_S1.);
#3562 = LINE('',#3563,#3564);
#3563 = CARTESIAN_POINT('',(-41.5,48.,0.));
#3564 = VECTOR('',#3565,1.);
#3565 = DIRECTION('',(0.,0.,1.));
#3566 = PCURVE('',#1019,#3567);
#3567 = DEFINITIONAL_REPRESENTATION('',(#3568),#3572);
#3568 = LINE('',#3569,#3570);
#3569 = CARTESIAN_POINT('',(0.,-6.5));
#3570 = VECTOR('',#3571,1.);
#3571 = DIRECTION('',(1.,0.));
#3572 = ( GEOMETRIC_REPRESENTATION_CONTEXT(2) 
PARAMETRIC_REPRESENTATION_CONTEXT() REPRESENTATION_CONTEXT('2D SPACE',''
  ) );
#3573 = PCURVE('',#1047,#3574);
#3574 = DEFINITIONAL_REPRESENTATION('',(#3575),#3579);
#3575 = LINE('',#3576,#3577);
#3576 = CARTESIAN_POINT('',(0.,0.));
#3577 = VECTOR('',#3578,1.);
#3578 = DIRECTION('',(1.,0.));
#3579 = ( GEOMETRIC_REPRESENTATION_CONTEXT(2) 
PARAMETRIC_REPRESENTATION_CONTEXT() REPRESENTATION_CONTEXT('2D SPACE',''
  ) );
#3580 = ADVANCED_FACE('',(#3581),#991,.F.);
#3581 = FACE_BOUND('',#3582,.F.);
#3582 = EDGE_LOOP('',(#3583,#3584,#3585,#3586));
#3583 = ORIENTED_EDGE('',*,*,#1352,.F.);
#3584 = ORIENTED_EDGE('',*,*,#2771,.T.);
#3585 = ORIENTED_EDGE('',*,*,#975,.T.);
#3586 = ORIENTED_EDGE('',*,*,#3538,.F.);
#3587 = ADVANCED_FACE('',(#3588),#1187,.F.);
#3588 = FACE_BOUND('',#3589,.F.);
#3589 = EDGE_LOOP('',(#3590,#3591,#3592,#3613));
#3590 = ORIENTED_EDGE('',*,*,#2813,.F.);
#3591 = ORIENTED_EDGE('',*,*,#1513,.T.);
#3592 = ORIENTED_EDGE('',*,*,#3593,.T.);
#3593 = EDGE_CURVE('',#1491,#1144,#3594,.T.);
#3594 = SURFACE_CURVE('',#3595,(#3599,#3606),.PCURVE_S1.);
#3595 = LINE('',#3596,#3597);
#3596 = CARTESIAN_POINT('',(41.5,-41.5,0.));
#3597 = VECTOR('',#3598,1.);
#3598 = DIRECTION('',(0.,0.,1.));
#3599 = PCURVE('',#1187,#3600);
#3600 = DEFINITIONAL_REPRESENTATION('',(#3601),#3605);
#3601 = LINE('',#3602,#3603);
#3602 = CARTESIAN_POINT('',(0.,-8.5));
#3603 = VECTOR('',#3604,1.);
#3604 = DIRECTION('',(1.,0.));
#3605 = ( GEOMETRIC_REPRESENTATION_CONTEXT(2) 
PARAMETRIC_REPRESENTATION_CONTEXT() REPRESENTATION_CONTEXT('2D SPACE',''
  ) );
#3606 = PCURVE('',#1159,#3607);
#3607 = DEFINITIONAL_REPRESENTATION('',(#3608),#3612);
#3608 = LINE('',#3609,#3610);
#3609 = CARTESIAN_POINT('',(0.,0.));
#3610 = VECTOR('',#3611,1.);
#3611 = DIRECTION('',(1.,0.));
#3612 = ( GEOMETRIC_REPRESENTATION_CONTEXT(2) 
PARAMETRIC_REPRESENTATION_CONTEXT() REPRESENTATION_CONTEXT('2D SPACE',''
  ) );
#3613 = ORIENTED_EDGE('',*,*,#1171,.F.);
#3614 = ADVANCED_FACE('',(#3615),#1159,.T.);
#3615 = FACE_BOUND('',#3616,.T.);
#3616 = EDGE_LOOP('',(#3617,#3618,#3619,#3620));
#3617 = ORIENTED_EDGE('',*,*,#1490,.F.);
#3618 = ORIENTED_EDGE('',*,*,#3593,.T.);
#3619 = ORIENTED_EDGE('',*,*,#1143,.T.);
#3620 = ORIENTED_EDGE('',*,*,#3621,.F.);
#3621 = EDGE_CURVE('',#1468,#1116,#3622,.T.);
#3622 = SURFACE_CURVE('',#3623,(#3627,#3634),.PCURVE_S1.);
#3623 = LINE('',#3624,#3625);
#3624 = CARTESIAN_POINT('',(48.,-41.5,0.));
#3625 = VECTOR('',#3626,1.);
#3626 = DIRECTION('',(0.,0.,1.));
#3627 = PCURVE('',#1159,#3628);
#3628 = DEFINITIONAL_REPRESENTATION('',(#3629),#3633);
#3629 = LINE('',#3630,#3631);
#3630 = CARTESIAN_POINT('',(0.,6.5));
#3631 = VECTOR('',#3632,1.);
#3632 = DIRECTION('',(1.,0.));
#3633 = ( GEOMETRIC_REPRESENTATION_CONTEXT(2) 
PARAMETRIC_REPRESENTATION_CONTEXT() REPRESENTATION_CONTEXT('2D SPACE',''
  ) );
#3634 = PCURVE('',#1131,#3635);
#3635 = DEFINITIONAL_REPRESENTATION('',(#3636),#3640);
#3636 = LINE('',#3637,#3638);
#3637 = CARTESIAN_POINT('',(0.,0.));
#3638 = VECTOR('',#3639,1.);
#3639 = DIRECTION('',(1.,0.));
#3640 = ( GEOMETRIC_REPRESENTATION_CONTEXT(2) 
PARAMETRIC_REPRESENTATION_CONTEXT() REPRESENTATION_CONTEXT('2D SPACE',''
  ) );
#3641 = ADVANCED_FACE('',(#3642,#3668),#1047,.F.);
#3642 = FACE_BOUND('',#3643,.F.);
#3643 = EDGE_LOOP('',(#3644,#3645,#3646,#3647));
#3644 = ORIENTED_EDGE('',*,*,#1398,.F.);
#3645 = ORIENTED_EDGE('',*,*,#3560,.T.);
#3646 = ORIENTED_EDGE('',*,*,#1031,.T.);
#3647 = ORIENTED_EDGE('',*,*,#3648,.F.);
#3648 = EDGE_CURVE('',#1399,#1032,#3649,.T.);
#3649 = SURFACE_CURVE('',#3650,(#3654,#3661),.PCURVE_S1.);
#3650 = LINE('',#3651,#3652);
#3651 = CARTESIAN_POINT('',(41.5,48.,0.));
#3652 = VECTOR('',#3653,1.);
#3653 = DIRECTION('',(0.,0.,1.));
#3654 = PCURVE('',#1047,#3655);
#3655 = DEFINITIONAL_REPRESENTATION('',(#3656),#3660);
#3656 = LINE('',#3657,#3658);
#3657 = CARTESIAN_POINT('',(0.,83.));
#3658 = VECTOR('',#3659,1.);
#3659 = DIRECTION('',(1.,0.));
#3660 = ( GEOMETRIC_REPRESENTATION_CONTEXT(2) 
PARAMETRIC_REPRESENTATION_CONTEXT() REPRESENTATION_CONTEXT('2D SPACE',''
  ) );
#3661 = PCURVE('',#1075,#3662);
#3662 = DEFINITIONAL_REPRESENTATION('',(#3663),#3667);
#3663 = LINE('',#3664,#3665);
#3664 = CARTESIAN_POINT('',(0.,-6.5));
#3665 = VECTOR('',#3666,1.);
#3666 = DIRECTION('',(1.,0.));
#3667 = ( GEOMETRIC_REPRESENTATION_CONTEXT(2) 
PARAMETRIC_REPRESENTATION_CONTEXT() REPRESENTATION_CONTEXT('2D SPACE',''
  ) );
#3668 = FACE_BOUND('',#3669,.F.);
#3669 = EDGE_LOOP('',(#3670,#3693,#3714,#3735,#3756,#3777,#3798,#3819,
    #3840,#3861,#3882,#3903));
#3670 = ORIENTED_EDGE('',*,*,#3671,.F.);
#3671 = EDGE_CURVE('',#3672,#3674,#3676,.T.);
#3672 = VERTEX_POINT('',#3673);
#3673 = CARTESIAN_POINT('',(-36.5,48.,52.630943086168));
#3674 = VERTEX_POINT('',#3675);
#3675 = CARTESIAN_POINT('',(-2.630943086168,48.,52.630943086168));
#3676 = SURFACE_CURVE('',#3677,(#3681,#3687),.PCURVE_S1.);
#3677 = LINE('',#3678,#3679);
#3678 = CARTESIAN_POINT('',(-39.,48.,52.630943086168));
#3679 = VECTOR('',#3680,1.);
#3680 = DIRECTION('',(1.,0.,-0.));
#3681 = PCURVE('',#1047,#3682);
#3682 = DEFINITIONAL_REPRESENTATION('',(#3683),#3686);
#3683 = B_SPLINE_CURVE_WITH_KNOTS('',1,(#3684,#3685),.UNSPECIFIED.,.F.,
  .F.,(2,2),(2.5,75.5),.PIECEWISE_BEZIER_KNOTS.);
#3684 = CARTESIAN_POINT('',(52.630943086168,5.));
#3685 = CARTESIAN_POINT('',(52.630943086168,78.));
#3686 = ( GEOMETRIC_REPRESENTATION_CONTEXT(2) 
PARAMETRIC_REPRESENTATION_CONTEXT() REPRESENTATION_CONTEXT('2D SPACE',''
  ) );
#3687 = PCURVE('',#3190,#3688);
#3688 = DEFINITIONAL_REPRESENTATION('',(#3689),#3692);
#3689 = B_SPLINE_CURVE_WITH_KNOTS('',1,(#3690,#3691),.UNSPECIFIED.,.F.,
  .F.,(2,2),(2.5,75.5),.PIECEWISE_BEZIER_KNOTS.);
#3690 = CARTESIAN_POINT('',(0.,3.));
#3691 = CARTESIAN_POINT('',(73.,3.));
#3692 = ( GEOMETRIC_REPRESENTATION_CONTEXT(2) 
PARAMETRIC_REPRESENTATION_CONTEXT() REPRESENTATION_CONTEXT('2D SPACE',''
  ) );
#3693 = ORIENTED_EDGE('',*,*,#3694,.T.);
#3694 = EDGE_CURVE('',#3672,#3695,#3697,.T.);
#3695 = VERTEX_POINT('',#3696);
#3696 = CARTESIAN_POINT('',(-36.5,48.,47.369056913832));
#3697 = SURFACE_CURVE('',#3698,(#3702,#3708),.PCURVE_S1.);
#3698 = LINE('',#3699,#3700);
#3699 = CARTESIAN_POINT('',(-36.5,48.,23.684528456916));
#3700 = VECTOR('',#3701,1.);
#3701 = DIRECTION('',(-0.,0.,-1.));
#3702 = PCURVE('',#1047,#3703);
#3703 = DEFINITIONAL_REPRESENTATION('',(#3704),#3707);
#3704 = B_SPLINE_CURVE_WITH_KNOTS('',1,(#3705,#3706),.UNSPECIFIED.,.F.,
  .F.,(2,2),(-28.94641462925,-23.68452845691),.PIECEWISE_BEZIER_KNOTS.);
#3705 = CARTESIAN_POINT('',(52.630943086168,5.));
#3706 = CARTESIAN_POINT('',(47.369056913832,5.));
#3707 = ( GEOMETRIC_REPRESENTATION_CONTEXT(2) 
PARAMETRIC_REPRESENTATION_CONTEXT() REPRESENTATION_CONTEXT('2D SPACE',''
  ) );
#3708 = PCURVE('',#2895,#3709);
#3709 = DEFINITIONAL_REPRESENTATION('',(#3710),#3713);
#3710 = B_SPLINE_CURVE_WITH_KNOTS('',1,(#3711,#3712),.UNSPECIFIED.,.F.,
  .F.,(2,2),(-28.94641462925,-23.68452845691),.PIECEWISE_BEZIER_KNOTS.);
#3711 = CARTESIAN_POINT('',(5.261886172335,-3.));
#3712 = CARTESIAN_POINT('',(0.,-3.));
#3713 = ( GEOMETRIC_REPRESENTATION_CONTEXT(2) 
PARAMETRIC_REPRESENTATION_CONTEXT() REPRESENTATION_CONTEXT('2D SPACE',''
  ) );
#3714 = ORIENTED_EDGE('',*,*,#3715,.T.);
#3715 = EDGE_CURVE('',#3695,#3716,#3718,.T.);
#3716 = VERTEX_POINT('',#3717);
#3717 = CARTESIAN_POINT('',(-2.630943086168,48.,47.369056913832));
#3718 = SURFACE_CURVE('',#3719,(#3723,#3729),.PCURVE_S1.);
#3719 = LINE('',#3720,#3721);
#3720 = CARTESIAN_POINT('',(-39.,48.,47.369056913832));
#3721 = VECTOR('',#3722,1.);
#3722 = DIRECTION('',(1.,0.,-0.));
#3723 = PCURVE('',#1047,#3724);
#3724 = DEFINITIONAL_REPRESENTATION('',(#3725),#3728);
#3725 = B_SPLINE_CURVE_WITH_KNOTS('',1,(#3726,#3727),.UNSPECIFIED.,.F.,
  .F.,(2,2),(2.5,75.5),.PIECEWISE_BEZIER_KNOTS.);
#3726 = CARTESIAN_POINT('',(47.369056913832,5.));
#3727 = CARTESIAN_POINT('',(47.369056913832,78.));
#3728 = ( GEOMETRIC_REPRESENTATION_CONTEXT(2) 
PARAMETRIC_REPRESENTATION_CONTEXT() REPRESENTATION_CONTEXT('2D SPACE',''
  ) );
#3729 = PCURVE('',#2922,#3730);
#3730 = DEFINITIONAL_REPRESENTATION('',(#3731),#3734);
#3731 = B_SPLINE_CURVE_WITH_KNOTS('',1,(#3732,#3733),.UNSPECIFIED.,.F.,
  .F.,(2,2),(2.5,75.5),.PIECEWISE_BEZIER_KNOTS.);
#3732 = CARTESIAN_POINT('',(0.,3.));
#3733 = CARTESIAN_POINT('',(73.,3.));
#3734 = ( GEOMETRIC_REPRESENTATION_CONTEXT(2) 
PARAMETRIC_REPRESENTATION_CONTEXT() REPRESENTATION_CONTEXT('2D SPACE',''
  ) );
#3735 = ORIENTED_EDGE('',*,*,#3736,.T.);
#3736 = EDGE_CURVE('',#3716,#3737,#3739,.T.);
#3737 = VERTEX_POINT('',#3738);
#3738 = CARTESIAN_POINT('',(-2.630943086168,48.,5.));
#3739 = SURFACE_CURVE('',#3740,(#3744,#3750),.PCURVE_S1.);
#3740 = LINE('',#3741,#3742);
#3741 = CARTESIAN_POINT('',(-2.630943086168,48.,2.5));
#3742 = VECTOR('',#3743,1.);
#3743 = DIRECTION('',(-0.,0.,-1.));
#3744 = PCURVE('',#1047,#3745);
#3745 = DEFINITIONAL_REPRESENTATION('',(#3746),#3749);
#3746 = B_SPLINE_CURVE_WITH_KNOTS('',1,(#3747,#3748),.UNSPECIFIED.,.F.,
  .F.,(2,2),(-92.5,-2.5),.PIECEWISE_BEZIER_KNOTS.);
#3747 = CARTESIAN_POINT('',(95.,38.869056913832));
#3748 = CARTESIAN_POINT('',(5.,38.869056913832));
#3749 = ( GEOMETRIC_REPRESENTATION_CONTEXT(2) 
PARAMETRIC_REPRESENTATION_CONTEXT() REPRESENTATION_CONTEXT('2D SPACE',''
  ) );
#3750 = PCURVE('',#2949,#3751);
#3751 = DEFINITIONAL_REPRESENTATION('',(#3752),#3755);
#3752 = B_SPLINE_CURVE_WITH_KNOTS('',1,(#3753,#3754),.UNSPECIFIED.,.F.,
  .F.,(2,2),(-92.5,-2.5),.PIECEWISE_BEZIER_KNOTS.);
#3753 = CARTESIAN_POINT('',(90.,-3.));
#3754 = CARTESIAN_POINT('',(0.,-3.));
#3755 = ( GEOMETRIC_REPRESENTATION_CONTEXT(2) 
PARAMETRIC_REPRESENTATION_CONTEXT() REPRESENTATION_CONTEXT('2D SPACE',''
  ) );
#3756 = ORIENTED_EDGE('',*,*,#3757,.T.);
#3757 = EDGE_CURVE('',#3737,#3758,#3760,.T.);
#3758 = VERTEX_POINT('',#3759);
#3759 = CARTESIAN_POINT('',(2.630943086168,48.,5.));
#3760 = SURFACE_CURVE('',#3761,(#3765,#3771),.PCURVE_S1.);
#3761 = LINE('',#3762,#3763);
#3762 = CARTESIAN_POINT('',(-22.06547154308,48.,5.));
#3763 = VECTOR('',#3764,1.);
#3764 = DIRECTION('',(1.,0.,-0.));
#3765 = PCURVE('',#1047,#3766);
#3766 = DEFINITIONAL_REPRESENTATION('',(#3767),#3770);
#3767 = B_SPLINE_CURVE_WITH_KNOTS('',1,(#3768,#3769),.UNSPECIFIED.,.F.,
  .F.,(2,2),(19.434528456916,24.696414629251),.PIECEWISE_BEZIER_KNOTS.);
#3768 = CARTESIAN_POINT('',(5.,38.869056913832));
#3769 = CARTESIAN_POINT('',(5.,44.130943086168));
#3770 = ( GEOMETRIC_REPRESENTATION_CONTEXT(2) 
PARAMETRIC_REPRESENTATION_CONTEXT() REPRESENTATION_CONTEXT('2D SPACE',''
  ) );
#3771 = PCURVE('',#2976,#3772);
#3772 = DEFINITIONAL_REPRESENTATION('',(#3773),#3776);
#3773 = B_SPLINE_CURVE_WITH_KNOTS('',1,(#3774,#3775),.UNSPECIFIED.,.F.,
  .F.,(2,2),(19.434528456916,24.696414629251),.PIECEWISE_BEZIER_KNOTS.);
#3774 = CARTESIAN_POINT('',(0.,3.));
#3775 = CARTESIAN_POINT('',(5.261886172335,3.));
#3776 = ( GEOMETRIC_REPRESENTATION_CONTEXT(2) 
PARAMETRIC_REPRESENTATION_CONTEXT() REPRESENTATION_CONTEXT('2D SPACE',''
  ) );
#3777 = ORIENTED_EDGE('',*,*,#3778,.F.);
#3778 = EDGE_CURVE('',#3779,#3758,#3781,.T.);
#3779 = VERTEX_POINT('',#3780);
#3780 = CARTESIAN_POINT('',(2.630943086168,48.,47.369056913832));
#3781 = SURFACE_CURVE('',#3782,(#3786,#3792),.PCURVE_S1.);
#3782 = LINE('',#3783,#3784);
#3783 = CARTESIAN_POINT('',(2.630943086168,48.,2.5));
#3784 = VECTOR('',#3785,1.);
#3785 = DIRECTION('',(-0.,0.,-1.));
#3786 = PCURVE('',#1047,#3787);
#3787 = DEFINITIONAL_REPRESENTATION('',(#3788),#3791);
#3788 = B_SPLINE_CURVE_WITH_KNOTS('',1,(#3789,#3790),.UNSPECIFIED.,.F.,
  .F.,(2,2),(-92.5,-2.5),.PIECEWISE_BEZIER_KNOTS.);
#3789 = CARTESIAN_POINT('',(95.,44.130943086168));
#3790 = CARTESIAN_POINT('',(5.,44.130943086168));
#3791 = ( GEOMETRIC_REPRESENTATION_CONTEXT(2) 
PARAMETRIC_REPRESENTATION_CONTEXT() REPRESENTATION_CONTEXT('2D SPACE',''
  ) );
#3792 = PCURVE('',#3003,#3793);
#3793 = DEFINITIONAL_REPRESENTATION('',(#3794),#3797);
#3794 = B_SPLINE_CURVE_WITH_KNOTS('',1,(#3795,#3796),.UNSPECIFIED.,.F.,
  .F.,(2,2),(-92.5,-2.5),.PIECEWISE_BEZIER_KNOTS.);
#3795 = CARTESIAN_POINT('',(90.,-3.));
#3796 = CARTESIAN_POINT('',(0.,-3.));
#3797 = ( GEOMETRIC_REPRESENTATION_CONTEXT(2) 
PARAMETRIC_REPRESENTATION_CONTEXT() REPRESENTATION_CONTEXT('2D SPACE',''
  ) );
#3798 = ORIENTED_EDGE('',*,*,#3799,.T.);
#3799 = EDGE_CURVE('',#3779,#3800,#3802,.T.);
#3800 = VERTEX_POINT('',#3801);
#3801 = CARTESIAN_POINT('',(36.5,48.,47.369056913832));
#3802 = SURFACE_CURVE('',#3803,(#3807,#3813),.PCURVE_S1.);
#3803 = LINE('',#3804,#3805);
#3804 = CARTESIAN_POINT('',(-39.,48.,47.369056913832));
#3805 = VECTOR('',#3806,1.);
#3806 = DIRECTION('',(1.,0.,-0.));
#3807 = PCURVE('',#1047,#3808);
#3808 = DEFINITIONAL_REPRESENTATION('',(#3809),#3812);
#3809 = B_SPLINE_CURVE_WITH_KNOTS('',1,(#3810,#3811),.UNSPECIFIED.,.F.,
  .F.,(2,2),(2.5,75.5),.PIECEWISE_BEZIER_KNOTS.);
#3810 = CARTESIAN_POINT('',(47.369056913832,5.));
#3811 = CARTESIAN_POINT('',(47.369056913832,78.));
#3812 = ( GEOMETRIC_REPRESENTATION_CONTEXT(2) 
PARAMETRIC_REPRESENTATION_CONTEXT() REPRESENTATION_CONTEXT('2D SPACE',''
  ) );
#3813 = PCURVE('',#3030,#3814);
#3814 = DEFINITIONAL_REPRESENTATION('',(#3815),#3818);
#3815 = B_SPLINE_CURVE_WITH_KNOTS('',1,(#3816,#3817),.UNSPECIFIED.,.F.,
  .F.,(2,2),(2.5,75.5),.PIECEWISE_BEZIER_KNOTS.);
#3816 = CARTESIAN_POINT('',(0.,3.));
#3817 = CARTESIAN_POINT('',(73.,3.));
#3818 = ( GEOMETRIC_REPRESENTATION_CONTEXT(2) 
PARAMETRIC_REPRESENTATION_CONTEXT() REPRESENTATION_CONTEXT('2D SPACE',''
  ) );
#3819 = ORIENTED_EDGE('',*,*,#3820,.F.);
#3820 = EDGE_CURVE('',#3821,#3800,#3823,.T.);
#3821 = VERTEX_POINT('',#3822);
#3822 = CARTESIAN_POINT('',(36.5,48.,52.630943086168));
#3823 = SURFACE_CURVE('',#3824,(#3828,#3834),.PCURVE_S1.);
#3824 = LINE('',#3825,#3826);
#3825 = CARTESIAN_POINT('',(36.5,48.,23.684528456916));
#3826 = VECTOR('',#3827,1.);
#3827 = DIRECTION('',(-0.,0.,-1.));
#3828 = PCURVE('',#1047,#3829);
#3829 = DEFINITIONAL_REPRESENTATION('',(#3830),#3833);
#3830 = B_SPLINE_CURVE_WITH_KNOTS('',1,(#3831,#3832),.UNSPECIFIED.,.F.,
  .F.,(2,2),(-28.94641462925,-23.68452845691),.PIECEWISE_BEZIER_KNOTS.);
#3831 = CARTESIAN_POINT('',(52.630943086168,78.));
#3832 = CARTESIAN_POINT('',(47.369056913832,78.));
#3833 = ( GEOMETRIC_REPRESENTATION_CONTEXT(2) 
PARAMETRIC_REPRESENTATION_CONTEXT() REPRESENTATION_CONTEXT('2D SPACE',''
  ) );
#3834 = PCURVE('',#3057,#3835);
#3835 = DEFINITIONAL_REPRESENTATION('',(#3836),#3839);
#3836 = B_SPLINE_CURVE_WITH_KNOTS('',1,(#3837,#3838),.UNSPECIFIED.,.F.,
  .F.,(2,2),(-28.94641462925,-23.68452845691),.PIECEWISE_BEZIER_KNOTS.);
#3837 = CARTESIAN_POINT('',(5.261886172335,-3.));
#3838 = CARTESIAN_POINT('',(0.,-3.));
#3839 = ( GEOMETRIC_REPRESENTATION_CONTEXT(2) 
PARAMETRIC_REPRESENTATION_CONTEXT() REPRESENTATION_CONTEXT('2D SPACE',''
  ) );
#3840 = ORIENTED_EDGE('',*,*,#3841,.F.);
#3841 = EDGE_CURVE('',#3842,#3821,#3844,.T.);
#3842 = VERTEX_POINT('',#3843);
#3843 = CARTESIAN_POINT('',(2.630943086168,48.,52.630943086168));
#3844 = SURFACE_CURVE('',#3845,(#3849,#3855),.PCURVE_S1.);
#3845 = LINE('',#3846,#3847);
#3846 = CARTESIAN_POINT('',(-39.,48.,52.630943086168));
#3847 = VECTOR('',#3848,1.);
#3848 = DIRECTION('',(1.,0.,-0.));
#3849 = PCURVE('',#1047,#3850);
#3850 = DEFINITIONAL_REPRESENTATION('',(#3851),#3854);
#3851 = B_SPLINE_CURVE_WITH_KNOTS('',1,(#3852,#3853),.UNSPECIFIED.,.F.,
  .F.,(2,2),(2.5,75.5),.PIECEWISE_BEZIER_KNOTS.);
#3852 = CARTESIAN_POINT('',(52.630943086168,5.));
#3853 = CARTESIAN_POINT('',(52.630943086168,78.));
#3854 = ( GEOMETRIC_REPRESENTATION_CONTEXT(2) 
PARAMETRIC_REPRESENTATION_CONTEXT() REPRESENTATION_CONTEXT('2D SPACE',''
  ) );
#3855 = PCURVE('',#3084,#3856);
#3856 = DEFINITIONAL_REPRESENTATION('',(#3857),#3860);
#3857 = B_SPLINE_CURVE_WITH_KNOTS('',1,(#3858,#3859),.UNSPECIFIED.,.F.,
  .F.,(2,2),(2.5,75.5),.PIECEWISE_BEZIER_KNOTS.);
#3858 = CARTESIAN_POINT('',(0.,3.));
#3859 = CARTESIAN_POINT('',(73.,3.));
#3860 = ( GEOMETRIC_REPRESENTATION_CONTEXT(2) 
PARAMETRIC_REPRESENTATION_CONTEXT() REPRESENTATION_CONTEXT('2D SPACE',''
  ) );
#3861 = ORIENTED_EDGE('',*,*,#3862,.F.);
#3862 = EDGE_CURVE('',#3863,#3842,#3865,.T.);
#3863 = VERTEX_POINT('',#3864);
#3864 = CARTESIAN_POINT('',(2.630943086168,48.,95.));
#3865 = SURFACE_CURVE('',#3866,(#3870,#3876),.PCURVE_S1.);
#3866 = LINE('',#3867,#3868);
#3867 = CARTESIAN_POINT('',(2.630943086168,48.,2.5));
#3868 = VECTOR('',#3869,1.);
#3869 = DIRECTION('',(-0.,0.,-1.));
#3870 = PCURVE('',#1047,#3871);
#3871 = DEFINITIONAL_REPRESENTATION('',(#3872),#3875);
#3872 = B_SPLINE_CURVE_WITH_KNOTS('',1,(#3873,#3874),.UNSPECIFIED.,.F.,
  .F.,(2,2),(-92.5,-2.5),.PIECEWISE_BEZIER_KNOTS.);
#3873 = CARTESIAN_POINT('',(95.,44.130943086168));
#3874 = CARTESIAN_POINT('',(5.,44.130943086168));
#3875 = ( GEOMETRIC_REPRESENTATION_CONTEXT(2) 
PARAMETRIC_REPRESENTATION_CONTEXT() REPRESENTATION_CONTEXT('2D SPACE',''
  ) );
#3876 = PCURVE('',#3111,#3877);
#3877 = DEFINITIONAL_REPRESENTATION('',(#3878),#3881);
#3878 = B_SPLINE_CURVE_WITH_KNOTS('',1,(#3879,#3880),.UNSPECIFIED.,.F.,
  .F.,(2,2),(-92.5,-2.5),.PIECEWISE_BEZIER_KNOTS.);
#3879 = CARTESIAN_POINT('',(90.,-3.));
#3880 = CARTESIAN_POINT('',(0.,-3.));
#3881 = ( GEOMETRIC_REPRESENTATION_CONTEXT(2) 
PARAMETRIC_REPRESENTATION_CONTEXT() REPRESENTATION_CONTEXT('2D SPACE',''
  ) );
#3882 = ORIENTED_EDGE('',*,*,#3883,.F.);
#3883 = EDGE_CURVE('',#3884,#3863,#3886,.T.);
#3884 = VERTEX_POINT('',#3885);
#3885 = CARTESIAN_POINT('',(-2.630943086168,48.,95.));
#3886 = SURFACE_CURVE('',#3887,(#3891,#3897),.PCURVE_S1.);
#3887 = LINE('',#3888,#3889);
#3888 = CARTESIAN_POINT('',(-22.06547154308,48.,95.));
#3889 = VECTOR('',#3890,1.);
#3890 = DIRECTION('',(1.,0.,-0.));
#3891 = PCURVE('',#1047,#3892);
#3892 = DEFINITIONAL_REPRESENTATION('',(#3893),#3896);
#3893 = B_SPLINE_CURVE_WITH_KNOTS('',1,(#3894,#3895),.UNSPECIFIED.,.F.,
  .F.,(2,2),(19.434528456916,24.696414629251),.PIECEWISE_BEZIER_KNOTS.);
#3894 = CARTESIAN_POINT('',(95.,38.869056913832));
#3895 = CARTESIAN_POINT('',(95.,44.130943086168));
#3896 = ( GEOMETRIC_REPRESENTATION_CONTEXT(2) 
PARAMETRIC_REPRESENTATION_CONTEXT() REPRESENTATION_CONTEXT('2D SPACE',''
  ) );
#3897 = PCURVE('',#3138,#3898);
#3898 = DEFINITIONAL_REPRESENTATION('',(#3899),#3902);
#3899 = B_SPLINE_CURVE_WITH_KNOTS('',1,(#3900,#3901),.UNSPECIFIED.,.F.,
  .F.,(2,2),(19.434528456916,24.696414629251),.PIECEWISE_BEZIER_KNOTS.);
#3900 = CARTESIAN_POINT('',(0.,3.));
#3901 = CARTESIAN_POINT('',(5.261886172335,3.));
#3902 = ( GEOMETRIC_REPRESENTATION_CONTEXT(2) 
PARAMETRIC_REPRESENTATION_CONTEXT() REPRESENTATION_CONTEXT('2D SPACE',''
  ) );
#3903 = ORIENTED_EDGE('',*,*,#3904,.T.);
#3904 = EDGE_CURVE('',#3884,#3674,#3905,.T.);
#3905 = SURFACE_CURVE('',#3906,(#3910,#3916),.PCURVE_S1.);
#3906 = LINE('',#3907,#3908);
#3907 = CARTESIAN_POINT('',(-2.630943086168,48.,2.5));
#3908 = VECTOR('',#3909,1.);
#3909 = DIRECTION('',(-0.,0.,-1.));
#3910 = PCURVE('',#1047,#3911);
#3911 = DEFINITIONAL_REPRESENTATION('',(#3912),#3915);
#3912 = B_SPLINE_CURVE_WITH_KNOTS('',1,(#3913,#3914),.UNSPECIFIED.,.F.,
  .F.,(2,2),(-92.5,-2.5),.PIECEWISE_BEZIER_KNOTS.);
#3913 = CARTESIAN_POINT('',(95.,38.869056913832));
#3914 = CARTESIAN_POINT('',(5.,38.869056913832));
#3915 = ( GEOMETRIC_REPRESENTATION_CONTEXT(2) 
PARAMETRIC_REPRESENTATION_CONTEXT() REPRESENTATION_CONTEXT('2D SPACE',''
  ) );
#3916 = PCURVE('',#3165,#3917);
#3917 = DEFINITIONAL_REPRESENTATION('',(#3918),#3921);
#3918 = B_SPLINE_CURVE_WITH_KNOTS('',1,(#3919,#3920),.UNSPECIFIED.,.F.,
  .F.,(2,2),(-92.5,-2.5),.PIECEWISE_BEZIER_KNOTS.);
#3919 = CARTESIAN_POINT('',(90.,-3.));
#3920 = CARTESIAN_POINT('',(0.,-3.));
#3921 = ( GEOMETRIC_REPRESENTATION_CONTEXT(2) 
PARAMETRIC_REPRESENTATION_CONTEXT() REPRESENTATION_CONTEXT('2D SPACE',''
  ) );
#3922 = ADVANCED_FACE('',(#3923,#3949),#1131,.F.);
#3923 = FACE_BOUND('',#3924,.F.);
#3924 = EDGE_LOOP('',(#3925,#3926,#3927,#3948));
#3925 = ORIENTED_EDGE('',*,*,#3621,.F.);
#3926 = ORIENTED_EDGE('',*,*,#1467,.T.);
#3927 = ORIENTED_EDGE('',*,*,#3928,.T.);
#3928 = EDGE_CURVE('',#1445,#1088,#3929,.T.);
#3929 = SURFACE_CURVE('',#3930,(#3934,#3941),.PCURVE_S1.);
#3930 = LINE('',#3931,#3932);
#3931 = CARTESIAN_POINT('',(48.,41.5,0.));
#3932 = VECTOR('',#3933,1.);
#3933 = DIRECTION('',(0.,0.,1.));
#3934 = PCURVE('',#1131,#3935);
#3935 = DEFINITIONAL_REPRESENTATION('',(#3936),#3940);
#3936 = LINE('',#3937,#3938);
#3937 = CARTESIAN_POINT('',(0.,-83.));
#3938 = VECTOR('',#3939,1.);
#3939 = DIRECTION('',(1.,0.));
#3940 = ( GEOMETRIC_REPRESENTATION_CONTEXT(2) 
PARAMETRIC_REPRESENTATION_CONTEXT() REPRESENTATION_CONTEXT('2D SPACE',''
  ) );
#3941 = PCURVE('',#1103,#3942);
#3942 = DEFINITIONAL_REPRESENTATION('',(#3943),#3947);
#3943 = LINE('',#3944,#3945);
#3944 = CARTESIAN_POINT('',(0.,6.5));
#3945 = VECTOR('',#3946,1.);
#3946 = DIRECTION('',(1.,0.));
#3947 = ( GEOMETRIC_REPRESENTATION_CONTEXT(2) 
PARAMETRIC_REPRESENTATION_CONTEXT() REPRESENTATION_CONTEXT('2D SPACE',''
  ) );
#3948 = ORIENTED_EDGE('',*,*,#1115,.F.);
#3949 = FACE_BOUND('',#3950,.F.);
#3950 = EDGE_LOOP('',(#3951,#3974,#3995,#4016,#4037,#4058,#4079,#4100,
    #4121,#4142,#4163,#4184));
#3951 = ORIENTED_EDGE('',*,*,#3952,.T.);
#3952 = EDGE_CURVE('',#3953,#3955,#3957,.T.);
#3953 = VERTEX_POINT('',#3954);
#3954 = CARTESIAN_POINT('',(48.,-2.630943086168,47.369056913832));
#3955 = VERTEX_POINT('',#3956);
#3956 = CARTESIAN_POINT('',(48.,-36.5,47.369056913832));
#3957 = SURFACE_CURVE('',#3958,(#3962,#3968),.PCURVE_S1.);
#3958 = LINE('',#3959,#3960);
#3959 = CARTESIAN_POINT('',(48.,-39.,47.369056913832));
#3960 = VECTOR('',#3961,1.);
#3961 = DIRECTION('',(0.,-1.,0.));
#3962 = PCURVE('',#1131,#3963);
#3963 = DEFINITIONAL_REPRESENTATION('',(#3964),#3967);
#3964 = B_SPLINE_CURVE_WITH_KNOTS('',1,(#3965,#3966),.UNSPECIFIED.,.F.,
  .F.,(2,2),(-75.5,-2.5),.PIECEWISE_BEZIER_KNOTS.);
#3965 = CARTESIAN_POINT('',(47.369056913832,-78.));
#3966 = CARTESIAN_POINT('',(47.369056913832,-5.));
#3967 = ( GEOMETRIC_REPRESENTATION_CONTEXT(2) 
PARAMETRIC_REPRESENTATION_CONTEXT() REPRESENTATION_CONTEXT('2D SPACE',''
  ) );
#3968 = PCURVE('',#3523,#3969);
#3969 = DEFINITIONAL_REPRESENTATION('',(#3970),#3973);
#3970 = B_SPLINE_CURVE_WITH_KNOTS('',1,(#3971,#3972),.UNSPECIFIED.,.F.,
  .F.,(2,2),(-75.5,-2.5),.PIECEWISE_BEZIER_KNOTS.);
#3971 = CARTESIAN_POINT('',(73.,5.));
#3972 = CARTESIAN_POINT('',(-8.881784197001E-16,5.));
#3973 = ( GEOMETRIC_REPRESENTATION_CONTEXT(2) 
PARAMETRIC_REPRESENTATION_CONTEXT() REPRESENTATION_CONTEXT('2D SPACE',''
  ) );
#3974 = ORIENTED_EDGE('',*,*,#3975,.T.);
#3975 = EDGE_CURVE('',#3955,#3976,#3978,.T.);
#3976 = VERTEX_POINT('',#3977);
#3977 = CARTESIAN_POINT('',(48.,-36.5,52.630943086168));
#3978 = SURFACE_CURVE('',#3979,(#3983,#3989),.PCURVE_S1.);
#3979 = LINE('',#3980,#3981);
#3980 = CARTESIAN_POINT('',(48.,-36.5,23.684528456916));
#3981 = VECTOR('',#3982,1.);
#3982 = DIRECTION('',(0.,-0.,1.));
#3983 = PCURVE('',#1131,#3984);
#3984 = DEFINITIONAL_REPRESENTATION('',(#3985),#3988);
#3985 = B_SPLINE_CURVE_WITH_KNOTS('',1,(#3986,#3987),.UNSPECIFIED.,.F.,
  .F.,(2,2),(23.684528456916,28.946414629251),.PIECEWISE_BEZIER_KNOTS.);
#3986 = CARTESIAN_POINT('',(47.369056913832,-5.));
#3987 = CARTESIAN_POINT('',(52.630943086168,-5.));
#3988 = ( GEOMETRIC_REPRESENTATION_CONTEXT(2) 
PARAMETRIC_REPRESENTATION_CONTEXT() REPRESENTATION_CONTEXT('2D SPACE',''
  ) );
#3989 = PCURVE('',#3228,#3990);
#3990 = DEFINITIONAL_REPRESENTATION('',(#3991),#3994);
#3991 = B_SPLINE_CURVE_WITH_KNOTS('',1,(#3992,#3993),.UNSPECIFIED.,.F.,
  .F.,(2,2),(23.684528456916,28.946414629251),.PIECEWISE_BEZIER_KNOTS.);
#3992 = CARTESIAN_POINT('',(0.,-5.));
#3993 = CARTESIAN_POINT('',(5.261886172335,-5.));
#3994 = ( GEOMETRIC_REPRESENTATION_CONTEXT(2) 
PARAMETRIC_REPRESENTATION_CONTEXT() REPRESENTATION_CONTEXT('2D SPACE',''
  ) );
#3995 = ORIENTED_EDGE('',*,*,#3996,.F.);
#3996 = EDGE_CURVE('',#3997,#3976,#3999,.T.);
#3997 = VERTEX_POINT('',#3998);
#3998 = CARTESIAN_POINT('',(48.,-2.630943086168,52.630943086168));
#3999 = SURFACE_CURVE('',#4000,(#4004,#4010),.PCURVE_S1.);
#4000 = LINE('',#4001,#4002);
#4001 = CARTESIAN_POINT('',(48.,-39.,52.630943086168));
#4002 = VECTOR('',#4003,1.);
#4003 = DIRECTION('',(0.,-1.,0.));
#4004 = PCURVE('',#1131,#4005);
#4005 = DEFINITIONAL_REPRESENTATION('',(#4006),#4009);
#4006 = B_SPLINE_CURVE_WITH_KNOTS('',1,(#4007,#4008),.UNSPECIFIED.,.F.,
  .F.,(2,2),(-75.5,-2.5),.PIECEWISE_BEZIER_KNOTS.);
#4007 = CARTESIAN_POINT('',(52.630943086168,-78.));
#4008 = CARTESIAN_POINT('',(52.630943086168,-5.));
#4009 = ( GEOMETRIC_REPRESENTATION_CONTEXT(2) 
PARAMETRIC_REPRESENTATION_CONTEXT() REPRESENTATION_CONTEXT('2D SPACE',''
  ) );
#4010 = PCURVE('',#3255,#4011);
#4011 = DEFINITIONAL_REPRESENTATION('',(#4012),#4015);
#4012 = B_SPLINE_CURVE_WITH_KNOTS('',1,(#4013,#4014),.UNSPECIFIED.,.F.,
  .F.,(2,2),(-75.5,-2.5),.PIECEWISE_BEZIER_KNOTS.);
#4013 = CARTESIAN_POINT('',(73.,5.));
#4014 = CARTESIAN_POINT('',(-8.881784197001E-16,5.));
#4015 = ( GEOMETRIC_REPRESENTATION_CONTEXT(2) 
PARAMETRIC_REPRESENTATION_CONTEXT() REPRESENTATION_CONTEXT('2D SPACE',''
  ) );
#4016 = ORIENTED_EDGE('',*,*,#4017,.T.);
#4017 = EDGE_CURVE('',#3997,#4018,#4020,.T.);
#4018 = VERTEX_POINT('',#4019);
#4019 = CARTESIAN_POINT('',(48.,-2.630943086168,95.));
#4020 = SURFACE_CURVE('',#4021,(#4025,#4031),.PCURVE_S1.);
#4021 = LINE('',#4022,#4023);
#4022 = CARTESIAN_POINT('',(48.,-2.630943086168,2.5));
#4023 = VECTOR('',#4024,1.);
#4024 = DIRECTION('',(0.,-0.,1.));
#4025 = PCURVE('',#1131,#4026);
#4026 = DEFINITIONAL_REPRESENTATION('',(#4027),#4030);
#4027 = B_SPLINE_CURVE_WITH_KNOTS('',1,(#4028,#4029),.UNSPECIFIED.,.F.,
  .F.,(2,2),(2.5,92.5),.PIECEWISE_BEZIER_KNOTS.);
#4028 = CARTESIAN_POINT('',(5.,-38.86905691383));
#4029 = CARTESIAN_POINT('',(95.,-38.86905691383));
#4030 = ( GEOMETRIC_REPRESENTATION_CONTEXT(2) 
PARAMETRIC_REPRESENTATION_CONTEXT() REPRESENTATION_CONTEXT('2D SPACE',''
  ) );
#4031 = PCURVE('',#3282,#4032);
#4032 = DEFINITIONAL_REPRESENTATION('',(#4033),#4036);
#4033 = B_SPLINE_CURVE_WITH_KNOTS('',1,(#4034,#4035),.UNSPECIFIED.,.F.,
  .F.,(2,2),(2.5,92.5),.PIECEWISE_BEZIER_KNOTS.);
#4034 = CARTESIAN_POINT('',(0.,-5.));
#4035 = CARTESIAN_POINT('',(90.,-5.));
#4036 = ( GEOMETRIC_REPRESENTATION_CONTEXT(2) 
PARAMETRIC_REPRESENTATION_CONTEXT() REPRESENTATION_CONTEXT('2D SPACE',''
  ) );
#4037 = ORIENTED_EDGE('',*,*,#4038,.F.);
#4038 = EDGE_CURVE('',#4039,#4018,#4041,.T.);
#4039 = VERTEX_POINT('',#4040);
#4040 = CARTESIAN_POINT('',(48.,2.630943086168,95.));
#4041 = SURFACE_CURVE('',#4042,(#4046,#4052),.PCURVE_S1.);
#4042 = LINE('',#4043,#4044);
#4043 = CARTESIAN_POINT('',(48.,-22.06547154308,95.));
#4044 = VECTOR('',#4045,1.);
#4045 = DIRECTION('',(0.,-1.,0.));
#4046 = PCURVE('',#1131,#4047);
#4047 = DEFINITIONAL_REPRESENTATION('',(#4048),#4051);
#4048 = B_SPLINE_CURVE_WITH_KNOTS('',1,(#4049,#4050),.UNSPECIFIED.,.F.,
  .F.,(2,2),(-24.69641462925,-19.43452845691),.PIECEWISE_BEZIER_KNOTS.);
#4049 = CARTESIAN_POINT('',(95.,-44.13094308616));
#4050 = CARTESIAN_POINT('',(95.,-38.86905691383));
#4051 = ( GEOMETRIC_REPRESENTATION_CONTEXT(2) 
PARAMETRIC_REPRESENTATION_CONTEXT() REPRESENTATION_CONTEXT('2D SPACE',''
  ) );
#4052 = PCURVE('',#3309,#4053);
#4053 = DEFINITIONAL_REPRESENTATION('',(#4054),#4057);
#4054 = B_SPLINE_CURVE_WITH_KNOTS('',1,(#4055,#4056),.UNSPECIFIED.,.F.,
  .F.,(2,2),(-24.69641462925,-19.43452845691),.PIECEWISE_BEZIER_KNOTS.);
#4055 = CARTESIAN_POINT('',(5.261886172335,5.));
#4056 = CARTESIAN_POINT('',(0.,5.));
#4057 = ( GEOMETRIC_REPRESENTATION_CONTEXT(2) 
PARAMETRIC_REPRESENTATION_CONTEXT() REPRESENTATION_CONTEXT('2D SPACE',''
  ) );
#4058 = ORIENTED_EDGE('',*,*,#4059,.F.);
#4059 = EDGE_CURVE('',#4060,#4039,#4062,.T.);
#4060 = VERTEX_POINT('',#4061);
#4061 = CARTESIAN_POINT('',(48.,2.630943086168,52.630943086168));
#4062 = SURFACE_CURVE('',#4063,(#4067,#4073),.PCURVE_S1.);
#4063 = LINE('',#4064,#4065);
#4064 = CARTESIAN_POINT('',(48.,2.630943086168,2.5));
#4065 = VECTOR('',#4066,1.);
#4066 = DIRECTION('',(0.,-0.,1.));
#4067 = PCURVE('',#1131,#4068);
#4068 = DEFINITIONAL_REPRESENTATION('',(#4069),#4072);
#4069 = B_SPLINE_CURVE_WITH_KNOTS('',1,(#4070,#4071),.UNSPECIFIED.,.F.,
  .F.,(2,2),(2.5,92.5),.PIECEWISE_BEZIER_KNOTS.);
#4070 = CARTESIAN_POINT('',(5.,-44.13094308616));
#4071 = CARTESIAN_POINT('',(95.,-44.13094308616));
#4072 = ( GEOMETRIC_REPRESENTATION_CONTEXT(2) 
PARAMETRIC_REPRESENTATION_CONTEXT() REPRESENTATION_CONTEXT('2D SPACE',''
  ) );
#4073 = PCURVE('',#3336,#4074);
#4074 = DEFINITIONAL_REPRESENTATION('',(#4075),#4078);
#4075 = B_SPLINE_CURVE_WITH_KNOTS('',1,(#4076,#4077),.UNSPECIFIED.,.F.,
  .F.,(2,2),(2.5,92.5),.PIECEWISE_BEZIER_KNOTS.);
#4076 = CARTESIAN_POINT('',(0.,-5.));
#4077 = CARTESIAN_POINT('',(90.,-5.));
#4078 = ( GEOMETRIC_REPRESENTATION_CONTEXT(2) 
PARAMETRIC_REPRESENTATION_CONTEXT() REPRESENTATION_CONTEXT('2D SPACE',''
  ) );
#4079 = ORIENTED_EDGE('',*,*,#4080,.F.);
#4080 = EDGE_CURVE('',#4081,#4060,#4083,.T.);
#4081 = VERTEX_POINT('',#4082);
#4082 = CARTESIAN_POINT('',(48.,36.5,52.630943086168));
#4083 = SURFACE_CURVE('',#4084,(#4088,#4094),.PCURVE_S1.);
#4084 = LINE('',#4085,#4086);
#4085 = CARTESIAN_POINT('',(48.,-39.,52.630943086168));
#4086 = VECTOR('',#4087,1.);
#4087 = DIRECTION('',(0.,-1.,0.));
#4088 = PCURVE('',#1131,#4089);
#4089 = DEFINITIONAL_REPRESENTATION('',(#4090),#4093);
#4090 = B_SPLINE_CURVE_WITH_KNOTS('',1,(#4091,#4092),.UNSPECIFIED.,.F.,
  .F.,(2,2),(-75.5,-2.5),.PIECEWISE_BEZIER_KNOTS.);
#4091 = CARTESIAN_POINT('',(52.630943086168,-78.));
#4092 = CARTESIAN_POINT('',(52.630943086168,-5.));
#4093 = ( GEOMETRIC_REPRESENTATION_CONTEXT(2) 
PARAMETRIC_REPRESENTATION_CONTEXT() REPRESENTATION_CONTEXT('2D SPACE',''
  ) );
#4094 = PCURVE('',#3363,#4095);
#4095 = DEFINITIONAL_REPRESENTATION('',(#4096),#4099);
#4096 = B_SPLINE_CURVE_WITH_KNOTS('',1,(#4097,#4098),.UNSPECIFIED.,.F.,
  .F.,(2,2),(-75.5,-2.5),.PIECEWISE_BEZIER_KNOTS.);
#4097 = CARTESIAN_POINT('',(73.,5.));
#4098 = CARTESIAN_POINT('',(-8.881784197001E-16,5.));
#4099 = ( GEOMETRIC_REPRESENTATION_CONTEXT(2) 
PARAMETRIC_REPRESENTATION_CONTEXT() REPRESENTATION_CONTEXT('2D SPACE',''
  ) );
#4100 = ORIENTED_EDGE('',*,*,#4101,.F.);
#4101 = EDGE_CURVE('',#4102,#4081,#4104,.T.);
#4102 = VERTEX_POINT('',#4103);
#4103 = CARTESIAN_POINT('',(48.,36.5,47.369056913832));
#4104 = SURFACE_CURVE('',#4105,(#4109,#4115),.PCURVE_S1.);
#4105 = LINE('',#4106,#4107);
#4106 = CARTESIAN_POINT('',(48.,36.5,23.684528456916));
#4107 = VECTOR('',#4108,1.);
#4108 = DIRECTION('',(0.,-0.,1.));
#4109 = PCURVE('',#1131,#4110);
#4110 = DEFINITIONAL_REPRESENTATION('',(#4111),#4114);
#4111 = B_SPLINE_CURVE_WITH_KNOTS('',1,(#4112,#4113),.UNSPECIFIED.,.F.,
  .F.,(2,2),(23.684528456916,28.946414629251),.PIECEWISE_BEZIER_KNOTS.);
#4112 = CARTESIAN_POINT('',(47.369056913832,-78.));
#4113 = CARTESIAN_POINT('',(52.630943086168,-78.));
#4114 = ( GEOMETRIC_REPRESENTATION_CONTEXT(2) 
PARAMETRIC_REPRESENTATION_CONTEXT() REPRESENTATION_CONTEXT('2D SPACE',''
  ) );
#4115 = PCURVE('',#3390,#4116);
#4116 = DEFINITIONAL_REPRESENTATION('',(#4117),#4120);
#4117 = B_SPLINE_CURVE_WITH_KNOTS('',1,(#4118,#4119),.UNSPECIFIED.,.F.,
  .F.,(2,2),(23.684528456916,28.946414629251),.PIECEWISE_BEZIER_KNOTS.);
#4118 = CARTESIAN_POINT('',(0.,-5.));
#4119 = CARTESIAN_POINT('',(5.261886172335,-5.));
#4120 = ( GEOMETRIC_REPRESENTATION_CONTEXT(2) 
PARAMETRIC_REPRESENTATION_CONTEXT() REPRESENTATION_CONTEXT('2D SPACE',''
  ) );
#4121 = ORIENTED_EDGE('',*,*,#4122,.T.);
#4122 = EDGE_CURVE('',#4102,#4123,#4125,.T.);
#4123 = VERTEX_POINT('',#4124);
#4124 = CARTESIAN_POINT('',(48.,2.630943086168,47.369056913832));
#4125 = SURFACE_CURVE('',#4126,(#4130,#4136),.PCURVE_S1.);
#4126 = LINE('',#4127,#4128);
#4127 = CARTESIAN_POINT('',(48.,-39.,47.369056913832));
#4128 = VECTOR('',#4129,1.);
#4129 = DIRECTION('',(0.,-1.,0.));
#4130 = PCURVE('',#1131,#4131);
#4131 = DEFINITIONAL_REPRESENTATION('',(#4132),#4135);
#4132 = B_SPLINE_CURVE_WITH_KNOTS('',1,(#4133,#4134),.UNSPECIFIED.,.F.,
  .F.,(2,2),(-75.5,-2.5),.PIECEWISE_BEZIER_KNOTS.);
#4133 = CARTESIAN_POINT('',(47.369056913832,-78.));
#4134 = CARTESIAN_POINT('',(47.369056913832,-5.));
#4135 = ( GEOMETRIC_REPRESENTATION_CONTEXT(2) 
PARAMETRIC_REPRESENTATION_CONTEXT() REPRESENTATION_CONTEXT('2D SPACE',''
  ) );
#4136 = PCURVE('',#3417,#4137);
#4137 = DEFINITIONAL_REPRESENTATION('',(#4138),#4141);
#4138 = B_SPLINE_CURVE_WITH_KNOTS('',1,(#4139,#4140),.UNSPECIFIED.,.F.,
  .F.,(2,2),(-75.5,-2.5),.PIECEWISE_BEZIER_KNOTS.);
#4139 = CARTESIAN_POINT('',(73.,5.));
#4140 = CARTESIAN_POINT('',(-8.881784197001E-16,5.));
#4141 = ( GEOMETRIC_REPRESENTATION_CONTEXT(2) 
PARAMETRIC_REPRESENTATION_CONTEXT() REPRESENTATION_CONTEXT('2D SPACE',''
  ) );
#4142 = ORIENTED_EDGE('',*,*,#4143,.F.);
#4143 = EDGE_CURVE('',#4144,#4123,#4146,.T.);
#4144 = VERTEX_POINT('',#4145);
#4145 = CARTESIAN_POINT('',(48.,2.630943086168,5.));
#4146 = SURFACE_CURVE('',#4147,(#4151,#4157),.PCURVE_S1.);
#4147 = LINE('',#4148,#4149);
#4148 = CARTESIAN_POINT('',(48.,2.630943086168,2.5));
#4149 = VECTOR('',#4150,1.);
#4150 = DIRECTION('',(0.,-0.,1.));
#4151 = PCURVE('',#1131,#4152);
#4152 = DEFINITIONAL_REPRESENTATION('',(#4153),#4156);
#4153 = B_SPLINE_CURVE_WITH_KNOTS('',1,(#4154,#4155),.UNSPECIFIED.,.F.,
  .F.,(2,2),(2.5,92.5),.PIECEWISE_BEZIER_KNOTS.);
#4154 = CARTESIAN_POINT('',(5.,-44.13094308616));
#4155 = CARTESIAN_POINT('',(95.,-44.13094308616));
#4156 = ( GEOMETRIC_REPRESENTATION_CONTEXT(2) 
PARAMETRIC_REPRESENTATION_CONTEXT() REPRESENTATION_CONTEXT('2D SPACE',''
  ) );
#4157 = PCURVE('',#3444,#4158);
#4158 = DEFINITIONAL_REPRESENTATION('',(#4159),#4162);
#4159 = B_SPLINE_CURVE_WITH_KNOTS('',1,(#4160,#4161),.UNSPECIFIED.,.F.,
  .F.,(2,2),(2.5,92.5),.PIECEWISE_BEZIER_KNOTS.);
#4160 = CARTESIAN_POINT('',(0.,-5.));
#4161 = CARTESIAN_POINT('',(90.,-5.));
#4162 = ( GEOMETRIC_REPRESENTATION_CONTEXT(2) 
PARAMETRIC_REPRESENTATION_CONTEXT() REPRESENTATION_CONTEXT('2D SPACE',''
  ) );
#4163 = ORIENTED_EDGE('',*,*,#4164,.T.);
#4164 = EDGE_CURVE('',#4144,#4165,#4167,.T.);
#4165 = VERTEX_POINT('',#4166);
#4166 = CARTESIAN_POINT('',(48.,-2.630943086168,5.));
#4167 = SURFACE_CURVE('',#4168,(#4172,#4178),.PCURVE_S1.);
#4168 = LINE('',#4169,#4170);
#4169 = CARTESIAN_POINT('',(48.,-22.06547154308,5.));
#4170 = VECTOR('',#4171,1.);
#4171 = DIRECTION('',(0.,-1.,0.));
#4172 = PCURVE('',#1131,#4173);
#4173 = DEFINITIONAL_REPRESENTATION('',(#4174),#4177);
#4174 = B_SPLINE_CURVE_WITH_KNOTS('',1,(#4175,#4176),.UNSPECIFIED.,.F.,
  .F.,(2,2),(-24.69641462925,-19.43452845691),.PIECEWISE_BEZIER_KNOTS.);
#4175 = CARTESIAN_POINT('',(5.,-44.13094308616));
#4176 = CARTESIAN_POINT('',(5.,-38.86905691383));
#4177 = ( GEOMETRIC_REPRESENTATION_CONTEXT(2) 
PARAMETRIC_REPRESENTATION_CONTEXT() REPRESENTATION_CONTEXT('2D SPACE',''
  ) );
#4178 = PCURVE('',#3471,#4179);
#4179 = DEFINITIONAL_REPRESENTATION('',(#4180),#4183);
#4180 = B_SPLINE_CURVE_WITH_KNOTS('',1,(#4181,#4182),.UNSPECIFIED.,.F.,
  .F.,(2,2),(-24.69641462925,-19.43452845691),.PIECEWISE_BEZIER_KNOTS.);
#4181 = CARTESIAN_POINT('',(5.261886172335,5.));
#4182 = CARTESIAN_POINT('',(0.,5.));
#4183 = ( GEOMETRIC_REPRESENTATION_CONTEXT(2) 
PARAMETRIC_REPRESENTATION_CONTEXT() REPRESENTATION_CONTEXT('2D SPACE',''
  ) );
#4184 = ORIENTED_EDGE('',*,*,#4185,.T.);
#4185 = EDGE_CURVE('',#4165,#3953,#4186,.T.);
#4186 = SURFACE_CURVE('',#4187,(#4191,#4197),.PCURVE_S1.);
#4187 = LINE('',#4188,#4189);
#4188 = CARTESIAN_POINT('',(48.,-2.630943086168,2.5));
#4189 = VECTOR('',#4190,1.);
#4190 = DIRECTION('',(0.,-0.,1.));
#4191 = PCURVE('',#1131,#4192);
#4192 = DEFINITIONAL_REPRESENTATION('',(#4193),#4196);
#4193 = B_SPLINE_CURVE_WITH_KNOTS('',1,(#4194,#4195),.UNSPECIFIED.,.F.,
  .F.,(2,2),(2.5,92.5),.PIECEWISE_BEZIER_KNOTS.);
#4194 = CARTESIAN_POINT('',(5.,-38.86905691383));
#4195 = CARTESIAN_POINT('',(95.,-38.86905691383));
#4196 = ( GEOMETRIC_REPRESENTATION_CONTEXT(2) 
PARAMETRIC_REPRESENTATION_CONTEXT() REPRESENTATION_CONTEXT('2D SPACE',''
  ) );
#4197 = PCURVE('',#3498,#4198);
#4198 = DEFINITIONAL_REPRESENTATION('',(#4199),#4202);
#4199 = B_SPLINE_CURVE_WITH_KNOTS('',1,(#4200,#4201),.UNSPECIFIED.,.F.,
  .F.,(2,2),(2.5,92.5),.PIECEWISE_BEZIER_KNOTS.);
#4200 = CARTESIAN_POINT('',(0.,-5.));
#4201 = CARTESIAN_POINT('',(90.,-5.));
#4202 = ( GEOMETRIC_REPRESENTATION_CONTEXT(2) 
PARAMETRIC_REPRESENTATION_CONTEXT() REPRESENTATION_CONTEXT('2D SPACE',''
  ) );
#4203 = ADVANCED_FACE('',(#4204),#3190,.F.);
#4204 = FACE_BOUND('',#4205,.F.);
#4205 = EDGE_LOOP('',(#4206,#4227,#4228,#4247));
#4206 = ORIENTED_EDGE('',*,*,#4207,.F.);
#4207 = EDGE_CURVE('',#3672,#2878,#4208,.T.);
#4208 = SURFACE_CURVE('',#4209,(#4213,#4220),.PCURVE_S1.);
#4209 = LINE('',#4210,#4211);
#4210 = CARTESIAN_POINT('',(-36.5,45.,52.630943086168));
#4211 = VECTOR('',#4212,1.);
#4212 = DIRECTION('',(-0.,1.,0.));
#4213 = PCURVE('',#3190,#4214);
#4214 = DEFINITIONAL_REPRESENTATION('',(#4215),#4219);
#4215 = LINE('',#4216,#4217);
#4216 = CARTESIAN_POINT('',(0.,0.));
#4217 = VECTOR('',#4218,1.);
#4218 = DIRECTION('',(0.,1.));
#4219 = ( GEOMETRIC_REPRESENTATION_CONTEXT(2) 
PARAMETRIC_REPRESENTATION_CONTEXT() REPRESENTATION_CONTEXT('2D SPACE',''
  ) );
#4220 = PCURVE('',#2895,#4221);
#4221 = DEFINITIONAL_REPRESENTATION('',(#4222),#4226);
#4222 = LINE('',#4223,#4224);
#4223 = CARTESIAN_POINT('',(5.261886172335,0.));
#4224 = VECTOR('',#4225,1.);
#4225 = DIRECTION('',(0.,-1.));
#4226 = ( GEOMETRIC_REPRESENTATION_CONTEXT(2) 
PARAMETRIC_REPRESENTATION_CONTEXT() REPRESENTATION_CONTEXT('2D SPACE',''
  ) );
#4227 = ORIENTED_EDGE('',*,*,#3671,.T.);
#4228 = ORIENTED_EDGE('',*,*,#4229,.T.);
#4229 = EDGE_CURVE('',#3674,#3150,#4230,.T.);
#4230 = SURFACE_CURVE('',#4231,(#4235,#4241),.PCURVE_S1.);
#4231 = LINE('',#4232,#4233);
#4232 = CARTESIAN_POINT('',(-2.630943086168,45.,52.630943086168));
#4233 = VECTOR('',#4234,1.);
#4234 = DIRECTION('',(-0.,1.,0.));
#4235 = PCURVE('',#3190,#4236);
#4236 = DEFINITIONAL_REPRESENTATION('',(#4237),#4240);
#4237 = B_SPLINE_CURVE_WITH_KNOTS('',1,(#4238,#4239),.UNSPECIFIED.,.F.,
  .F.,(2,2),(0.,8.),.PIECEWISE_BEZIER_KNOTS.);
#4238 = CARTESIAN_POINT('',(33.869056913832,0.));
#4239 = CARTESIAN_POINT('',(33.869056913832,8.));
#4240 = ( GEOMETRIC_REPRESENTATION_CONTEXT(2) 
PARAMETRIC_REPRESENTATION_CONTEXT() REPRESENTATION_CONTEXT('2D SPACE',''
  ) );
#4241 = PCURVE('',#3165,#4242);
#4242 = DEFINITIONAL_REPRESENTATION('',(#4243),#4246);
#4243 = B_SPLINE_CURVE_WITH_KNOTS('',1,(#4244,#4245),.UNSPECIFIED.,.F.,
  .F.,(2,2),(0.,8.),.PIECEWISE_BEZIER_KNOTS.);
#4244 = CARTESIAN_POINT('',(47.630943086168,0.));
#4245 = CARTESIAN_POINT('',(47.630943086168,-8.));
#4246 = ( GEOMETRIC_REPRESENTATION_CONTEXT(2) 
PARAMETRIC_REPRESENTATION_CONTEXT() REPRESENTATION_CONTEXT('2D SPACE',''
  ) );
#4247 = ORIENTED_EDGE('',*,*,#3176,.F.);
#4248 = ADVANCED_FACE('',(#4249),#3165,.T.);
#4249 = FACE_BOUND('',#4250,.T.);
#4250 = EDGE_LOOP('',(#4251,#4252,#4253,#4254));
#4251 = ORIENTED_EDGE('',*,*,#3904,.T.);
#4252 = ORIENTED_EDGE('',*,*,#4229,.T.);
#4253 = ORIENTED_EDGE('',*,*,#3149,.F.);
#4254 = ORIENTED_EDGE('',*,*,#4255,.F.);
#4255 = EDGE_CURVE('',#3884,#3123,#4256,.T.);
#4256 = SURFACE_CURVE('',#4257,(#4261,#4268),.PCURVE_S1.);
#4257 = LINE('',#4258,#4259);
#4258 = CARTESIAN_POINT('',(-2.630943086168,45.,95.));
#4259 = VECTOR('',#4260,1.);
#4260 = DIRECTION('',(-0.,1.,0.));
#4261 = PCURVE('',#3165,#4262);
#4262 = DEFINITIONAL_REPRESENTATION('',(#4263),#4267);
#4263 = LINE('',#4264,#4265);
#4264 = CARTESIAN_POINT('',(90.,0.));
#4265 = VECTOR('',#4266,1.);
#4266 = DIRECTION('',(0.,-1.));
#4267 = ( GEOMETRIC_REPRESENTATION_CONTEXT(2) 
PARAMETRIC_REPRESENTATION_CONTEXT() REPRESENTATION_CONTEXT('2D SPACE',''
  ) );
#4268 = PCURVE('',#3138,#4269);
#4269 = DEFINITIONAL_REPRESENTATION('',(#4270),#4274);
#4270 = LINE('',#4271,#4272);
#4271 = CARTESIAN_POINT('',(0.,0.));
#4272 = VECTOR('',#4273,1.);
#4273 = DIRECTION('',(0.,1.));
#4274 = ( GEOMETRIC_REPRESENTATION_CONTEXT(2) 
PARAMETRIC_REPRESENTATION_CONTEXT() REPRESENTATION_CONTEXT('2D SPACE',''
  ) );
#4275 = ADVANCED_FACE('',(#4276),#3138,.F.);
#4276 = FACE_BOUND('',#4277,.F.);
#4277 = EDGE_LOOP('',(#4278,#4279,#4280,#4301));
#4278 = ORIENTED_EDGE('',*,*,#4255,.F.);
#4279 = ORIENTED_EDGE('',*,*,#3883,.T.);
#4280 = ORIENTED_EDGE('',*,*,#4281,.T.);
#4281 = EDGE_CURVE('',#3863,#3096,#4282,.T.);
#4282 = SURFACE_CURVE('',#4283,(#4287,#4294),.PCURVE_S1.);
#4283 = LINE('',#4284,#4285);
#4284 = CARTESIAN_POINT('',(2.630943086168,45.,95.));
#4285 = VECTOR('',#4286,1.);
#4286 = DIRECTION('',(-0.,1.,0.));
#4287 = PCURVE('',#3138,#4288);
#4288 = DEFINITIONAL_REPRESENTATION('',(#4289),#4293);
#4289 = LINE('',#4290,#4291);
#4290 = CARTESIAN_POINT('',(5.261886172335,0.));
#4291 = VECTOR('',#4292,1.);
#4292 = DIRECTION('',(0.,1.));
#4293 = ( GEOMETRIC_REPRESENTATION_CONTEXT(2) 
PARAMETRIC_REPRESENTATION_CONTEXT() REPRESENTATION_CONTEXT('2D SPACE',''
  ) );
#4294 = PCURVE('',#3111,#4295);
#4295 = DEFINITIONAL_REPRESENTATION('',(#4296),#4300);
#4296 = LINE('',#4297,#4298);
#4297 = CARTESIAN_POINT('',(90.,0.));
#4298 = VECTOR('',#4299,1.);
#4299 = DIRECTION('',(0.,-1.));
#4300 = ( GEOMETRIC_REPRESENTATION_CONTEXT(2) 
PARAMETRIC_REPRESENTATION_CONTEXT() REPRESENTATION_CONTEXT('2D SPACE',''
  ) );
#4301 = ORIENTED_EDGE('',*,*,#3122,.F.);
#4302 = ADVANCED_FACE('',(#4303),#3111,.F.);
#4303 = FACE_BOUND('',#4304,.F.);
#4304 = EDGE_LOOP('',(#4305,#4306,#4325,#4326));
#4305 = ORIENTED_EDGE('',*,*,#3862,.T.);
#4306 = ORIENTED_EDGE('',*,*,#4307,.T.);
#4307 = EDGE_CURVE('',#3842,#3069,#4308,.T.);
#4308 = SURFACE_CURVE('',#4309,(#4313,#4319),.PCURVE_S1.);
#4309 = LINE('',#4310,#4311);
#4310 = CARTESIAN_POINT('',(2.630943086168,45.,52.630943086168));
#4311 = VECTOR('',#4312,1.);
#4312 = DIRECTION('',(-0.,1.,0.));
#4313 = PCURVE('',#3111,#4314);
#4314 = DEFINITIONAL_REPRESENTATION('',(#4315),#4318);
#4315 = B_SPLINE_CURVE_WITH_KNOTS('',1,(#4316,#4317),.UNSPECIFIED.,.F.,
  .F.,(2,2),(0.,8.),.PIECEWISE_BEZIER_KNOTS.);
#4316 = CARTESIAN_POINT('',(47.630943086168,0.));
#4317 = CARTESIAN_POINT('',(47.630943086168,-8.));
#4318 = ( GEOMETRIC_REPRESENTATION_CONTEXT(2) 
PARAMETRIC_REPRESENTATION_CONTEXT() REPRESENTATION_CONTEXT('2D SPACE',''
  ) );
#4319 = PCURVE('',#3084,#4320);
#4320 = DEFINITIONAL_REPRESENTATION('',(#4321),#4324);
#4321 = B_SPLINE_CURVE_WITH_KNOTS('',1,(#4322,#4323),.UNSPECIFIED.,.F.,
  .F.,(2,2),(0.,8.),.PIECEWISE_BEZIER_KNOTS.);
#4322 = CARTESIAN_POINT('',(39.130943086168,0.));
#4323 = CARTESIAN_POINT('',(39.130943086168,8.));
#4324 = ( GEOMETRIC_REPRESENTATION_CONTEXT(2) 
PARAMETRIC_REPRESENTATION_CONTEXT() REPRESENTATION_CONTEXT('2D SPACE',''
  ) );
#4325 = ORIENTED_EDGE('',*,*,#3095,.F.);
#4326 = ORIENTED_EDGE('',*,*,#4281,.F.);
#4327 = ADVANCED_FACE('',(#4328),#3084,.F.);
#4328 = FACE_BOUND('',#4329,.F.);
#4329 = EDGE_LOOP('',(#4330,#4331,#4332,#4353));
#4330 = ORIENTED_EDGE('',*,*,#4307,.F.);
#4331 = ORIENTED_EDGE('',*,*,#3841,.T.);
#4332 = ORIENTED_EDGE('',*,*,#4333,.T.);
#4333 = EDGE_CURVE('',#3821,#3042,#4334,.T.);
#4334 = SURFACE_CURVE('',#4335,(#4339,#4346),.PCURVE_S1.);
#4335 = LINE('',#4336,#4337);
#4336 = CARTESIAN_POINT('',(36.5,45.,52.630943086168));
#4337 = VECTOR('',#4338,1.);
#4338 = DIRECTION('',(-0.,1.,0.));
#4339 = PCURVE('',#3084,#4340);
#4340 = DEFINITIONAL_REPRESENTATION('',(#4341),#4345);
#4341 = LINE('',#4342,#4343);
#4342 = CARTESIAN_POINT('',(73.,0.));
#4343 = VECTOR('',#4344,1.);
#4344 = DIRECTION('',(0.,1.));
#4345 = ( GEOMETRIC_REPRESENTATION_CONTEXT(2) 
PARAMETRIC_REPRESENTATION_CONTEXT() REPRESENTATION_CONTEXT('2D SPACE',''
  ) );
#4346 = PCURVE('',#3057,#4347);
#4347 = DEFINITIONAL_REPRESENTATION('',(#4348),#4352);
#4348 = LINE('',#4349,#4350);
#4349 = CARTESIAN_POINT('',(5.261886172335,0.));
#4350 = VECTOR('',#4351,1.);
#4351 = DIRECTION('',(0.,-1.));
#4352 = ( GEOMETRIC_REPRESENTATION_CONTEXT(2) 
PARAMETRIC_REPRESENTATION_CONTEXT() REPRESENTATION_CONTEXT('2D SPACE',''
  ) );
#4353 = ORIENTED_EDGE('',*,*,#3068,.F.);
#4354 = ADVANCED_FACE('',(#4355),#3057,.F.);
#4355 = FACE_BOUND('',#4356,.F.);
#4356 = EDGE_LOOP('',(#4357,#4358,#4359,#4380));
#4357 = ORIENTED_EDGE('',*,*,#4333,.F.);
#4358 = ORIENTED_EDGE('',*,*,#3820,.T.);
#4359 = ORIENTED_EDGE('',*,*,#4360,.T.);
#4360 = EDGE_CURVE('',#3800,#3015,#4361,.T.);
#4361 = SURFACE_CURVE('',#4362,(#4366,#4373),.PCURVE_S1.);
#4362 = LINE('',#4363,#4364);
#4363 = CARTESIAN_POINT('',(36.5,45.,47.369056913832));
#4364 = VECTOR('',#4365,1.);
#4365 = DIRECTION('',(-0.,1.,0.));
#4366 = PCURVE('',#3057,#4367);
#4367 = DEFINITIONAL_REPRESENTATION('',(#4368),#4372);
#4368 = LINE('',#4369,#4370);
#4369 = CARTESIAN_POINT('',(0.,0.));
#4370 = VECTOR('',#4371,1.);
#4371 = DIRECTION('',(0.,-1.));
#4372 = ( GEOMETRIC_REPRESENTATION_CONTEXT(2) 
PARAMETRIC_REPRESENTATION_CONTEXT() REPRESENTATION_CONTEXT('2D SPACE',''
  ) );
#4373 = PCURVE('',#3030,#4374);
#4374 = DEFINITIONAL_REPRESENTATION('',(#4375),#4379);
#4375 = LINE('',#4376,#4377);
#4376 = CARTESIAN_POINT('',(73.,0.));
#4377 = VECTOR('',#4378,1.);
#4378 = DIRECTION('',(0.,1.));
#4379 = ( GEOMETRIC_REPRESENTATION_CONTEXT(2) 
PARAMETRIC_REPRESENTATION_CONTEXT() REPRESENTATION_CONTEXT('2D SPACE',''
  ) );
#4380 = ORIENTED_EDGE('',*,*,#3041,.F.);
#4381 = ADVANCED_FACE('',(#4382),#3030,.T.);
#4382 = FACE_BOUND('',#4383,.T.);
#4383 = EDGE_LOOP('',(#4384,#4403,#4404,#4405));
#4384 = ORIENTED_EDGE('',*,*,#4385,.F.);
#4385 = EDGE_CURVE('',#3779,#2988,#4386,.T.);
#4386 = SURFACE_CURVE('',#4387,(#4391,#4397),.PCURVE_S1.);
#4387 = LINE('',#4388,#4389);
#4388 = CARTESIAN_POINT('',(2.630943086168,45.,47.369056913832));
#4389 = VECTOR('',#4390,1.);
#4390 = DIRECTION('',(-0.,1.,0.));
#4391 = PCURVE('',#3030,#4392);
#4392 = DEFINITIONAL_REPRESENTATION('',(#4393),#4396);
#4393 = B_SPLINE_CURVE_WITH_KNOTS('',1,(#4394,#4395),.UNSPECIFIED.,.F.,
  .F.,(2,2),(0.,8.),.PIECEWISE_BEZIER_KNOTS.);
#4394 = CARTESIAN_POINT('',(39.130943086168,0.));
#4395 = CARTESIAN_POINT('',(39.130943086168,8.));
#4396 = ( GEOMETRIC_REPRESENTATION_CONTEXT(2) 
PARAMETRIC_REPRESENTATION_CONTEXT() REPRESENTATION_CONTEXT('2D SPACE',''
  ) );
#4397 = PCURVE('',#3003,#4398);
#4398 = DEFINITIONAL_REPRESENTATION('',(#4399),#4402);
#4399 = B_SPLINE_CURVE_WITH_KNOTS('',1,(#4400,#4401),.UNSPECIFIED.,.F.,
  .F.,(2,2),(0.,8.),.PIECEWISE_BEZIER_KNOTS.);
#4400 = CARTESIAN_POINT('',(42.369056913832,0.));
#4401 = CARTESIAN_POINT('',(42.369056913832,-8.));
#4402 = ( GEOMETRIC_REPRESENTATION_CONTEXT(2) 
PARAMETRIC_REPRESENTATION_CONTEXT() REPRESENTATION_CONTEXT('2D SPACE',''
  ) );
#4403 = ORIENTED_EDGE('',*,*,#3799,.T.);
#4404 = ORIENTED_EDGE('',*,*,#4360,.T.);
#4405 = ORIENTED_EDGE('',*,*,#3014,.F.);
#4406 = ADVANCED_FACE('',(#4407),#3003,.F.);
#4407 = FACE_BOUND('',#4408,.F.);
#4408 = EDGE_LOOP('',(#4409,#4410,#4431,#4432));
#4409 = ORIENTED_EDGE('',*,*,#3778,.T.);
#4410 = ORIENTED_EDGE('',*,*,#4411,.T.);
#4411 = EDGE_CURVE('',#3758,#2961,#4412,.T.);
#4412 = SURFACE_CURVE('',#4413,(#4417,#4424),.PCURVE_S1.);
#4413 = LINE('',#4414,#4415);
#4414 = CARTESIAN_POINT('',(2.630943086168,45.,5.));
#4415 = VECTOR('',#4416,1.);
#4416 = DIRECTION('',(-0.,1.,0.));
#4417 = PCURVE('',#3003,#4418);
#4418 = DEFINITIONAL_REPRESENTATION('',(#4419),#4423);
#4419 = LINE('',#4420,#4421);
#4420 = CARTESIAN_POINT('',(0.,0.));
#4421 = VECTOR('',#4422,1.);
#4422 = DIRECTION('',(0.,-1.));
#4423 = ( GEOMETRIC_REPRESENTATION_CONTEXT(2) 
PARAMETRIC_REPRESENTATION_CONTEXT() REPRESENTATION_CONTEXT('2D SPACE',''
  ) );
#4424 = PCURVE('',#2976,#4425);
#4425 = DEFINITIONAL_REPRESENTATION('',(#4426),#4430);
#4426 = LINE('',#4427,#4428);
#4427 = CARTESIAN_POINT('',(5.261886172335,0.));
#4428 = VECTOR('',#4429,1.);
#4429 = DIRECTION('',(0.,1.));
#4430 = ( GEOMETRIC_REPRESENTATION_CONTEXT(2) 
PARAMETRIC_REPRESENTATION_CONTEXT() REPRESENTATION_CONTEXT('2D SPACE',''
  ) );
#4431 = ORIENTED_EDGE('',*,*,#2987,.F.);
#4432 = ORIENTED_EDGE('',*,*,#4385,.F.);
#4433 = ADVANCED_FACE('',(#4434),#2976,.T.);
#4434 = FACE_BOUND('',#4435,.T.);
#4435 = EDGE_LOOP('',(#4436,#4457,#4458,#4459));
#4436 = ORIENTED_EDGE('',*,*,#4437,.F.);
#4437 = EDGE_CURVE('',#3737,#2934,#4438,.T.);
#4438 = SURFACE_CURVE('',#4439,(#4443,#4450),.PCURVE_S1.);
#4439 = LINE('',#4440,#4441);
#4440 = CARTESIAN_POINT('',(-2.630943086168,45.,5.));
#4441 = VECTOR('',#4442,1.);
#4442 = DIRECTION('',(-0.,1.,0.));
#4443 = PCURVE('',#2976,#4444);
#4444 = DEFINITIONAL_REPRESENTATION('',(#4445),#4449);
#4445 = LINE('',#4446,#4447);
#4446 = CARTESIAN_POINT('',(0.,0.));
#4447 = VECTOR('',#4448,1.);
#4448 = DIRECTION('',(0.,1.));
#4449 = ( GEOMETRIC_REPRESENTATION_CONTEXT(2) 
PARAMETRIC_REPRESENTATION_CONTEXT() REPRESENTATION_CONTEXT('2D SPACE',''
  ) );
#4450 = PCURVE('',#2949,#4451);
#4451 = DEFINITIONAL_REPRESENTATION('',(#4452),#4456);
#4452 = LINE('',#4453,#4454);
#4453 = CARTESIAN_POINT('',(0.,0.));
#4454 = VECTOR('',#4455,1.);
#4455 = DIRECTION('',(0.,-1.));
#4456 = ( GEOMETRIC_REPRESENTATION_CONTEXT(2) 
PARAMETRIC_REPRESENTATION_CONTEXT() REPRESENTATION_CONTEXT('2D SPACE',''
  ) );
#4457 = ORIENTED_EDGE('',*,*,#3757,.T.);
#4458 = ORIENTED_EDGE('',*,*,#4411,.T.);
#4459 = ORIENTED_EDGE('',*,*,#2960,.F.);
#4460 = ADVANCED_FACE('',(#4461),#2949,.T.);
#4461 = FACE_BOUND('',#4462,.T.);
#4462 = EDGE_LOOP('',(#4463,#4464,#4465,#4466));
#4463 = ORIENTED_EDGE('',*,*,#3736,.T.);
#4464 = ORIENTED_EDGE('',*,*,#4437,.T.);
#4465 = ORIENTED_EDGE('',*,*,#2933,.F.);
#4466 = ORIENTED_EDGE('',*,*,#4467,.F.);
#4467 = EDGE_CURVE('',#3716,#2907,#4468,.T.);
#4468 = SURFACE_CURVE('',#4469,(#4473,#4479),.PCURVE_S1.);
#4469 = LINE('',#4470,#4471);
#4470 = CARTESIAN_POINT('',(-2.630943086168,45.,47.369056913832));
#4471 = VECTOR('',#4472,1.);
#4472 = DIRECTION('',(-0.,1.,0.));
#4473 = PCURVE('',#2949,#4474);
#4474 = DEFINITIONAL_REPRESENTATION('',(#4475),#4478);
#4475 = B_SPLINE_CURVE_WITH_KNOTS('',1,(#4476,#4477),.UNSPECIFIED.,.F.,
  .F.,(2,2),(0.,8.),.PIECEWISE_BEZIER_KNOTS.);
#4476 = CARTESIAN_POINT('',(42.369056913832,0.));
#4477 = CARTESIAN_POINT('',(42.369056913832,-8.));
#4478 = ( GEOMETRIC_REPRESENTATION_CONTEXT(2) 
PARAMETRIC_REPRESENTATION_CONTEXT() REPRESENTATION_CONTEXT('2D SPACE',''
  ) );
#4479 = PCURVE('',#2922,#4480);
#4480 = DEFINITIONAL_REPRESENTATION('',(#4481),#4484);
#4481 = B_SPLINE_CURVE_WITH_KNOTS('',1,(#4482,#4483),.UNSPECIFIED.,.F.,
  .F.,(2,2),(0.,8.),.PIECEWISE_BEZIER_KNOTS.);
#4482 = CARTESIAN_POINT('',(33.869056913832,0.));
#4483 = CARTESIAN_POINT('',(33.869056913832,8.));
#4484 = ( GEOMETRIC_REPRESENTATION_CONTEXT(2) 
PARAMETRIC_REPRESENTATION_CONTEXT() REPRESENTATION_CONTEXT('2D SPACE',''
  ) );
#4485 = ADVANCED_FACE('',(#4486),#2922,.T.);
#4486 = FACE_BOUND('',#4487,.T.);
#4487 = EDGE_LOOP('',(#4488,#4509,#4510,#4511));
#4488 = ORIENTED_EDGE('',*,*,#4489,.F.);
#4489 = EDGE_CURVE('',#3695,#2880,#4490,.T.);
#4490 = SURFACE_CURVE('',#4491,(#4495,#4502),.PCURVE_S1.);
#4491 = LINE('',#4492,#4493);
#4492 = CARTESIAN_POINT('',(-36.5,45.,47.369056913832));
#4493 = VECTOR('',#4494,1.);
#4494 = DIRECTION('',(-0.,1.,0.));
#4495 = PCURVE('',#2922,#4496);
#4496 = DEFINITIONAL_REPRESENTATION('',(#4497),#4501);
#4497 = LINE('',#4498,#4499);
#4498 = CARTESIAN_POINT('',(0.,0.));
#4499 = VECTOR('',#4500,1.);
#4500 = DIRECTION('',(0.,1.));
#4501 = ( GEOMETRIC_REPRESENTATION_CONTEXT(2) 
PARAMETRIC_REPRESENTATION_CONTEXT() REPRESENTATION_CONTEXT('2D SPACE',''
  ) );
#4502 = PCURVE('',#2895,#4503);
#4503 = DEFINITIONAL_REPRESENTATION('',(#4504),#4508);
#4504 = LINE('',#4505,#4506);
#4505 = CARTESIAN_POINT('',(0.,0.));
#4506 = VECTOR('',#4507,1.);
#4507 = DIRECTION('',(0.,-1.));
#4508 = ( GEOMETRIC_REPRESENTATION_CONTEXT(2) 
PARAMETRIC_REPRESENTATION_CONTEXT() REPRESENTATION_CONTEXT('2D SPACE',''
  ) );
#4509 = ORIENTED_EDGE('',*,*,#3715,.T.);
#4510 = ORIENTED_EDGE('',*,*,#4467,.T.);
#4511 = ORIENTED_EDGE('',*,*,#2906,.F.);
#4512 = ADVANCED_FACE('',(#4513),#2895,.T.);
#4513 = FACE_BOUND('',#4514,.T.);
#4514 = EDGE_LOOP('',(#4515,#4516,#4517,#4518));
#4515 = ORIENTED_EDGE('',*,*,#4207,.F.);
#4516 = ORIENTED_EDGE('',*,*,#3694,.T.);
#4517 = ORIENTED_EDGE('',*,*,#4489,.T.);
#4518 = ORIENTED_EDGE('',*,*,#2877,.F.);
#4519 = ADVANCED_FACE('',(#4520),#3523,.T.);
#4520 = FACE_BOUND('',#4521,.T.);
#4521 = EDGE_LOOP('',(#4522,#4543,#4544,#4563));
#4522 = ORIENTED_EDGE('',*,*,#4523,.F.);
#4523 = EDGE_CURVE('',#3211,#3955,#4524,.T.);
#4524 = SURFACE_CURVE('',#4525,(#4529,#4536),.PCURVE_S1.);
#4525 = LINE('',#4526,#4527);
#4526 = CARTESIAN_POINT('',(53.,-36.5,47.369056913832));
#4527 = VECTOR('',#4528,1.);
#4528 = DIRECTION('',(-1.,1.110223024625E-16,0.));
#4529 = PCURVE('',#3523,#4530);
#4530 = DEFINITIONAL_REPRESENTATION('',(#4531),#4535);
#4531 = LINE('',#4532,#4533);
#4532 = CARTESIAN_POINT('',(0.,0.));
#4533 = VECTOR('',#4534,1.);
#4534 = DIRECTION('',(0.,1.));
#4535 = ( GEOMETRIC_REPRESENTATION_CONTEXT(2) 
PARAMETRIC_REPRESENTATION_CONTEXT() REPRESENTATION_CONTEXT('2D SPACE',''
  ) );
#4536 = PCURVE('',#3228,#4537);
#4537 = DEFINITIONAL_REPRESENTATION('',(#4538),#4542);
#4538 = LINE('',#4539,#4540);
#4539 = CARTESIAN_POINT('',(0.,0.));
#4540 = VECTOR('',#4541,1.);
#4541 = DIRECTION('',(0.,-1.));
#4542 = ( GEOMETRIC_REPRESENTATION_CONTEXT(2) 
PARAMETRIC_REPRESENTATION_CONTEXT() REPRESENTATION_CONTEXT('2D SPACE',''
  ) );
#4543 = ORIENTED_EDGE('',*,*,#3509,.F.);
#4544 = ORIENTED_EDGE('',*,*,#4545,.T.);
#4545 = EDGE_CURVE('',#3483,#3953,#4546,.T.);
#4546 = SURFACE_CURVE('',#4547,(#4551,#4557),.PCURVE_S1.);
#4547 = LINE('',#4548,#4549);
#4548 = CARTESIAN_POINT('',(53.,-2.630943086168,47.369056913832));
#4549 = VECTOR('',#4550,1.);
#4550 = DIRECTION('',(-1.,1.110223024625E-16,0.));
#4551 = PCURVE('',#3523,#4552);
#4552 = DEFINITIONAL_REPRESENTATION('',(#4553),#4556);
#4553 = B_SPLINE_CURVE_WITH_KNOTS('',1,(#4554,#4555),.UNSPECIFIED.,.F.,
  .F.,(2,2),(-4.930380657631E-32,8.),.PIECEWISE_BEZIER_KNOTS.);
#4554 = CARTESIAN_POINT('',(33.869056913832,-3.345206676793E-15));
#4555 = CARTESIAN_POINT('',(33.869056913832,8.));
#4556 = ( GEOMETRIC_REPRESENTATION_CONTEXT(2) 
PARAMETRIC_REPRESENTATION_CONTEXT() REPRESENTATION_CONTEXT('2D SPACE',''
  ) );
#4557 = PCURVE('',#3498,#4558);
#4558 = DEFINITIONAL_REPRESENTATION('',(#4559),#4562);
#4559 = B_SPLINE_CURVE_WITH_KNOTS('',1,(#4560,#4561),.UNSPECIFIED.,.F.,
  .F.,(2,2),(-4.930380657631E-32,8.),.PIECEWISE_BEZIER_KNOTS.);
#4560 = CARTESIAN_POINT('',(42.369056913832,0.));
#4561 = CARTESIAN_POINT('',(42.369056913832,-8.));
#4562 = ( GEOMETRIC_REPRESENTATION_CONTEXT(2) 
PARAMETRIC_REPRESENTATION_CONTEXT() REPRESENTATION_CONTEXT('2D SPACE',''
  ) );
#4563 = ORIENTED_EDGE('',*,*,#3952,.T.);
#4564 = ADVANCED_FACE('',(#4565),#3498,.T.);
#4565 = FACE_BOUND('',#4566,.T.);
#4566 = EDGE_LOOP('',(#4567,#4568,#4589,#4590));
#4567 = ORIENTED_EDGE('',*,*,#3482,.F.);
#4568 = ORIENTED_EDGE('',*,*,#4569,.T.);
#4569 = EDGE_CURVE('',#3456,#4165,#4570,.T.);
#4570 = SURFACE_CURVE('',#4571,(#4575,#4582),.PCURVE_S1.);
#4571 = LINE('',#4572,#4573);
#4572 = CARTESIAN_POINT('',(53.,-2.630943086168,5.));
#4573 = VECTOR('',#4574,1.);
#4574 = DIRECTION('',(-1.,1.110223024625E-16,0.));
#4575 = PCURVE('',#3498,#4576);
#4576 = DEFINITIONAL_REPRESENTATION('',(#4577),#4581);
#4577 = LINE('',#4578,#4579);
#4578 = CARTESIAN_POINT('',(0.,0.));
#4579 = VECTOR('',#4580,1.);
#4580 = DIRECTION('',(0.,-1.));
#4581 = ( GEOMETRIC_REPRESENTATION_CONTEXT(2) 
PARAMETRIC_REPRESENTATION_CONTEXT() REPRESENTATION_CONTEXT('2D SPACE',''
  ) );
#4582 = PCURVE('',#3471,#4583);
#4583 = DEFINITIONAL_REPRESENTATION('',(#4584),#4588);
#4584 = LINE('',#4585,#4586);
#4585 = CARTESIAN_POINT('',(0.,0.));
#4586 = VECTOR('',#4587,1.);
#4587 = DIRECTION('',(0.,1.));
#4588 = ( GEOMETRIC_REPRESENTATION_CONTEXT(2) 
PARAMETRIC_REPRESENTATION_CONTEXT() REPRESENTATION_CONTEXT('2D SPACE',''
  ) );
#4589 = ORIENTED_EDGE('',*,*,#4185,.T.);
#4590 = ORIENTED_EDGE('',*,*,#4545,.F.);
#4591 = ADVANCED_FACE('',(#4592),#3471,.T.);
#4592 = FACE_BOUND('',#4593,.T.);
#4593 = EDGE_LOOP('',(#4594,#4595,#4596,#4617));
#4594 = ORIENTED_EDGE('',*,*,#4569,.F.);
#4595 = ORIENTED_EDGE('',*,*,#3455,.F.);
#4596 = ORIENTED_EDGE('',*,*,#4597,.T.);
#4597 = EDGE_CURVE('',#3429,#4144,#4598,.T.);
#4598 = SURFACE_CURVE('',#4599,(#4603,#4610),.PCURVE_S1.);
#4599 = LINE('',#4600,#4601);
#4600 = CARTESIAN_POINT('',(53.,2.630943086168,5.));
#4601 = VECTOR('',#4602,1.);
#4602 = DIRECTION('',(-1.,1.110223024625E-16,0.));
#4603 = PCURVE('',#3471,#4604);
#4604 = DEFINITIONAL_REPRESENTATION('',(#4605),#4609);
#4605 = LINE('',#4606,#4607);
#4606 = CARTESIAN_POINT('',(5.261886172335,5.841867181483E-16));
#4607 = VECTOR('',#4608,1.);
#4608 = DIRECTION('',(0.,1.));
#4609 = ( GEOMETRIC_REPRESENTATION_CONTEXT(2) 
PARAMETRIC_REPRESENTATION_CONTEXT() REPRESENTATION_CONTEXT('2D SPACE',''
  ) );
#4610 = PCURVE('',#3444,#4611);
#4611 = DEFINITIONAL_REPRESENTATION('',(#4612),#4616);
#4612 = LINE('',#4613,#4614);
#4613 = CARTESIAN_POINT('',(0.,0.));
#4614 = VECTOR('',#4615,1.);
#4615 = DIRECTION('',(0.,-1.));
#4616 = ( GEOMETRIC_REPRESENTATION_CONTEXT(2) 
PARAMETRIC_REPRESENTATION_CONTEXT() REPRESENTATION_CONTEXT('2D SPACE',''
  ) );
#4617 = ORIENTED_EDGE('',*,*,#4164,.T.);
#4618 = ADVANCED_FACE('',(#4619),#3444,.F.);
#4619 = FACE_BOUND('',#4620,.F.);
#4620 = EDGE_LOOP('',(#4621,#4622,#4623,#4624));
#4621 = ORIENTED_EDGE('',*,*,#3428,.F.);
#4622 = ORIENTED_EDGE('',*,*,#4597,.T.);
#4623 = ORIENTED_EDGE('',*,*,#4143,.T.);
#4624 = ORIENTED_EDGE('',*,*,#4625,.F.);
#4625 = EDGE_CURVE('',#3402,#4123,#4626,.T.);
#4626 = SURFACE_CURVE('',#4627,(#4631,#4637),.PCURVE_S1.);
#4627 = LINE('',#4628,#4629);
#4628 = CARTESIAN_POINT('',(53.,2.630943086168,47.369056913832));
#4629 = VECTOR('',#4630,1.);
#4630 = DIRECTION('',(-1.,1.110223024625E-16,0.));
#4631 = PCURVE('',#3444,#4632);
#4632 = DEFINITIONAL_REPRESENTATION('',(#4633),#4636);
#4633 = B_SPLINE_CURVE_WITH_KNOTS('',1,(#4634,#4635),.UNSPECIFIED.,.F.,
  .F.,(2,2),(-4.930380657631E-32,8.),.PIECEWISE_BEZIER_KNOTS.);
#4634 = CARTESIAN_POINT('',(42.369056913832,0.));
#4635 = CARTESIAN_POINT('',(42.369056913832,-8.));
#4636 = ( GEOMETRIC_REPRESENTATION_CONTEXT(2) 
PARAMETRIC_REPRESENTATION_CONTEXT() REPRESENTATION_CONTEXT('2D SPACE',''
  ) );
#4637 = PCURVE('',#3417,#4638);
#4638 = DEFINITIONAL_REPRESENTATION('',(#4639),#4642);
#4639 = B_SPLINE_CURVE_WITH_KNOTS('',1,(#4640,#4641),.UNSPECIFIED.,.F.,
  .F.,(2,2),(-4.930380657631E-32,8.),.PIECEWISE_BEZIER_KNOTS.);
#4640 = CARTESIAN_POINT('',(39.130943086168,-2.761019958645E-15));
#4641 = CARTESIAN_POINT('',(39.130943086168,8.));
#4642 = ( GEOMETRIC_REPRESENTATION_CONTEXT(2) 
PARAMETRIC_REPRESENTATION_CONTEXT() REPRESENTATION_CONTEXT('2D SPACE',''
  ) );
#4643 = ADVANCED_FACE('',(#4644),#3417,.T.);
#4644 = FACE_BOUND('',#4645,.T.);
#4645 = EDGE_LOOP('',(#4646,#4647,#4648,#4669));
#4646 = ORIENTED_EDGE('',*,*,#4625,.F.);
#4647 = ORIENTED_EDGE('',*,*,#3401,.F.);
#4648 = ORIENTED_EDGE('',*,*,#4649,.T.);
#4649 = EDGE_CURVE('',#3375,#4102,#4650,.T.);
#4650 = SURFACE_CURVE('',#4651,(#4655,#4662),.PCURVE_S1.);
#4651 = LINE('',#4652,#4653);
#4652 = CARTESIAN_POINT('',(53.,36.5,47.369056913832));
#4653 = VECTOR('',#4654,1.);
#4654 = DIRECTION('',(-1.,1.110223024625E-16,0.));
#4655 = PCURVE('',#3417,#4656);
#4656 = DEFINITIONAL_REPRESENTATION('',(#4657),#4661);
#4657 = LINE('',#4658,#4659);
#4658 = CARTESIAN_POINT('',(73.,-6.106226635438E-15));
#4659 = VECTOR('',#4660,1.);
#4660 = DIRECTION('',(0.,1.));
#4661 = ( GEOMETRIC_REPRESENTATION_CONTEXT(2) 
PARAMETRIC_REPRESENTATION_CONTEXT() REPRESENTATION_CONTEXT('2D SPACE',''
  ) );
#4662 = PCURVE('',#3390,#4663);
#4663 = DEFINITIONAL_REPRESENTATION('',(#4664),#4668);
#4664 = LINE('',#4665,#4666);
#4665 = CARTESIAN_POINT('',(0.,0.));
#4666 = VECTOR('',#4667,1.);
#4667 = DIRECTION('',(0.,-1.));
#4668 = ( GEOMETRIC_REPRESENTATION_CONTEXT(2) 
PARAMETRIC_REPRESENTATION_CONTEXT() REPRESENTATION_CONTEXT('2D SPACE',''
  ) );
#4669 = ORIENTED_EDGE('',*,*,#4122,.T.);
#4670 = ADVANCED_FACE('',(#4671),#3390,.F.);
#4671 = FACE_BOUND('',#4672,.F.);
#4672 = EDGE_LOOP('',(#4673,#4694,#4695,#4696));
#4673 = ORIENTED_EDGE('',*,*,#4674,.F.);
#4674 = EDGE_CURVE('',#3348,#4081,#4675,.T.);
#4675 = SURFACE_CURVE('',#4676,(#4680,#4687),.PCURVE_S1.);
#4676 = LINE('',#4677,#4678);
#4677 = CARTESIAN_POINT('',(53.,36.5,52.630943086168));
#4678 = VECTOR('',#4679,1.);
#4679 = DIRECTION('',(-1.,1.110223024625E-16,0.));
#4680 = PCURVE('',#3390,#4681);
#4681 = DEFINITIONAL_REPRESENTATION('',(#4682),#4686);
#4682 = LINE('',#4683,#4684);
#4683 = CARTESIAN_POINT('',(5.261886172335,0.));
#4684 = VECTOR('',#4685,1.);
#4685 = DIRECTION('',(0.,-1.));
#4686 = ( GEOMETRIC_REPRESENTATION_CONTEXT(2) 
PARAMETRIC_REPRESENTATION_CONTEXT() REPRESENTATION_CONTEXT('2D SPACE',''
  ) );
#4687 = PCURVE('',#3363,#4688);
#4688 = DEFINITIONAL_REPRESENTATION('',(#4689),#4693);
#4689 = LINE('',#4690,#4691);
#4690 = CARTESIAN_POINT('',(73.,-6.106226635438E-15));
#4691 = VECTOR('',#4692,1.);
#4692 = DIRECTION('',(0.,1.));
#4693 = ( GEOMETRIC_REPRESENTATION_CONTEXT(2) 
PARAMETRIC_REPRESENTATION_CONTEXT() REPRESENTATION_CONTEXT('2D SPACE',''
  ) );
#4694 = ORIENTED_EDGE('',*,*,#3374,.F.);
#4695 = ORIENTED_EDGE('',*,*,#4649,.T.);
#4696 = ORIENTED_EDGE('',*,*,#4101,.T.);
#4697 = ADVANCED_FACE('',(#4698),#3363,.F.);
#4698 = FACE_BOUND('',#4699,.F.);
#4699 = EDGE_LOOP('',(#4700,#4719,#4720,#4721));
#4700 = ORIENTED_EDGE('',*,*,#4701,.F.);
#4701 = EDGE_CURVE('',#3321,#4060,#4702,.T.);
#4702 = SURFACE_CURVE('',#4703,(#4707,#4713),.PCURVE_S1.);
#4703 = LINE('',#4704,#4705);
#4704 = CARTESIAN_POINT('',(53.,2.630943086168,52.630943086168));
#4705 = VECTOR('',#4706,1.);
#4706 = DIRECTION('',(-1.,1.110223024625E-16,0.));
#4707 = PCURVE('',#3363,#4708);
#4708 = DEFINITIONAL_REPRESENTATION('',(#4709),#4712);
#4709 = B_SPLINE_CURVE_WITH_KNOTS('',1,(#4710,#4711),.UNSPECIFIED.,.F.,
  .F.,(2,2),(-4.930380657631E-32,8.),.PIECEWISE_BEZIER_KNOTS.);
#4710 = CARTESIAN_POINT('',(39.130943086168,-2.761019958645E-15));
#4711 = CARTESIAN_POINT('',(39.130943086168,8.));
#4712 = ( GEOMETRIC_REPRESENTATION_CONTEXT(2) 
PARAMETRIC_REPRESENTATION_CONTEXT() REPRESENTATION_CONTEXT('2D SPACE',''
  ) );
#4713 = PCURVE('',#3336,#4714);
#4714 = DEFINITIONAL_REPRESENTATION('',(#4715),#4718);
#4715 = B_SPLINE_CURVE_WITH_KNOTS('',1,(#4716,#4717),.UNSPECIFIED.,.F.,
  .F.,(2,2),(-4.930380657631E-32,8.),.PIECEWISE_BEZIER_KNOTS.);
#4716 = CARTESIAN_POINT('',(47.630943086168,0.));
#4717 = CARTESIAN_POINT('',(47.630943086168,-8.));
#4718 = ( GEOMETRIC_REPRESENTATION_CONTEXT(2) 
PARAMETRIC_REPRESENTATION_CONTEXT() REPRESENTATION_CONTEXT('2D SPACE',''
  ) );
#4719 = ORIENTED_EDGE('',*,*,#3347,.F.);
#4720 = ORIENTED_EDGE('',*,*,#4674,.T.);
#4721 = ORIENTED_EDGE('',*,*,#4080,.T.);
#4722 = ADVANCED_FACE('',(#4723),#3336,.F.);
#4723 = FACE_BOUND('',#4724,.F.);
#4724 = EDGE_LOOP('',(#4725,#4726,#4727,#4728));
#4725 = ORIENTED_EDGE('',*,*,#3320,.F.);
#4726 = ORIENTED_EDGE('',*,*,#4701,.T.);
#4727 = ORIENTED_EDGE('',*,*,#4059,.T.);
#4728 = ORIENTED_EDGE('',*,*,#4729,.F.);
#4729 = EDGE_CURVE('',#3294,#4039,#4730,.T.);
#4730 = SURFACE_CURVE('',#4731,(#4735,#4742),.PCURVE_S1.);
#4731 = LINE('',#4732,#4733);
#4732 = CARTESIAN_POINT('',(53.,2.630943086168,95.));
#4733 = VECTOR('',#4734,1.);
#4734 = DIRECTION('',(-1.,1.110223024625E-16,0.));
#4735 = PCURVE('',#3336,#4736);
#4736 = DEFINITIONAL_REPRESENTATION('',(#4737),#4741);
#4737 = LINE('',#4738,#4739);
#4738 = CARTESIAN_POINT('',(90.,0.));
#4739 = VECTOR('',#4740,1.);
#4740 = DIRECTION('',(0.,-1.));
#4741 = ( GEOMETRIC_REPRESENTATION_CONTEXT(2) 
PARAMETRIC_REPRESENTATION_CONTEXT() REPRESENTATION_CONTEXT('2D SPACE',''
  ) );
#4742 = PCURVE('',#3309,#4743);
#4743 = DEFINITIONAL_REPRESENTATION('',(#4744),#4748);
#4744 = LINE('',#4745,#4746);
#4745 = CARTESIAN_POINT('',(5.261886172335,5.841867181483E-16));
#4746 = VECTOR('',#4747,1.);
#4747 = DIRECTION('',(0.,1.));
#4748 = ( GEOMETRIC_REPRESENTATION_CONTEXT(2) 
PARAMETRIC_REPRESENTATION_CONTEXT() REPRESENTATION_CONTEXT('2D SPACE',''
  ) );
#4749 = ADVANCED_FACE('',(#4750),#3309,.F.);
#4750 = FACE_BOUND('',#4751,.F.);
#4751 = EDGE_LOOP('',(#4752,#4773,#4774,#4775));
#4752 = ORIENTED_EDGE('',*,*,#4753,.F.);
#4753 = EDGE_CURVE('',#3267,#4018,#4754,.T.);
#4754 = SURFACE_CURVE('',#4755,(#4759,#4766),.PCURVE_S1.);
#4755 = LINE('',#4756,#4757);
#4756 = CARTESIAN_POINT('',(53.,-2.630943086168,95.));
#4757 = VECTOR('',#4758,1.);
#4758 = DIRECTION('',(-1.,1.110223024625E-16,0.));
#4759 = PCURVE('',#3309,#4760);
#4760 = DEFINITIONAL_REPRESENTATION('',(#4761),#4765);
#4761 = LINE('',#4762,#4763);
#4762 = CARTESIAN_POINT('',(0.,0.));
#4763 = VECTOR('',#4764,1.);
#4764 = DIRECTION('',(0.,1.));
#4765 = ( GEOMETRIC_REPRESENTATION_CONTEXT(2) 
PARAMETRIC_REPRESENTATION_CONTEXT() REPRESENTATION_CONTEXT('2D SPACE',''
  ) );
#4766 = PCURVE('',#3282,#4767);
#4767 = DEFINITIONAL_REPRESENTATION('',(#4768),#4772);
#4768 = LINE('',#4769,#4770);
#4769 = CARTESIAN_POINT('',(90.,0.));
#4770 = VECTOR('',#4771,1.);
#4771 = DIRECTION('',(0.,-1.));
#4772 = ( GEOMETRIC_REPRESENTATION_CONTEXT(2) 
PARAMETRIC_REPRESENTATION_CONTEXT() REPRESENTATION_CONTEXT('2D SPACE',''
  ) );
#4773 = ORIENTED_EDGE('',*,*,#3293,.F.);
#4774 = ORIENTED_EDGE('',*,*,#4729,.T.);
#4775 = ORIENTED_EDGE('',*,*,#4038,.T.);
#4776 = ADVANCED_FACE('',(#4777),#3282,.T.);
#4777 = FACE_BOUND('',#4778,.T.);
#4778 = EDGE_LOOP('',(#4779,#4780,#4799,#4800));
#4779 = ORIENTED_EDGE('',*,*,#3266,.F.);
#4780 = ORIENTED_EDGE('',*,*,#4781,.T.);
#4781 = EDGE_CURVE('',#3240,#3997,#4782,.T.);
#4782 = SURFACE_CURVE('',#4783,(#4787,#4793),.PCURVE_S1.);
#4783 = LINE('',#4784,#4785);
#4784 = CARTESIAN_POINT('',(53.,-2.630943086168,52.630943086168));
#4785 = VECTOR('',#4786,1.);
#4786 = DIRECTION('',(-1.,1.110223024625E-16,0.));
#4787 = PCURVE('',#3282,#4788);
#4788 = DEFINITIONAL_REPRESENTATION('',(#4789),#4792);
#4789 = B_SPLINE_CURVE_WITH_KNOTS('',1,(#4790,#4791),.UNSPECIFIED.,.F.,
  .F.,(2,2),(-4.930380657631E-32,8.),.PIECEWISE_BEZIER_KNOTS.);
#4790 = CARTESIAN_POINT('',(47.630943086168,0.));
#4791 = CARTESIAN_POINT('',(47.630943086168,-8.));
#4792 = ( GEOMETRIC_REPRESENTATION_CONTEXT(2) 
PARAMETRIC_REPRESENTATION_CONTEXT() REPRESENTATION_CONTEXT('2D SPACE',''
  ) );
#4793 = PCURVE('',#3255,#4794);
#4794 = DEFINITIONAL_REPRESENTATION('',(#4795),#4798);
#4795 = B_SPLINE_CURVE_WITH_KNOTS('',1,(#4796,#4797),.UNSPECIFIED.,.F.,
  .F.,(2,2),(-4.930380657631E-32,8.),.PIECEWISE_BEZIER_KNOTS.);
#4796 = CARTESIAN_POINT('',(33.869056913832,-3.345206676793E-15));
#4797 = CARTESIAN_POINT('',(33.869056913832,8.));
#4798 = ( GEOMETRIC_REPRESENTATION_CONTEXT(2) 
PARAMETRIC_REPRESENTATION_CONTEXT() REPRESENTATION_CONTEXT('2D SPACE',''
  ) );
#4799 = ORIENTED_EDGE('',*,*,#4017,.T.);
#4800 = ORIENTED_EDGE('',*,*,#4753,.F.);
#4801 = ADVANCED_FACE('',(#4802),#3255,.F.);
#4802 = FACE_BOUND('',#4803,.F.);
#4803 = EDGE_LOOP('',(#4804,#4825,#4826,#4827));
#4804 = ORIENTED_EDGE('',*,*,#4805,.F.);
#4805 = EDGE_CURVE('',#3213,#3976,#4806,.T.);
#4806 = SURFACE_CURVE('',#4807,(#4811,#4818),.PCURVE_S1.);
#4807 = LINE('',#4808,#4809);
#4808 = CARTESIAN_POINT('',(53.,-36.5,52.630943086168));
#4809 = VECTOR('',#4810,1.);
#4810 = DIRECTION('',(-1.,1.110223024625E-16,0.));
#4811 = PCURVE('',#3255,#4812);
#4812 = DEFINITIONAL_REPRESENTATION('',(#4813),#4817);
#4813 = LINE('',#4814,#4815);
#4814 = CARTESIAN_POINT('',(0.,0.));
#4815 = VECTOR('',#4816,1.);
#4816 = DIRECTION('',(0.,1.));
#4817 = ( GEOMETRIC_REPRESENTATION_CONTEXT(2) 
PARAMETRIC_REPRESENTATION_CONTEXT() REPRESENTATION_CONTEXT('2D SPACE',''
  ) );
#4818 = PCURVE('',#3228,#4819);
#4819 = DEFINITIONAL_REPRESENTATION('',(#4820),#4824);
#4820 = LINE('',#4821,#4822);
#4821 = CARTESIAN_POINT('',(5.261886172335,0.));
#4822 = VECTOR('',#4823,1.);
#4823 = DIRECTION('',(0.,-1.));
#4824 = ( GEOMETRIC_REPRESENTATION_CONTEXT(2) 
PARAMETRIC_REPRESENTATION_CONTEXT() REPRESENTATION_CONTEXT('2D SPACE',''
  ) );
#4825 = ORIENTED_EDGE('',*,*,#3239,.F.);
#4826 = ORIENTED_EDGE('',*,*,#4781,.T.);
#4827 = ORIENTED_EDGE('',*,*,#3996,.T.);
#4828 = ADVANCED_FACE('',(#4829),#3228,.T.);
#4829 = FACE_BOUND('',#4830,.T.);
#4830 = EDGE_LOOP('',(#4831,#4832,#4833,#4834));
#4831 = ORIENTED_EDGE('',*,*,#4805,.F.);
#4832 = ORIENTED_EDGE('',*,*,#3210,.F.);
#4833 = ORIENTED_EDGE('',*,*,#4523,.T.);
#4834 = ORIENTED_EDGE('',*,*,#3975,.T.);
#4835 = ADVANCED_FACE('',(#4836),#1075,.F.);
#4836 = FACE_BOUND('',#4837,.F.);
#4837 = EDGE_LOOP('',(#4838,#4839,#4860,#4861));
#4838 = ORIENTED_EDGE('',*,*,#1059,.F.);
#4839 = ORIENTED_EDGE('',*,*,#4840,.F.);
#4840 = EDGE_CURVE('',#1422,#1060,#4841,.T.);
#4841 = SURFACE_CURVE('',#4842,(#4846,#4853),.PCURVE_S1.);
#4842 = LINE('',#4843,#4844);
#4843 = CARTESIAN_POINT('',(41.5,41.5,0.));
#4844 = VECTOR('',#4845,1.);
#4845 = DIRECTION('',(0.,0.,1.));
#4846 = PCURVE('',#1075,#4847);
#4847 = DEFINITIONAL_REPRESENTATION('',(#4848),#4852);
#4848 = LINE('',#4849,#4850);
#4849 = CARTESIAN_POINT('',(0.,0.));
#4850 = VECTOR('',#4851,1.);
#4851 = DIRECTION('',(1.,0.));
#4852 = ( GEOMETRIC_REPRESENTATION_CONTEXT(2) 
PARAMETRIC_REPRESENTATION_CONTEXT() REPRESENTATION_CONTEXT('2D SPACE',''
  ) );
#4853 = PCURVE('',#1103,#4854);
#4854 = DEFINITIONAL_REPRESENTATION('',(#4855),#4859);
#4855 = LINE('',#4856,#4857);
#4856 = CARTESIAN_POINT('',(0.,0.));
#4857 = VECTOR('',#4858,1.);
#4858 = DIRECTION('',(1.,0.));
#4859 = ( GEOMETRIC_REPRESENTATION_CONTEXT(2) 
PARAMETRIC_REPRESENTATION_CONTEXT() REPRESENTATION_CONTEXT('2D SPACE',''
  ) );
#4860 = ORIENTED_EDGE('',*,*,#1421,.T.);
#4861 = ORIENTED_EDGE('',*,*,#3648,.T.);
#4862 = ADVANCED_FACE('',(#4863),#1103,.F.);
#4863 = FACE_BOUND('',#4864,.F.);
#4864 = EDGE_LOOP('',(#4865,#4866,#4867,#4868));
#4865 = ORIENTED_EDGE('',*,*,#1444,.F.);
#4866 = ORIENTED_EDGE('',*,*,#4840,.T.);
#4867 = ORIENTED_EDGE('',*,*,#1087,.T.);
#4868 = ORIENTED_EDGE('',*,*,#3928,.F.);
#4869 = ( GEOMETRIC_REPRESENTATION_CONTEXT(3) 
GLOBAL_UNCERTAINTY_ASSIGNED_CONTEXT((#4873)) 
GLOBAL_UNIT_ASSIGNED_CONTEXT((#4870,#4871,#4872)) REPRESENTATION_CONTEXT
('Context #1','3D Context with UNIT and UNCERTAINTY') );
#4870 = ( LENGTH_UNIT() NAMED_UNIT(*) SI_UNIT(.MILLI.,.METRE.) );
#4871 = ( NAMED_UNIT(*) PLANE_ANGLE_UNIT() SI_UNIT($,.RADIAN.) );
#4872 = ( NAMED_UNIT(*) SI_UNIT($,.STERADIAN.) SOLID_ANGLE_UNIT() );
#4873 = UNCERTAINTY_MEASURE_WITH_UNIT(LENGTH_MEASURE(1.E-07),#4870,
  'distance_accuracy_value','confusion accuracy');
#4874 = PRODUCT_RELATED_PRODUCT_CATEGORY('part',$,(#7));
ENDSEC;
END-ISO-10303-21;
