ISO-10303-21;
HEADER;
FILE_NAME('Open CASCADE Shape Model','2026-09-24T01:23:55',('Author'),(
    'Open CASCADE'),'Open CASCADE STEP processor 7.8','Open CASCADE 7.8'
  ,'Unknown');
FILE_DESCRIPTION(('Open CASCADE Model'),'2;1');
FILE_SCHEMA(('AUTOMOTIVE_DESIGN { 1 0 10303 214 1 1 1 1 }'));
ENDSEC;
DATA;
#1 = APPLICATION_PROTOCOL_DEFINITION('international standard',
  'automotive_design',2000,#2);
#2 = APPLICATION_CONTEXT(
  'core data for automotive mechanical design processes');
#3 = SHAPE_DEFINITION_REPRESENTATION(#4,#10);
#4 = PRODUCT_DEFINITION_SHAPE('','',#5);
#5 = PRODUCT_DEFINITION('design','',#6,#9);
#6 = PRODUCT_DEFINITION_FORMATION('','',#7);
#7 = PRODUCT('Open CASCADE STEP translator 7.8 88',
  'Open CASCADE STEP translator 7.8 88','',(#8));
#8 = PRODUCT_CONTEXT('',#2,'mechanical');
#9 = PRODUCT_DEFINITION_CONTEXT('part definition',#2,'design');
#10 = ADVANCED_BREP_SHAPE_REPRESENTATION('',(#11,#15),#3401);
#11 = AXIS2_PLACEMENT_3D('',#12,#13,#14);
#12 = CARTESIAN_POINT('',(0.,0.,0.));
#13 = DIRECTION('',(0.,0.,1.));
#14 = DIRECTION('',(1.,0.,-0.));
#15 = MANIFOLD_SOLID_BREP('',#16);
#16 = CLOSED_SHELL('',(#17,#328,#595,#982,#1309,#1356,#1383,#1452,#1499,
    #1546,#1593,#1640,#1687,#1712,#1781,#1828,#1875,#1922,#1969,#2016,
    #2041,#2077,#2113,#2331,#2529,#2576,#2583,#2610,#2637,#2813,#2989,
    #3036,#3063,#3090,#3117,#3144,#3171,#3178,#3225,#3252,#3279,#3306,
    #3333,#3360,#3367,#3394));
#17 = ADVANCED_FACE('',(#18,#137),#32,.F.);
#18 = FACE_BOUND('',#19,.F.);
#19 = EDGE_LOOP('',(#20,#55,#83,#111));
#20 = ORIENTED_EDGE('',*,*,#21,.F.);
#21 = EDGE_CURVE('',#22,#24,#26,.T.);
#22 = VERTEX_POINT('',#23);
#23 = CARTESIAN_POINT('',(-50.,-50.,0.));
#24 = VERTEX_POINT('',#25);
#25 = CARTESIAN_POINT('',(-50.,-50.,100.));
#26 = SURFACE_CURVE('',#27,(#31,#43),.PCURVE_S1.);
#27 = LINE('',#28,#29);
#28 = CARTESIAN_POINT('',(-50.,-50.,0.));
#29 = VECTOR('',#30,1.);
#30 = DIRECTION('',(0.,0.,1.));
#31 = PCURVE('',#32,#37);
#32 = PLANE('',#33);
#33 = AXIS2_PLACEMENT_3D('',#34,#35,#36);
#34 = CARTESIAN_POINT('',(-50.,-50.,0.));
#35 = DIRECTION('',(1.,0.,-0.));
#36 = DIRECTION('',(0.,0.,1.));
#37 = DEFINITIONAL_REPRESENTATION('',(#38),#42);
#38 = LINE('',#39,#40);
#39 = CARTESIAN_POINT('',(0.,0.));
#40 = VECTOR('',#41,1.);
#41 = DIRECTION('',(1.,0.));
#42 = ( GEOMETRIC_REPRESENTATION_CONTEXT(2) 
PARAMETRIC_REPRESENTATION_CONTEXT() REPRESENTATION_CONTEXT('2D SPACE',''
  ) );
#43 = PCURVE('',#44,#49);
#44 = PLANE('',#45);
#45 = AXIS2_PLACEMENT_3D('',#46,#47,#48);
#46 = CARTESIAN_POINT('',(-50.,-50.,0.));
#47 = DIRECTION('',(-0.,1.,0.));
#48 = DIRECTION('',(0.,0.,1.));
#49 = DEFINITIONAL_REPRESENTATION('',(#50),#54);
#50 = LINE('',#51,#52);
#51 = CARTESIAN_POINT('',(0.,0.));
#52 = VECTOR('',#53,1.);
#53 = DIRECTION('',(1.,0.));
#54 = ( GEOMETRIC_REPRESENTATION_CONTEXT(2) 
PARAMETRIC_REPRESENTATION_CONTEXT() REPRESENTATION_CONTEXT('2D SPACE',''
  ) );
#55 = ORIENTED_EDGE('',*,*,#56,.F.);
#56 = EDGE_CURVE('',#57,#22,#59,.T.);
#57 = VERTEX_POINT('',#58);
#58 = CARTESIAN_POINT('',(-50.,50.,0.));
#59 = SURFACE_CURVE('',#60,(#64,#71),.PCURVE_S1.);
#60 = LINE('',#61,#62);
#61 = CARTESIAN_POINT('',(-50.,50.,0.));
#62 = VECTOR('',#63,1.);
#63 = DIRECTION('',(0.,-1.,0.));
#64 = PCURVE('',#32,#65);
#65 = DEFINITIONAL_REPRESENTATION('',(#66),#70);
#66 = LINE('',#67,#68);
#67 = CARTESIAN_POINT('',(0.,-100.));
#68 = VECTOR('',#69,1.);
#69 = DIRECTION('',(0.,1.));
#70 = ( GEOMETRIC_REPRESENTATION_CONTEXT(2) 
PARAMETRIC_REPRESENTATION_CONTEXT() REPRESENTATION_CONTEXT('2D SPACE',''
  ) );
#71 = PCURVE('',#72,#77);
#72 = PLANE('',#73);
#73 = AXIS2_PLACEMENT_3D('',#74,#75,#76);
#74 = CARTESIAN_POINT('',(-50.,-50.,0.));
#75 = DIRECTION('',(0.,0.,1.));
#76 = DIRECTION('',(1.,0.,-0.));
#77 = DEFINITIONAL_REPRESENTATION('',(#78),#82);
#78 = LINE('',#79,#80);
#79 = CARTESIAN_POINT('',(0.,100.));
#80 = VECTOR('',#81,1.);
#81 = DIRECTION('',(0.,-1.));
#82 = ( GEOMETRIC_REPRESENTATION_CONTEXT(2) 
PARAMETRIC_REPRESENTATION_CONTEXT() REPRESENTATION_CONTEXT('2D SPACE',''
  ) );
#83 = ORIENTED_EDGE('',*,*,#84,.T.);
#84 = EDGE_CURVE('',#57,#85,#87,.T.);
#85 = VERTEX_POINT('',#86);
#86 = CARTESIAN_POINT('',(-50.,50.,100.));
#87 = SURFACE_CURVE('',#88,(#92,#99),.PCURVE_S1.);
#88 = LINE('',#89,#90);
#89 = CARTESIAN_POINT('',(-50.,50.,0.));
#90 = VECTOR('',#91,1.);
#91 = DIRECTION('',(0.,0.,1.));
#92 = PCURVE('',#32,#93);
#93 = DEFINITIONAL_REPRESENTATION('',(#94),#98);
#94 = LINE('',#95,#96);
#95 = CARTESIAN_POINT('',(0.,-100.));
#96 = VECTOR('',#97,1.);
#97 = DIRECTION('',(1.,0.));
#98 = ( GEOMETRIC_REPRESENTATION_CONTEXT(2) 
PARAMETRIC_REPRESENTATION_CONTEXT() REPRESENTATION_CONTEXT('2D SPACE',''
  ) );
#99 = PCURVE('',#100,#105);
#100 = PLANE('',#101);
#101 = AXIS2_PLACEMENT_3D('',#102,#103,#104);
#102 = CARTESIAN_POINT('',(-50.,50.,0.));
#103 = DIRECTION('',(-0.,1.,0.));
#104 = DIRECTION('',(0.,0.,1.));
#105 = DEFINITIONAL_REPRESENTATION('',(#106),#110);
#106 = LINE('',#107,#108);
#107 = CARTESIAN_POINT('',(0.,0.));
#108 = VECTOR('',#109,1.);
#109 = DIRECTION('',(1.,0.));
#110 = ( GEOMETRIC_REPRESENTATION_CONTEXT(2) 
PARAMETRIC_REPRESENTATION_CONTEXT() REPRESENTATION_CONTEXT('2D SPACE',''
  ) );
#111 = ORIENTED_EDGE('',*,*,#112,.F.);
#112 = EDGE_CURVE('',#24,#85,#113,.T.);
#113 = SURFACE_CURVE('',#114,(#118,#125),.PCURVE_S1.);
#114 = LINE('',#115,#116);
#115 = CARTESIAN_POINT('',(-50.,-50.,100.));
#116 = VECTOR('',#117,1.);
#117 = DIRECTION('',(0.,1.,0.));
#118 = PCURVE('',#32,#119);
#119 = DEFINITIONAL_REPRESENTATION('',(#120),#124);
#120 = LINE('',#121,#122);
#121 = CARTESIAN_POINT('',(100.,0.));
#122 = VECTOR('',#123,1.);
#123 = DIRECTION('',(0.,-1.));
#124 = ( GEOMETRIC_REPRESENTATION_CONTEXT(2) 
PARAMETRIC_REPRESENTATION_CONTEXT() REPRESENTATION_CONTEXT('2D SPACE',''
  ) );
#125 = PCURVE('',#126,#131);
#126 = PLANE('',#127);
#127 = AXIS2_PLACEMENT_3D('',#128,#129,#130);
#128 = CARTESIAN_POINT('',(-50.,-50.,100.));
#129 = DIRECTION('',(0.,0.,1.));
#130 = DIRECTION('',(1.,0.,-0.));
#131 = DEFINITIONAL_REPRESENTATION('',(#132),#136);
#132 = LINE('',#133,#134);
#133 = CARTESIAN_POINT('',(0.,0.));
#134 = VECTOR('',#135,1.);
#135 = DIRECTION('',(0.,1.));
#136 = ( GEOMETRIC_REPRESENTATION_CONTEXT(2) 
PARAMETRIC_REPRESENTATION_CONTEXT() REPRESENTATION_CONTEXT('2D SPACE',''
  ) );
#137 = FACE_BOUND('',#138,.F.);
#138 = EDGE_LOOP('',(#139,#168,#195,#222,#249,#276,#303));
#139 = ORIENTED_EDGE('',*,*,#140,.F.);
#140 = EDGE_CURVE('',#141,#143,#145,.T.);
#141 = VERTEX_POINT('',#142);
#142 = CARTESIAN_POINT('',(-50.,-7.965485811579,50.221491030409));
#143 = VERTEX_POINT('',#144);
#144 = CARTESIAN_POINT('',(-50.,-10.57985245527,36.844321573444));
#145 = SURFACE_CURVE('',#146,(#150,#157),.PCURVE_S1.);
#146 = LINE('',#147,#148);
#147 = CARTESIAN_POINT('',(-50.,-13.30931915759,22.87820909559));
#148 = VECTOR('',#149,1.);
#149 = DIRECTION('',(0.,-0.191806285634,-0.981432804012));
#150 = PCURVE('',#32,#151);
#151 = DEFINITIONAL_REPRESENTATION('',(#152),#156);
#152 = LINE('',#153,#154);
#153 = CARTESIAN_POINT('',(22.87820909559,-36.6906808424));
#154 = VECTOR('',#155,1.);
#155 = DIRECTION('',(-0.981432804012,0.191806285634));
#156 = ( GEOMETRIC_REPRESENTATION_CONTEXT(2) 
PARAMETRIC_REPRESENTATION_CONTEXT() REPRESENTATION_CONTEXT('2D SPACE',''
  ) );
#157 = PCURVE('',#158,#163);
#158 = PLANE('',#159);
#159 = AXIS2_PLACEMENT_3D('',#160,#161,#162);
#160 = CARTESIAN_POINT('',(-45.,-7.965485811579,50.221491030409));
#161 = DIRECTION('',(-1.089609296137E-16,-0.981432804012,0.191806285634)
  );
#162 = DIRECTION('',(-2.129477545785E-17,-0.191806285634,-0.981432804012
    ));
#163 = DEFINITIONAL_REPRESENTATION('',(#164),#167);
#164 = B_SPLINE_CURVE_WITH_KNOTS('',1,(#165,#166),.UNSPECIFIED.,.F.,.F.,
  (2,2),(-27.86057468533,-14.23032980022),.PIECEWISE_BEZIER_KNOTS.);
#165 = CARTESIAN_POINT('',(0.,-5.));
#166 = CARTESIAN_POINT('',(13.630244885108,-5.));
#167 = ( GEOMETRIC_REPRESENTATION_CONTEXT(2) 
PARAMETRIC_REPRESENTATION_CONTEXT() REPRESENTATION_CONTEXT('2D SPACE',''
  ) );
#168 = ORIENTED_EDGE('',*,*,#169,.F.);
#169 = EDGE_CURVE('',#170,#141,#172,.T.);
#170 = VERTEX_POINT('',#171);
#171 = CARTESIAN_POINT('',(-50.,-1.088190779513,73.728533807971));
#172 = SURFACE_CURVE('',#173,(#177,#184),.PCURVE_S1.);
#173 = LINE('',#174,#175);
#174 = CARTESIAN_POINT('',(-50.,-12.61609555559,34.325403733806));
#175 = VECTOR('',#176,1.);
#176 = DIRECTION('',(0.,-0.280792884887,-0.959768386538));
#177 = PCURVE('',#32,#178);
#178 = DEFINITIONAL_REPRESENTATION('',(#179),#183);
#179 = LINE('',#180,#181);
#180 = CARTESIAN_POINT('',(34.325403733806,-37.38390444441));
#181 = VECTOR('',#182,1.);
#182 = DIRECTION('',(-0.959768386538,0.280792884887));
#183 = ( GEOMETRIC_REPRESENTATION_CONTEXT(2) 
PARAMETRIC_REPRESENTATION_CONTEXT() REPRESENTATION_CONTEXT('2D SPACE',''
  ) );
#184 = PCURVE('',#185,#190);
#185 = PLANE('',#186);
#186 = AXIS2_PLACEMENT_3D('',#187,#188,#189);
#187 = CARTESIAN_POINT('',(-45.,-1.088190779513,73.728533807971));
#188 = DIRECTION('',(-1.065556961041E-16,-0.959768386538,0.280792884887)
  );
#189 = DIRECTION('',(-3.117427259523E-17,-0.280792884887,-0.959768386538
    ));
#190 = DEFINITIONAL_REPRESENTATION('',(#191),#194);
#191 = B_SPLINE_CURVE_WITH_KNOTS('',1,(#192,#193),.UNSPECIFIED.,.F.,.F.,
  (2,2),(-41.05483221458,-16.56242018342),.PIECEWISE_BEZIER_KNOTS.);
#192 = CARTESIAN_POINT('',(0.,-5.));
#193 = CARTESIAN_POINT('',(24.492412031162,-5.));
#194 = ( GEOMETRIC_REPRESENTATION_CONTEXT(2) 
PARAMETRIC_REPRESENTATION_CONTEXT() REPRESENTATION_CONTEXT('2D SPACE',''
  ) );
#195 = ORIENTED_EDGE('',*,*,#196,.F.);
#196 = EDGE_CURVE('',#197,#170,#199,.T.);
#197 = VERTEX_POINT('',#198);
#198 = CARTESIAN_POINT('',(-50.,16.615460419787,73.359893747224));
#199 = SURFACE_CURVE('',#200,(#204,#211),.PCURVE_S1.);
#200 = LINE('',#201,#202);
#201 = CARTESIAN_POINT('',(-50.,-11.66622695328,73.948798421965));
#202 = VECTOR('',#203,1.);
#203 = DIRECTION('',(0.,-0.999783275419,2.081831387409E-02));
#204 = PCURVE('',#32,#205);
#205 = DEFINITIONAL_REPRESENTATION('',(#206),#210);
#206 = LINE('',#207,#208);
#207 = CARTESIAN_POINT('',(73.948798421965,-38.33377304671));
#208 = VECTOR('',#209,1.);
#209 = DIRECTION('',(2.081831387409E-02,0.999783275419));
#210 = ( GEOMETRIC_REPRESENTATION_CONTEXT(2) 
PARAMETRIC_REPRESENTATION_CONTEXT() REPRESENTATION_CONTEXT('2D SPACE',''
  ) );
#211 = PCURVE('',#212,#217);
#212 = PLANE('',#213);
#213 = AXIS2_PLACEMENT_3D('',#214,#215,#216);
#214 = CARTESIAN_POINT('',(-45.,16.615460419787,73.359893747224));
#215 = DIRECTION('',(2.311297139689E-18,2.081831387409E-02,
    0.999783275419));
#216 = DIRECTION('',(-1.109982412005E-16,-0.999783275419,
    2.081831387409E-02));
#217 = DEFINITIONAL_REPRESENTATION('',(#218),#221);
#218 = B_SPLINE_CURVE_WITH_KNOTS('',1,(#219,#220),.UNSPECIFIED.,.F.,.F.,
  (2,2),(-28.28781803858,-10.58032919118),.PIECEWISE_BEZIER_KNOTS.);
#219 = CARTESIAN_POINT('',(0.,-5.));
#220 = CARTESIAN_POINT('',(17.707488847401,-5.));
#221 = ( GEOMETRIC_REPRESENTATION_CONTEXT(2) 
PARAMETRIC_REPRESENTATION_CONTEXT() REPRESENTATION_CONTEXT('2D SPACE',''
  ) );
#222 = ORIENTED_EDGE('',*,*,#223,.F.);
#223 = EDGE_CURVE('',#224,#197,#226,.T.);
#224 = VERTEX_POINT('',#225);
#225 = CARTESIAN_POINT('',(-50.,17.815087459207,67.184269316857));
#226 = SURFACE_CURVE('',#227,(#231,#238),.PCURVE_S1.);
#227 = LINE('',#228,#229);
#228 = CARTESIAN_POINT('',(-50.,23.024751999845,40.365157581327));
#229 = VECTOR('',#230,1.);
#230 = DIRECTION('',(0.,-0.190687570176,0.981650778322));
#231 = PCURVE('',#32,#232);
#232 = DEFINITIONAL_REPRESENTATION('',(#233),#237);
#233 = LINE('',#234,#235);
#234 = CARTESIAN_POINT('',(40.365157581327,-73.02475199984));
#235 = VECTOR('',#236,1.);
#236 = DIRECTION('',(0.981650778322,0.190687570176));
#237 = ( GEOMETRIC_REPRESENTATION_CONTEXT(2) 
PARAMETRIC_REPRESENTATION_CONTEXT() REPRESENTATION_CONTEXT('2D SPACE',''
  ) );
#238 = PCURVE('',#239,#244);
#239 = PLANE('',#240);
#240 = AXIS2_PLACEMENT_3D('',#241,#242,#243);
#241 = CARTESIAN_POINT('',(-45.,17.815087459207,67.184269316857));
#242 = DIRECTION('',(1.089851296234E-16,0.981650778322,0.190687570176));
#243 = DIRECTION('',(-2.117057309187E-17,-0.190687570176,0.981650778322)
  );
#244 = DEFINITIONAL_REPRESENTATION('',(#245),#248);
#245 = B_SPLINE_CURVE_WITH_KNOTS('',1,(#246,#247),.UNSPECIFIED.,.F.,.F.,
  (2,2),(27.320420181776,33.611480675736),.PIECEWISE_BEZIER_KNOTS.);
#246 = CARTESIAN_POINT('',(0.,-5.));
#247 = CARTESIAN_POINT('',(6.29106049396,-5.));
#248 = ( GEOMETRIC_REPRESENTATION_CONTEXT(2) 
PARAMETRIC_REPRESENTATION_CONTEXT() REPRESENTATION_CONTEXT('2D SPACE',''
  ) );
#249 = ORIENTED_EDGE('',*,*,#250,.F.);
#250 = EDGE_CURVE('',#251,#224,#253,.T.);
#251 = VERTEX_POINT('',#252);
#252 = CARTESIAN_POINT('',(-50.,17.37290460772,57.064766066608));
#253 = SURFACE_CURVE('',#254,(#258,#265),.PCURVE_S1.);
#254 = LINE('',#255,#256);
#255 = CARTESIAN_POINT('',(-50.,16.072429263482,27.30295049954));
#256 = VECTOR('',#257,1.);
#257 = DIRECTION('',(0.,4.365444660055E-02,0.999046690246));
#258 = PCURVE('',#32,#259);
#259 = DEFINITIONAL_REPRESENTATION('',(#260),#264);
#260 = LINE('',#261,#262);
#261 = CARTESIAN_POINT('',(27.30295049954,-66.07242926348));
#262 = VECTOR('',#263,1.);
#263 = DIRECTION('',(0.999046690246,-4.365444660055E-02));
#264 = ( GEOMETRIC_REPRESENTATION_CONTEXT(2) 
PARAMETRIC_REPRESENTATION_CONTEXT() REPRESENTATION_CONTEXT('2D SPACE',''
  ) );
#265 = PCURVE('',#266,#271);
#266 = PLANE('',#267);
#267 = AXIS2_PLACEMENT_3D('',#268,#269,#270);
#268 = CARTESIAN_POINT('',(-45.,17.37290460772,57.064766066608));
#269 = DIRECTION('',(1.109164638187E-16,0.999046690246,
    -4.365444660055E-02));
#270 = DIRECTION('',(4.846617174319E-18,4.365444660055E-02,
    0.999046690246));
#271 = DEFINITIONAL_REPRESENTATION('',(#272),#275);
#272 = B_SPLINE_CURVE_WITH_KNOTS('',1,(#273,#274),.UNSPECIFIED.,.F.,.F.,
  (2,2),(29.790214869469,39.919374346244),.PIECEWISE_BEZIER_KNOTS.);
#273 = CARTESIAN_POINT('',(0.,-5.));
#274 = CARTESIAN_POINT('',(10.129159476775,-5.));
#275 = ( GEOMETRIC_REPRESENTATION_CONTEXT(2) 
PARAMETRIC_REPRESENTATION_CONTEXT() REPRESENTATION_CONTEXT('2D SPACE',''
  ) );
#276 = ORIENTED_EDGE('',*,*,#277,.F.);
#277 = EDGE_CURVE('',#278,#251,#280,.T.);
#278 = VERTEX_POINT('',#279);
#279 = CARTESIAN_POINT('',(-50.,14.067208191485,37.240756801298));
#280 = SURFACE_CURVE('',#281,(#285,#292),.PCURVE_S1.);
#281 = LINE('',#282,#283);
#282 = CARTESIAN_POINT('',(-50.,10.294564254123,14.616498868328));
#283 = VECTOR('',#284,1.);
#284 = DIRECTION('',(0.,0.164481038999,0.986380245042));
#285 = PCURVE('',#32,#286);
#286 = DEFINITIONAL_REPRESENTATION('',(#287),#291);
#287 = LINE('',#288,#289);
#288 = CARTESIAN_POINT('',(14.616498868328,-60.29456425412));
#289 = VECTOR('',#290,1.);
#290 = DIRECTION('',(0.986380245042,-0.164481038999));
#291 = ( GEOMETRIC_REPRESENTATION_CONTEXT(2) 
PARAMETRIC_REPRESENTATION_CONTEXT() REPRESENTATION_CONTEXT('2D SPACE',''
  ) );
#292 = PCURVE('',#293,#298);
#293 = PLANE('',#294);
#294 = AXIS2_PLACEMENT_3D('',#295,#296,#297);
#295 = CARTESIAN_POINT('',(-45.,14.067208191485,37.240756801298));
#296 = DIRECTION('',(1.095102059081E-16,0.986380245042,-0.164481038999)
  );
#297 = DIRECTION('',(1.826106366108E-17,0.164481038999,0.986380245042));
#298 = DEFINITIONAL_REPRESENTATION('',(#299),#302);
#299 = B_SPLINE_CURVE_WITH_KNOTS('',1,(#300,#301),.UNSPECIFIED.,.F.,.F.,
  (2,2),(22.936649478415,43.03438497641),.PIECEWISE_BEZIER_KNOTS.);
#300 = CARTESIAN_POINT('',(0.,-5.));
#301 = CARTESIAN_POINT('',(20.097735497996,-5.));
#302 = ( GEOMETRIC_REPRESENTATION_CONTEXT(2) 
PARAMETRIC_REPRESENTATION_CONTEXT() REPRESENTATION_CONTEXT('2D SPACE',''
  ) );
#303 = ORIENTED_EDGE('',*,*,#304,.F.);
#304 = EDGE_CURVE('',#143,#278,#305,.T.);
#305 = SURFACE_CURVE('',#306,(#310,#317),.PCURVE_S1.);
#306 = LINE('',#307,#308);
#307 = CARTESIAN_POINT('',(-50.,-26.33216187023,36.590953820524));
#308 = VECTOR('',#309,1.);
#309 = DIRECTION('',(0.,0.999870669797,1.608240278574E-02));
#310 = PCURVE('',#32,#311);
#311 = DEFINITIONAL_REPRESENTATION('',(#312),#316);
#312 = LINE('',#313,#314);
#313 = CARTESIAN_POINT('',(36.590953820524,-23.66783812976));
#314 = VECTOR('',#315,1.);
#315 = DIRECTION('',(1.608240278574E-02,-0.999870669797));
#316 = ( GEOMETRIC_REPRESENTATION_CONTEXT(2) 
PARAMETRIC_REPRESENTATION_CONTEXT() REPRESENTATION_CONTEXT('2D SPACE',''
  ) );
#317 = PCURVE('',#318,#323);
#318 = PLANE('',#319);
#319 = AXIS2_PLACEMENT_3D('',#320,#321,#322);
#320 = CARTESIAN_POINT('',(-45.,-10.57985245527,36.844321573444));
#321 = DIRECTION('',(1.785505386402E-18,1.608240278574E-02,
    -0.999870669797));
#322 = DIRECTION('',(1.110079439256E-16,0.999870669797,
    1.608240278574E-02));
#323 = DEFINITIONAL_REPRESENTATION('',(#324),#327);
#324 = B_SPLINE_CURVE_WITH_KNOTS('',1,(#325,#326),.UNSPECIFIED.,.F.,.F.,
  (2,2),(15.754346927843,40.40459559626),.PIECEWISE_BEZIER_KNOTS.);
#325 = CARTESIAN_POINT('',(0.,-5.));
#326 = CARTESIAN_POINT('',(24.650248668416,-5.));
#327 = ( GEOMETRIC_REPRESENTATION_CONTEXT(2) 
PARAMETRIC_REPRESENTATION_CONTEXT() REPRESENTATION_CONTEXT('2D SPACE',''
  ) );
#328 = ADVANCED_FACE('',(#329,#404),#44,.F.);
#329 = FACE_BOUND('',#330,.F.);
#330 = EDGE_LOOP('',(#331,#354,#355,#378));
#331 = ORIENTED_EDGE('',*,*,#332,.F.);
#332 = EDGE_CURVE('',#22,#333,#335,.T.);
#333 = VERTEX_POINT('',#334);
#334 = CARTESIAN_POINT('',(50.,-50.,0.));
#335 = SURFACE_CURVE('',#336,(#340,#347),.PCURVE_S1.);
#336 = LINE('',#337,#338);
#337 = CARTESIAN_POINT('',(-50.,-50.,0.));
#338 = VECTOR('',#339,1.);
#339 = DIRECTION('',(1.,0.,0.));
#340 = PCURVE('',#44,#341);
#341 = DEFINITIONAL_REPRESENTATION('',(#342),#346);
#342 = LINE('',#343,#344);
#343 = CARTESIAN_POINT('',(0.,0.));
#344 = VECTOR('',#345,1.);
#345 = DIRECTION('',(0.,1.));
#346 = ( GEOMETRIC_REPRESENTATION_CONTEXT(2) 
PARAMETRIC_REPRESENTATION_CONTEXT() REPRESENTATION_CONTEXT('2D SPACE',''
  ) );
#347 = PCURVE('',#72,#348);
#348 = DEFINITIONAL_REPRESENTATION('',(#349),#353);
#349 = LINE('',#350,#351);
#350 = CARTESIAN_POINT('',(0.,0.));
#351 = VECTOR('',#352,1.);
#352 = DIRECTION('',(1.,0.));
#353 = ( GEOMETRIC_REPRESENTATION_CONTEXT(2) 
PARAMETRIC_REPRESENTATION_CONTEXT() REPRESENTATION_CONTEXT('2D SPACE',''
  ) );
#354 = ORIENTED_EDGE('',*,*,#21,.T.);
#355 = ORIENTED_EDGE('',*,*,#356,.F.);
#356 = EDGE_CURVE('',#357,#24,#359,.T.);
#357 = VERTEX_POINT('',#358);
#358 = CARTESIAN_POINT('',(50.,-50.,100.));
#359 = SURFACE_CURVE('',#360,(#364,#371),.PCURVE_S1.);
#360 = LINE('',#361,#362);
#361 = CARTESIAN_POINT('',(50.,-50.,100.));
#362 = VECTOR('',#363,1.);
#363 = DIRECTION('',(-1.,0.,0.));
#364 = PCURVE('',#44,#365);
#365 = DEFINITIONAL_REPRESENTATION('',(#366),#370);
#366 = LINE('',#367,#368);
#367 = CARTESIAN_POINT('',(100.,100.));
#368 = VECTOR('',#369,1.);
#369 = DIRECTION('',(0.,-1.));
#370 = ( GEOMETRIC_REPRESENTATION_CONTEXT(2) 
PARAMETRIC_REPRESENTATION_CONTEXT() REPRESENTATION_CONTEXT('2D SPACE',''
  ) );
#371 = PCURVE('',#126,#372);
#372 = DEFINITIONAL_REPRESENTATION('',(#373),#377);
#373 = LINE('',#374,#375);
#374 = CARTESIAN_POINT('',(100.,0.));
#375 = VECTOR('',#376,1.);
#376 = DIRECTION('',(-1.,0.));
#377 = ( GEOMETRIC_REPRESENTATION_CONTEXT(2) 
PARAMETRIC_REPRESENTATION_CONTEXT() REPRESENTATION_CONTEXT('2D SPACE',''
  ) );
#378 = ORIENTED_EDGE('',*,*,#379,.F.);
#379 = EDGE_CURVE('',#333,#357,#380,.T.);
#380 = SURFACE_CURVE('',#381,(#385,#392),.PCURVE_S1.);
#381 = LINE('',#382,#383);
#382 = CARTESIAN_POINT('',(50.,-50.,0.));
#383 = VECTOR('',#384,1.);
#384 = DIRECTION('',(0.,0.,1.));
#385 = PCURVE('',#44,#386);
#386 = DEFINITIONAL_REPRESENTATION('',(#387),#391);
#387 = LINE('',#388,#389);
#388 = CARTESIAN_POINT('',(0.,100.));
#389 = VECTOR('',#390,1.);
#390 = DIRECTION('',(1.,0.));
#391 = ( GEOMETRIC_REPRESENTATION_CONTEXT(2) 
PARAMETRIC_REPRESENTATION_CONTEXT() REPRESENTATION_CONTEXT('2D SPACE',''
  ) );
#392 = PCURVE('',#393,#398);
#393 = PLANE('',#394);
#394 = AXIS2_PLACEMENT_3D('',#395,#396,#397);
#395 = CARTESIAN_POINT('',(50.,-50.,0.));
#396 = DIRECTION('',(1.,0.,-0.));
#397 = DIRECTION('',(0.,0.,1.));
#398 = DEFINITIONAL_REPRESENTATION('',(#399),#403);
#399 = LINE('',#400,#401);
#400 = CARTESIAN_POINT('',(0.,0.));
#401 = VECTOR('',#402,1.);
#402 = DIRECTION('',(1.,0.));
#403 = ( GEOMETRIC_REPRESENTATION_CONTEXT(2) 
PARAMETRIC_REPRESENTATION_CONTEXT() REPRESENTATION_CONTEXT('2D SPACE',''
  ) );
#404 = FACE_BOUND('',#405,.F.);
#405 = EDGE_LOOP('',(#406,#435,#462,#489,#516,#543,#570));
#406 = ORIENTED_EDGE('',*,*,#407,.F.);
#407 = EDGE_CURVE('',#408,#410,#412,.T.);
#408 = VERTEX_POINT('',#409);
#409 = CARTESIAN_POINT('',(17.37290460772,-50.,57.064766066608));
#410 = VERTEX_POINT('',#411);
#411 = CARTESIAN_POINT('',(14.067208191485,-50.,37.240756801298));
#412 = SURFACE_CURVE('',#413,(#417,#424),.PCURVE_S1.);
#413 = LINE('',#414,#415);
#414 = CARTESIAN_POINT('',(10.294564254123,-50.,14.616498868328));
#415 = VECTOR('',#416,1.);
#416 = DIRECTION('',(-0.164481038999,0.,-0.986380245042));
#417 = PCURVE('',#44,#418);
#418 = DEFINITIONAL_REPRESENTATION('',(#419),#423);
#419 = LINE('',#420,#421);
#420 = CARTESIAN_POINT('',(14.616498868328,60.294564254123));
#421 = VECTOR('',#422,1.);
#422 = DIRECTION('',(-0.986380245042,-0.164481038999));
#423 = ( GEOMETRIC_REPRESENTATION_CONTEXT(2) 
PARAMETRIC_REPRESENTATION_CONTEXT() REPRESENTATION_CONTEXT('2D SPACE',''
  ) );
#424 = PCURVE('',#425,#430);
#425 = PLANE('',#426);
#426 = AXIS2_PLACEMENT_3D('',#427,#428,#429);
#427 = CARTESIAN_POINT('',(14.067208191485,-53.,37.240756801298));
#428 = DIRECTION('',(0.986380245042,0.,-0.164481038999));
#429 = DIRECTION('',(0.164481038999,0.,0.986380245042));
#430 = DEFINITIONAL_REPRESENTATION('',(#431),#434);
#431 = B_SPLINE_CURVE_WITH_KNOTS('',1,(#432,#433),.UNSPECIFIED.,.F.,.F.,
  (2,2),(-43.03438497641,-22.93664947841),.PIECEWISE_BEZIER_KNOTS.);
#432 = CARTESIAN_POINT('',(20.097735497996,-3.));
#433 = CARTESIAN_POINT('',(0.,-3.));
#434 = ( GEOMETRIC_REPRESENTATION_CONTEXT(2) 
PARAMETRIC_REPRESENTATION_CONTEXT() REPRESENTATION_CONTEXT('2D SPACE',''
  ) );
#435 = ORIENTED_EDGE('',*,*,#436,.F.);
#436 = EDGE_CURVE('',#437,#408,#439,.T.);
#437 = VERTEX_POINT('',#438);
#438 = CARTESIAN_POINT('',(17.815087459207,-50.,67.184269316857));
#439 = SURFACE_CURVE('',#440,(#444,#451),.PCURVE_S1.);
#440 = LINE('',#441,#442);
#441 = CARTESIAN_POINT('',(16.072429263482,-50.,27.30295049954));
#442 = VECTOR('',#443,1.);
#443 = DIRECTION('',(-4.365444660055E-02,0.,-0.999046690246));
#444 = PCURVE('',#44,#445);
#445 = DEFINITIONAL_REPRESENTATION('',(#446),#450);
#446 = LINE('',#447,#448);
#447 = CARTESIAN_POINT('',(27.30295049954,66.072429263482));
#448 = VECTOR('',#449,1.);
#449 = DIRECTION('',(-0.999046690246,-4.365444660055E-02));
#450 = ( GEOMETRIC_REPRESENTATION_CONTEXT(2) 
PARAMETRIC_REPRESENTATION_CONTEXT() REPRESENTATION_CONTEXT('2D SPACE',''
  ) );
#451 = PCURVE('',#452,#457);
#452 = PLANE('',#453);
#453 = AXIS2_PLACEMENT_3D('',#454,#455,#456);
#454 = CARTESIAN_POINT('',(17.37290460772,-53.,57.064766066608));
#455 = DIRECTION('',(0.999046690246,0.,-4.365444660055E-02));
#456 = DIRECTION('',(4.365444660055E-02,0.,0.999046690246));
#457 = DEFINITIONAL_REPRESENTATION('',(#458),#461);
#458 = B_SPLINE_CURVE_WITH_KNOTS('',1,(#459,#460),.UNSPECIFIED.,.F.,.F.,
  (2,2),(-39.91937434624,-29.79021486946),.PIECEWISE_BEZIER_KNOTS.);
#459 = CARTESIAN_POINT('',(10.129159476775,-3.));
#460 = CARTESIAN_POINT('',(0.,-3.));
#461 = ( GEOMETRIC_REPRESENTATION_CONTEXT(2) 
PARAMETRIC_REPRESENTATION_CONTEXT() REPRESENTATION_CONTEXT('2D SPACE',''
  ) );
#462 = ORIENTED_EDGE('',*,*,#463,.F.);
#463 = EDGE_CURVE('',#464,#437,#466,.T.);
#464 = VERTEX_POINT('',#465);
#465 = CARTESIAN_POINT('',(16.615460419787,-50.,73.359893747224));
#466 = SURFACE_CURVE('',#467,(#471,#478),.PCURVE_S1.);
#467 = LINE('',#468,#469);
#468 = CARTESIAN_POINT('',(23.024751999845,-50.,40.365157581327));
#469 = VECTOR('',#470,1.);
#470 = DIRECTION('',(0.190687570176,0.,-0.981650778322));
#471 = PCURVE('',#44,#472);
#472 = DEFINITIONAL_REPRESENTATION('',(#473),#477);
#473 = LINE('',#474,#475);
#474 = CARTESIAN_POINT('',(40.365157581327,73.024751999845));
#475 = VECTOR('',#476,1.);
#476 = DIRECTION('',(-0.981650778322,0.190687570176));
#477 = ( GEOMETRIC_REPRESENTATION_CONTEXT(2) 
PARAMETRIC_REPRESENTATION_CONTEXT() REPRESENTATION_CONTEXT('2D SPACE',''
  ) );
#478 = PCURVE('',#479,#484);
#479 = PLANE('',#480);
#480 = AXIS2_PLACEMENT_3D('',#481,#482,#483);
#481 = CARTESIAN_POINT('',(17.815087459207,-53.,67.184269316857));
#482 = DIRECTION('',(0.981650778322,-0.,0.190687570176));
#483 = DIRECTION('',(-0.190687570176,0.,0.981650778322));
#484 = DEFINITIONAL_REPRESENTATION('',(#485),#488);
#485 = B_SPLINE_CURVE_WITH_KNOTS('',1,(#486,#487),.UNSPECIFIED.,.F.,.F.,
  (2,2),(-33.61148067573,-27.32042018177),.PIECEWISE_BEZIER_KNOTS.);
#486 = CARTESIAN_POINT('',(6.29106049396,-3.));
#487 = CARTESIAN_POINT('',(0.,-3.));
#488 = ( GEOMETRIC_REPRESENTATION_CONTEXT(2) 
PARAMETRIC_REPRESENTATION_CONTEXT() REPRESENTATION_CONTEXT('2D SPACE',''
  ) );
#489 = ORIENTED_EDGE('',*,*,#490,.F.);
#490 = EDGE_CURVE('',#491,#464,#493,.T.);
#491 = VERTEX_POINT('',#492);
#492 = CARTESIAN_POINT('',(-1.088190779513,-50.,73.728533807971));
#493 = SURFACE_CURVE('',#494,(#498,#505),.PCURVE_S1.);
#494 = LINE('',#495,#496);
#495 = CARTESIAN_POINT('',(-11.66622695328,-50.,73.948798421965));
#496 = VECTOR('',#497,1.);
#497 = DIRECTION('',(0.999783275419,0.,-2.081831387409E-02));
#498 = PCURVE('',#44,#499);
#499 = DEFINITIONAL_REPRESENTATION('',(#500),#504);
#500 = LINE('',#501,#502);
#501 = CARTESIAN_POINT('',(73.948798421965,38.333773046712));
#502 = VECTOR('',#503,1.);
#503 = DIRECTION('',(-2.081831387409E-02,0.999783275419));
#504 = ( GEOMETRIC_REPRESENTATION_CONTEXT(2) 
PARAMETRIC_REPRESENTATION_CONTEXT() REPRESENTATION_CONTEXT('2D SPACE',''
  ) );
#505 = PCURVE('',#506,#511);
#506 = PLANE('',#507);
#507 = AXIS2_PLACEMENT_3D('',#508,#509,#510);
#508 = CARTESIAN_POINT('',(16.615460419787,-53.,73.359893747224));
#509 = DIRECTION('',(2.081831387409E-02,-0.,0.999783275419));
#510 = DIRECTION('',(-0.999783275419,0.,2.081831387409E-02));
#511 = DEFINITIONAL_REPRESENTATION('',(#512),#515);
#512 = B_SPLINE_CURVE_WITH_KNOTS('',1,(#513,#514),.UNSPECIFIED.,.F.,.F.,
  (2,2),(10.580329191186,28.287818038588),.PIECEWISE_BEZIER_KNOTS.);
#513 = CARTESIAN_POINT('',(17.707488847401,-3.));
#514 = CARTESIAN_POINT('',(0.,-3.));
#515 = ( GEOMETRIC_REPRESENTATION_CONTEXT(2) 
PARAMETRIC_REPRESENTATION_CONTEXT() REPRESENTATION_CONTEXT('2D SPACE',''
  ) );
#516 = ORIENTED_EDGE('',*,*,#517,.F.);
#517 = EDGE_CURVE('',#518,#491,#520,.T.);
#518 = VERTEX_POINT('',#519);
#519 = CARTESIAN_POINT('',(-7.965485811579,-50.,50.221491030409));
#520 = SURFACE_CURVE('',#521,(#525,#532),.PCURVE_S1.);
#521 = LINE('',#522,#523);
#522 = CARTESIAN_POINT('',(-12.61609555559,-50.,34.325403733806));
#523 = VECTOR('',#524,1.);
#524 = DIRECTION('',(0.280792884887,0.,0.959768386538));
#525 = PCURVE('',#44,#526);
#526 = DEFINITIONAL_REPRESENTATION('',(#527),#531);
#527 = LINE('',#528,#529);
#528 = CARTESIAN_POINT('',(34.325403733806,37.38390444441));
#529 = VECTOR('',#530,1.);
#530 = DIRECTION('',(0.959768386538,0.280792884887));
#531 = ( GEOMETRIC_REPRESENTATION_CONTEXT(2) 
PARAMETRIC_REPRESENTATION_CONTEXT() REPRESENTATION_CONTEXT('2D SPACE',''
  ) );
#532 = PCURVE('',#533,#538);
#533 = PLANE('',#534);
#534 = AXIS2_PLACEMENT_3D('',#535,#536,#537);
#535 = CARTESIAN_POINT('',(-1.088190779513,-53.,73.728533807971));
#536 = DIRECTION('',(-0.959768386538,0.,0.280792884887));
#537 = DIRECTION('',(-0.280792884887,0.,-0.959768386538));
#538 = DEFINITIONAL_REPRESENTATION('',(#539),#542);
#539 = B_SPLINE_CURVE_WITH_KNOTS('',1,(#540,#541),.UNSPECIFIED.,.F.,.F.,
  (2,2),(16.562420183424,41.054832214587),.PIECEWISE_BEZIER_KNOTS.);
#540 = CARTESIAN_POINT('',(24.492412031162,-3.));
#541 = CARTESIAN_POINT('',(0.,-3.));
#542 = ( GEOMETRIC_REPRESENTATION_CONTEXT(2) 
PARAMETRIC_REPRESENTATION_CONTEXT() REPRESENTATION_CONTEXT('2D SPACE',''
  ) );
#543 = ORIENTED_EDGE('',*,*,#544,.F.);
#544 = EDGE_CURVE('',#545,#518,#547,.T.);
#545 = VERTEX_POINT('',#546);
#546 = CARTESIAN_POINT('',(-10.57985245527,-50.,36.844321573444));
#547 = SURFACE_CURVE('',#548,(#552,#559),.PCURVE_S1.);
#548 = LINE('',#549,#550);
#549 = CARTESIAN_POINT('',(-13.30931915759,-50.,22.87820909559));
#550 = VECTOR('',#551,1.);
#551 = DIRECTION('',(0.191806285634,0.,0.981432804012));
#552 = PCURVE('',#44,#553);
#553 = DEFINITIONAL_REPRESENTATION('',(#554),#558);
#554 = LINE('',#555,#556);
#555 = CARTESIAN_POINT('',(22.87820909559,36.690680842403));
#556 = VECTOR('',#557,1.);
#557 = DIRECTION('',(0.981432804012,0.191806285634));
#558 = ( GEOMETRIC_REPRESENTATION_CONTEXT(2) 
PARAMETRIC_REPRESENTATION_CONTEXT() REPRESENTATION_CONTEXT('2D SPACE',''
  ) );
#559 = PCURVE('',#560,#565);
#560 = PLANE('',#561);
#561 = AXIS2_PLACEMENT_3D('',#562,#563,#564);
#562 = CARTESIAN_POINT('',(-7.965485811579,-53.,50.221491030409));
#563 = DIRECTION('',(-0.981432804012,0.,0.191806285634));
#564 = DIRECTION('',(-0.191806285634,0.,-0.981432804012));
#565 = DEFINITIONAL_REPRESENTATION('',(#566),#569);
#566 = B_SPLINE_CURVE_WITH_KNOTS('',1,(#567,#568),.UNSPECIFIED.,.F.,.F.,
  (2,2),(14.230329800225,27.860574685333),.PIECEWISE_BEZIER_KNOTS.);
#567 = CARTESIAN_POINT('',(13.630244885108,-3.));
#568 = CARTESIAN_POINT('',(0.,-3.));
#569 = ( GEOMETRIC_REPRESENTATION_CONTEXT(2) 
PARAMETRIC_REPRESENTATION_CONTEXT() REPRESENTATION_CONTEXT('2D SPACE',''
  ) );
#570 = ORIENTED_EDGE('',*,*,#571,.F.);
#571 = EDGE_CURVE('',#410,#545,#572,.T.);
#572 = SURFACE_CURVE('',#573,(#577,#584),.PCURVE_S1.);
#573 = LINE('',#574,#575);
#574 = CARTESIAN_POINT('',(-26.33216187023,-50.,36.590953820524));
#575 = VECTOR('',#576,1.);
#576 = DIRECTION('',(-0.999870669797,0.,-1.608240278574E-02));
#577 = PCURVE('',#44,#578);
#578 = DEFINITIONAL_REPRESENTATION('',(#579),#583);
#579 = LINE('',#580,#581);
#580 = CARTESIAN_POINT('',(36.590953820524,23.667838129769));
#581 = VECTOR('',#582,1.);
#582 = DIRECTION('',(-1.608240278574E-02,-0.999870669797));
#583 = ( GEOMETRIC_REPRESENTATION_CONTEXT(2) 
PARAMETRIC_REPRESENTATION_CONTEXT() REPRESENTATION_CONTEXT('2D SPACE',''
  ) );
#584 = PCURVE('',#585,#590);
#585 = PLANE('',#586);
#586 = AXIS2_PLACEMENT_3D('',#587,#588,#589);
#587 = CARTESIAN_POINT('',(-10.57985245527,-53.,36.844321573444));
#588 = DIRECTION('',(1.608240278574E-02,0.,-0.999870669797));
#589 = DIRECTION('',(0.999870669797,0.,1.608240278574E-02));
#590 = DEFINITIONAL_REPRESENTATION('',(#591),#594);
#591 = B_SPLINE_CURVE_WITH_KNOTS('',1,(#592,#593),.UNSPECIFIED.,.F.,.F.,
  (2,2),(-40.40459559626,-15.75434692784),.PIECEWISE_BEZIER_KNOTS.);
#592 = CARTESIAN_POINT('',(24.650248668416,-3.));
#593 = CARTESIAN_POINT('',(0.,-3.));
#594 = ( GEOMETRIC_REPRESENTATION_CONTEXT(2) 
PARAMETRIC_REPRESENTATION_CONTEXT() REPRESENTATION_CONTEXT('2D SPACE',''
  ) );
#595 = ADVANCED_FACE('',(#596,#644),#126,.T.);
#596 = FACE_BOUND('',#597,.T.);
#597 = EDGE_LOOP('',(#598,#599,#600,#623));
#598 = ORIENTED_EDGE('',*,*,#112,.F.);
#599 = ORIENTED_EDGE('',*,*,#356,.F.);
#600 = ORIENTED_EDGE('',*,*,#601,.T.);
#601 = EDGE_CURVE('',#357,#602,#604,.T.);
#602 = VERTEX_POINT('',#603);
#603 = CARTESIAN_POINT('',(50.,50.,100.));
#604 = SURFACE_CURVE('',#605,(#609,#616),.PCURVE_S1.);
#605 = LINE('',#606,#607);
#606 = CARTESIAN_POINT('',(50.,-50.,100.));
#607 = VECTOR('',#608,1.);
#608 = DIRECTION('',(0.,1.,0.));
#609 = PCURVE('',#126,#610);
#610 = DEFINITIONAL_REPRESENTATION('',(#611),#615);
#611 = LINE('',#612,#613);
#612 = CARTESIAN_POINT('',(100.,0.));
#613 = VECTOR('',#614,1.);
#614 = DIRECTION('',(0.,1.));
#615 = ( GEOMETRIC_REPRESENTATION_CONTEXT(2) 
PARAMETRIC_REPRESENTATION_CONTEXT() REPRESENTATION_CONTEXT('2D SPACE',''
  ) );
#616 = PCURVE('',#393,#617);
#617 = DEFINITIONAL_REPRESENTATION('',(#618),#622);
#618 = LINE('',#619,#620);
#619 = CARTESIAN_POINT('',(100.,0.));
#620 = VECTOR('',#621,1.);
#621 = DIRECTION('',(0.,-1.));
#622 = ( GEOMETRIC_REPRESENTATION_CONTEXT(2) 
PARAMETRIC_REPRESENTATION_CONTEXT() REPRESENTATION_CONTEXT('2D SPACE',''
  ) );
#623 = ORIENTED_EDGE('',*,*,#624,.T.);
#624 = EDGE_CURVE('',#602,#85,#625,.T.);
#625 = SURFACE_CURVE('',#626,(#630,#637),.PCURVE_S1.);
#626 = LINE('',#627,#628);
#627 = CARTESIAN_POINT('',(50.,50.,100.));
#628 = VECTOR('',#629,1.);
#629 = DIRECTION('',(-1.,0.,0.));
#630 = PCURVE('',#126,#631);
#631 = DEFINITIONAL_REPRESENTATION('',(#632),#636);
#632 = LINE('',#633,#634);
#633 = CARTESIAN_POINT('',(100.,100.));
#634 = VECTOR('',#635,1.);
#635 = DIRECTION('',(-1.,0.));
#636 = ( GEOMETRIC_REPRESENTATION_CONTEXT(2) 
PARAMETRIC_REPRESENTATION_CONTEXT() REPRESENTATION_CONTEXT('2D SPACE',''
  ) );
#637 = PCURVE('',#100,#638);
#638 = DEFINITIONAL_REPRESENTATION('',(#639),#643);
#639 = LINE('',#640,#641);
#640 = CARTESIAN_POINT('',(100.,100.));
#641 = VECTOR('',#642,1.);
#642 = DIRECTION('',(0.,-1.));
#643 = ( GEOMETRIC_REPRESENTATION_CONTEXT(2) 
PARAMETRIC_REPRESENTATION_CONTEXT() REPRESENTATION_CONTEXT('2D SPACE',''
  ) );
#644 = FACE_BOUND('',#645,.T.);
#645 = EDGE_LOOP('',(#646,#676,#704,#732,#760,#788,#816,#844,#872,#900,
    #928,#956));
#646 = ORIENTED_EDGE('',*,*,#647,.F.);
#647 = EDGE_CURVE('',#648,#650,#652,.T.);
#648 = VERTEX_POINT('',#649);
#649 = CARTESIAN_POINT('',(-48.,-41.5,100.));
#650 = VERTEX_POINT('',#651);
#651 = CARTESIAN_POINT('',(-41.5,-41.5,100.));
#652 = SURFACE_CURVE('',#653,(#657,#664),.PCURVE_S1.);
#653 = LINE('',#654,#655);
#654 = CARTESIAN_POINT('',(-50.,-41.5,100.));
#655 = VECTOR('',#656,1.);
#656 = DIRECTION('',(1.,0.,-0.));
#657 = PCURVE('',#126,#658);
#658 = DEFINITIONAL_REPRESENTATION('',(#659),#663);
#659 = LINE('',#660,#661);
#660 = CARTESIAN_POINT('',(0.,8.5));
#661 = VECTOR('',#662,1.);
#662 = DIRECTION('',(1.,0.));
#663 = ( GEOMETRIC_REPRESENTATION_CONTEXT(2) 
PARAMETRIC_REPRESENTATION_CONTEXT() REPRESENTATION_CONTEXT('2D SPACE',''
  ) );
#664 = PCURVE('',#665,#670);
#665 = PLANE('',#666);
#666 = AXIS2_PLACEMENT_3D('',#667,#668,#669);
#667 = CARTESIAN_POINT('',(-50.,-41.5,0.));
#668 = DIRECTION('',(-0.,1.,0.));
#669 = DIRECTION('',(0.,0.,1.));
#670 = DEFINITIONAL_REPRESENTATION('',(#671),#675);
#671 = LINE('',#672,#673);
#672 = CARTESIAN_POINT('',(100.,0.));
#673 = VECTOR('',#674,1.);
#674 = DIRECTION('',(0.,1.));
#675 = ( GEOMETRIC_REPRESENTATION_CONTEXT(2) 
PARAMETRIC_REPRESENTATION_CONTEXT() REPRESENTATION_CONTEXT('2D SPACE',''
  ) );
#676 = ORIENTED_EDGE('',*,*,#677,.T.);
#677 = EDGE_CURVE('',#648,#678,#680,.T.);
#678 = VERTEX_POINT('',#679);
#679 = CARTESIAN_POINT('',(-48.,41.5,100.));
#680 = SURFACE_CURVE('',#681,(#685,#692),.PCURVE_S1.);
#681 = LINE('',#682,#683);
#682 = CARTESIAN_POINT('',(-48.,-41.5,100.));
#683 = VECTOR('',#684,1.);
#684 = DIRECTION('',(-0.,1.,0.));
#685 = PCURVE('',#126,#686);
#686 = DEFINITIONAL_REPRESENTATION('',(#687),#691);
#687 = LINE('',#688,#689);
#688 = CARTESIAN_POINT('',(2.,8.5));
#689 = VECTOR('',#690,1.);
#690 = DIRECTION('',(0.,1.));
#691 = ( GEOMETRIC_REPRESENTATION_CONTEXT(2) 
PARAMETRIC_REPRESENTATION_CONTEXT() REPRESENTATION_CONTEXT('2D SPACE',''
  ) );
#692 = PCURVE('',#693,#698);
#693 = PLANE('',#694);
#694 = AXIS2_PLACEMENT_3D('',#695,#696,#697);
#695 = CARTESIAN_POINT('',(-48.,-41.5,0.));
#696 = DIRECTION('',(1.,0.,-0.));
#697 = DIRECTION('',(0.,0.,1.));
#698 = DEFINITIONAL_REPRESENTATION('',(#699),#703);
#699 = LINE('',#700,#701);
#700 = CARTESIAN_POINT('',(100.,0.));
#701 = VECTOR('',#702,1.);
#702 = DIRECTION('',(0.,-1.));
#703 = ( GEOMETRIC_REPRESENTATION_CONTEXT(2) 
PARAMETRIC_REPRESENTATION_CONTEXT() REPRESENTATION_CONTEXT('2D SPACE',''
  ) );
#704 = ORIENTED_EDGE('',*,*,#705,.T.);
#705 = EDGE_CURVE('',#678,#706,#708,.T.);
#706 = VERTEX_POINT('',#707);
#707 = CARTESIAN_POINT('',(-41.5,41.5,100.));
#708 = SURFACE_CURVE('',#709,(#713,#720),.PCURVE_S1.);
#709 = LINE('',#710,#711);
#710 = CARTESIAN_POINT('',(-50.,41.5,100.));
#711 = VECTOR('',#712,1.);
#712 = DIRECTION('',(1.,0.,-0.));
#713 = PCURVE('',#126,#714);
#714 = DEFINITIONAL_REPRESENTATION('',(#715),#719);
#715 = LINE('',#716,#717);
#716 = CARTESIAN_POINT('',(0.,91.5));
#717 = VECTOR('',#718,1.);
#718 = DIRECTION('',(1.,0.));
#719 = ( GEOMETRIC_REPRESENTATION_CONTEXT(2) 
PARAMETRIC_REPRESENTATION_CONTEXT() REPRESENTATION_CONTEXT('2D SPACE',''
  ) );
#720 = PCURVE('',#721,#726);
#721 = PLANE('',#722);
#722 = AXIS2_PLACEMENT_3D('',#723,#724,#725);
#723 = CARTESIAN_POINT('',(-50.,41.5,0.));
#724 = DIRECTION('',(-0.,1.,0.));
#725 = DIRECTION('',(0.,0.,1.));
#726 = DEFINITIONAL_REPRESENTATION('',(#727),#731);
#727 = LINE('',#728,#729);
#728 = CARTESIAN_POINT('',(100.,0.));
#729 = VECTOR('',#730,1.);
#730 = DIRECTION('',(0.,1.));
#731 = ( GEOMETRIC_REPRESENTATION_CONTEXT(2) 
PARAMETRIC_REPRESENTATION_CONTEXT() REPRESENTATION_CONTEXT('2D SPACE',''
  ) );
#732 = ORIENTED_EDGE('',*,*,#733,.T.);
#733 = EDGE_CURVE('',#706,#734,#736,.T.);
#734 = VERTEX_POINT('',#735);
#735 = CARTESIAN_POINT('',(-41.5,48.,100.));
#736 = SURFACE_CURVE('',#737,(#741,#748),.PCURVE_S1.);
#737 = LINE('',#738,#739);
#738 = CARTESIAN_POINT('',(-41.5,41.5,100.));
#739 = VECTOR('',#740,1.);
#740 = DIRECTION('',(-0.,1.,0.));
#741 = PCURVE('',#126,#742);
#742 = DEFINITIONAL_REPRESENTATION('',(#743),#747);
#743 = LINE('',#744,#745);
#744 = CARTESIAN_POINT('',(8.5,91.5));
#745 = VECTOR('',#746,1.);
#746 = DIRECTION('',(0.,1.));
#747 = ( GEOMETRIC_REPRESENTATION_CONTEXT(2) 
PARAMETRIC_REPRESENTATION_CONTEXT() REPRESENTATION_CONTEXT('2D SPACE',''
  ) );
#748 = PCURVE('',#749,#754);
#749 = PLANE('',#750);
#750 = AXIS2_PLACEMENT_3D('',#751,#752,#753);
#751 = CARTESIAN_POINT('',(-41.5,41.5,0.));
#752 = DIRECTION('',(1.,0.,-0.));
#753 = DIRECTION('',(0.,0.,1.));
#754 = DEFINITIONAL_REPRESENTATION('',(#755),#759);
#755 = LINE('',#756,#757);
#756 = CARTESIAN_POINT('',(100.,0.));
#757 = VECTOR('',#758,1.);
#758 = DIRECTION('',(0.,-1.));
#759 = ( GEOMETRIC_REPRESENTATION_CONTEXT(2) 
PARAMETRIC_REPRESENTATION_CONTEXT() REPRESENTATION_CONTEXT('2D SPACE',''
  ) );
#760 = ORIENTED_EDGE('',*,*,#761,.T.);
#761 = EDGE_CURVE('',#734,#762,#764,.T.);
#762 = VERTEX_POINT('',#763);
#763 = CARTESIAN_POINT('',(41.5,48.,100.));
#764 = SURFACE_CURVE('',#765,(#769,#776),.PCURVE_S1.);
#765 = LINE('',#766,#767);
#766 = CARTESIAN_POINT('',(-41.5,48.,100.));
#767 = VECTOR('',#768,1.);
#768 = DIRECTION('',(1.,0.,-0.));
#769 = PCURVE('',#126,#770);
#770 = DEFINITIONAL_REPRESENTATION('',(#771),#775);
#771 = LINE('',#772,#773);
#772 = CARTESIAN_POINT('',(8.5,98.));
#773 = VECTOR('',#774,1.);
#774 = DIRECTION('',(1.,0.));
#775 = ( GEOMETRIC_REPRESENTATION_CONTEXT(2) 
PARAMETRIC_REPRESENTATION_CONTEXT() REPRESENTATION_CONTEXT('2D SPACE',''
  ) );
#776 = PCURVE('',#777,#782);
#777 = PLANE('',#778);
#778 = AXIS2_PLACEMENT_3D('',#779,#780,#781);
#779 = CARTESIAN_POINT('',(-41.5,48.,0.));
#780 = DIRECTION('',(-0.,1.,0.));
#781 = DIRECTION('',(0.,0.,1.));
#782 = DEFINITIONAL_REPRESENTATION('',(#783),#787);
#783 = LINE('',#784,#785);
#784 = CARTESIAN_POINT('',(100.,0.));
#785 = VECTOR('',#786,1.);
#786 = DIRECTION('',(0.,1.));
#787 = ( GEOMETRIC_REPRESENTATION_CONTEXT(2) 
PARAMETRIC_REPRESENTATION_CONTEXT() REPRESENTATION_CONTEXT('2D SPACE',''
  ) );
#788 = ORIENTED_EDGE('',*,*,#789,.F.);
#789 = EDGE_CURVE('',#790,#762,#792,.T.);
#790 = VERTEX_POINT('',#791);
#791 = CARTESIAN_POINT('',(41.5,41.5,100.));
#792 = SURFACE_CURVE('',#793,(#797,#804),.PCURVE_S1.);
#793 = LINE('',#794,#795);
#794 = CARTESIAN_POINT('',(41.5,41.5,100.));
#795 = VECTOR('',#796,1.);
#796 = DIRECTION('',(-0.,1.,0.));
#797 = PCURVE('',#126,#798);
#798 = DEFINITIONAL_REPRESENTATION('',(#799),#803);
#799 = LINE('',#800,#801);
#800 = CARTESIAN_POINT('',(91.5,91.5));
#801 = VECTOR('',#802,1.);
#802 = DIRECTION('',(0.,1.));
#803 = ( GEOMETRIC_REPRESENTATION_CONTEXT(2) 
PARAMETRIC_REPRESENTATION_CONTEXT() REPRESENTATION_CONTEXT('2D SPACE',''
  ) );
#804 = PCURVE('',#805,#810);
#805 = PLANE('',#806);
#806 = AXIS2_PLACEMENT_3D('',#807,#808,#809);
#807 = CARTESIAN_POINT('',(41.5,41.5,0.));
#808 = DIRECTION('',(1.,0.,-0.));
#809 = DIRECTION('',(0.,0.,1.));
#810 = DEFINITIONAL_REPRESENTATION('',(#811),#815);
#811 = LINE('',#812,#813);
#812 = CARTESIAN_POINT('',(100.,0.));
#813 = VECTOR('',#814,1.);
#814 = DIRECTION('',(0.,-1.));
#815 = ( GEOMETRIC_REPRESENTATION_CONTEXT(2) 
PARAMETRIC_REPRESENTATION_CONTEXT() REPRESENTATION_CONTEXT('2D SPACE',''
  ) );
#816 = ORIENTED_EDGE('',*,*,#817,.T.);
#817 = EDGE_CURVE('',#790,#818,#820,.T.);
#818 = VERTEX_POINT('',#819);
#819 = CARTESIAN_POINT('',(48.,41.5,100.));
#820 = SURFACE_CURVE('',#821,(#825,#832),.PCURVE_S1.);
#821 = LINE('',#822,#823);
#822 = CARTESIAN_POINT('',(41.5,41.5,100.));
#823 = VECTOR('',#824,1.);
#824 = DIRECTION('',(1.,0.,-0.));
#825 = PCURVE('',#126,#826);
#826 = DEFINITIONAL_REPRESENTATION('',(#827),#831);
#827 = LINE('',#828,#829);
#828 = CARTESIAN_POINT('',(91.5,91.5));
#829 = VECTOR('',#830,1.);
#830 = DIRECTION('',(1.,0.));
#831 = ( GEOMETRIC_REPRESENTATION_CONTEXT(2) 
PARAMETRIC_REPRESENTATION_CONTEXT() REPRESENTATION_CONTEXT('2D SPACE',''
  ) );
#832 = PCURVE('',#833,#838);
#833 = PLANE('',#834);
#834 = AXIS2_PLACEMENT_3D('',#835,#836,#837);
#835 = CARTESIAN_POINT('',(41.5,41.5,0.));
#836 = DIRECTION('',(-0.,1.,0.));
#837 = DIRECTION('',(0.,0.,1.));
#838 = DEFINITIONAL_REPRESENTATION('',(#839),#843);
#839 = LINE('',#840,#841);
#840 = CARTESIAN_POINT('',(100.,0.));
#841 = VECTOR('',#842,1.);
#842 = DIRECTION('',(0.,1.));
#843 = ( GEOMETRIC_REPRESENTATION_CONTEXT(2) 
PARAMETRIC_REPRESENTATION_CONTEXT() REPRESENTATION_CONTEXT('2D SPACE',''
  ) );
#844 = ORIENTED_EDGE('',*,*,#845,.F.);
#845 = EDGE_CURVE('',#846,#818,#848,.T.);
#846 = VERTEX_POINT('',#847);
#847 = CARTESIAN_POINT('',(48.,-41.5,100.));
#848 = SURFACE_CURVE('',#849,(#853,#860),.PCURVE_S1.);
#849 = LINE('',#850,#851);
#850 = CARTESIAN_POINT('',(48.,-41.5,100.));
#851 = VECTOR('',#852,1.);
#852 = DIRECTION('',(-0.,1.,0.));
#853 = PCURVE('',#126,#854);
#854 = DEFINITIONAL_REPRESENTATION('',(#855),#859);
#855 = LINE('',#856,#857);
#856 = CARTESIAN_POINT('',(98.,8.5));
#857 = VECTOR('',#858,1.);
#858 = DIRECTION('',(0.,1.));
#859 = ( GEOMETRIC_REPRESENTATION_CONTEXT(2) 
PARAMETRIC_REPRESENTATION_CONTEXT() REPRESENTATION_CONTEXT('2D SPACE',''
  ) );
#860 = PCURVE('',#861,#866);
#861 = PLANE('',#862);
#862 = AXIS2_PLACEMENT_3D('',#863,#864,#865);
#863 = CARTESIAN_POINT('',(48.,-41.5,0.));
#864 = DIRECTION('',(1.,0.,-0.));
#865 = DIRECTION('',(0.,0.,1.));
#866 = DEFINITIONAL_REPRESENTATION('',(#867),#871);
#867 = LINE('',#868,#869);
#868 = CARTESIAN_POINT('',(100.,0.));
#869 = VECTOR('',#870,1.);
#870 = DIRECTION('',(0.,-1.));
#871 = ( GEOMETRIC_REPRESENTATION_CONTEXT(2) 
PARAMETRIC_REPRESENTATION_CONTEXT() REPRESENTATION_CONTEXT('2D SPACE',''
  ) );
#872 = ORIENTED_EDGE('',*,*,#873,.F.);
#873 = EDGE_CURVE('',#874,#846,#876,.T.);
#874 = VERTEX_POINT('',#875);
#875 = CARTESIAN_POINT('',(41.5,-41.5,100.));
#876 = SURFACE_CURVE('',#877,(#881,#888),.PCURVE_S1.);
#877 = LINE('',#878,#879);
#878 = CARTESIAN_POINT('',(41.5,-41.5,100.));
#879 = VECTOR('',#880,1.);
#880 = DIRECTION('',(1.,0.,-0.));
#881 = PCURVE('',#126,#882);
#882 = DEFINITIONAL_REPRESENTATION('',(#883),#887);
#883 = LINE('',#884,#885);
#884 = CARTESIAN_POINT('',(91.5,8.5));
#885 = VECTOR('',#886,1.);
#886 = DIRECTION('',(1.,0.));
#887 = ( GEOMETRIC_REPRESENTATION_CONTEXT(2) 
PARAMETRIC_REPRESENTATION_CONTEXT() REPRESENTATION_CONTEXT('2D SPACE',''
  ) );
#888 = PCURVE('',#889,#894);
#889 = PLANE('',#890);
#890 = AXIS2_PLACEMENT_3D('',#891,#892,#893);
#891 = CARTESIAN_POINT('',(41.5,-41.5,0.));
#892 = DIRECTION('',(-0.,1.,0.));
#893 = DIRECTION('',(0.,0.,1.));
#894 = DEFINITIONAL_REPRESENTATION('',(#895),#899);
#895 = LINE('',#896,#897);
#896 = CARTESIAN_POINT('',(100.,0.));
#897 = VECTOR('',#898,1.);
#898 = DIRECTION('',(0.,1.));
#899 = ( GEOMETRIC_REPRESENTATION_CONTEXT(2) 
PARAMETRIC_REPRESENTATION_CONTEXT() REPRESENTATION_CONTEXT('2D SPACE',''
  ) );
#900 = ORIENTED_EDGE('',*,*,#901,.F.);
#901 = EDGE_CURVE('',#902,#874,#904,.T.);
#902 = VERTEX_POINT('',#903);
#903 = CARTESIAN_POINT('',(41.5,-48.,100.));
#904 = SURFACE_CURVE('',#905,(#909,#916),.PCURVE_S1.);
#905 = LINE('',#906,#907);
#906 = CARTESIAN_POINT('',(41.5,-50.,100.));
#907 = VECTOR('',#908,1.);
#908 = DIRECTION('',(-0.,1.,0.));
#909 = PCURVE('',#126,#910);
#910 = DEFINITIONAL_REPRESENTATION('',(#911),#915);
#911 = LINE('',#912,#913);
#912 = CARTESIAN_POINT('',(91.5,0.));
#913 = VECTOR('',#914,1.);
#914 = DIRECTION('',(0.,1.));
#915 = ( GEOMETRIC_REPRESENTATION_CONTEXT(2) 
PARAMETRIC_REPRESENTATION_CONTEXT() REPRESENTATION_CONTEXT('2D SPACE',''
  ) );
#916 = PCURVE('',#917,#922);
#917 = PLANE('',#918);
#918 = AXIS2_PLACEMENT_3D('',#919,#920,#921);
#919 = CARTESIAN_POINT('',(41.5,-50.,0.));
#920 = DIRECTION('',(1.,0.,-0.));
#921 = DIRECTION('',(0.,0.,1.));
#922 = DEFINITIONAL_REPRESENTATION('',(#923),#927);
#923 = LINE('',#924,#925);
#924 = CARTESIAN_POINT('',(100.,0.));
#925 = VECTOR('',#926,1.);
#926 = DIRECTION('',(0.,-1.));
#927 = ( GEOMETRIC_REPRESENTATION_CONTEXT(2) 
PARAMETRIC_REPRESENTATION_CONTEXT() REPRESENTATION_CONTEXT('2D SPACE',''
  ) );
#928 = ORIENTED_EDGE('',*,*,#929,.F.);
#929 = EDGE_CURVE('',#930,#902,#932,.T.);
#930 = VERTEX_POINT('',#931);
#931 = CARTESIAN_POINT('',(-41.5,-48.,100.));
#932 = SURFACE_CURVE('',#933,(#937,#944),.PCURVE_S1.);
#933 = LINE('',#934,#935);
#934 = CARTESIAN_POINT('',(-41.5,-48.,100.));
#935 = VECTOR('',#936,1.);
#936 = DIRECTION('',(1.,0.,-0.));
#937 = PCURVE('',#126,#938);
#938 = DEFINITIONAL_REPRESENTATION('',(#939),#943);
#939 = LINE('',#940,#941);
#940 = CARTESIAN_POINT('',(8.5,2.));
#941 = VECTOR('',#942,1.);
#942 = DIRECTION('',(1.,0.));
#943 = ( GEOMETRIC_REPRESENTATION_CONTEXT(2) 
PARAMETRIC_REPRESENTATION_CONTEXT() REPRESENTATION_CONTEXT('2D SPACE',''
  ) );
#944 = PCURVE('',#945,#950);
#945 = PLANE('',#946);
#946 = AXIS2_PLACEMENT_3D('',#947,#948,#949);
#947 = CARTESIAN_POINT('',(-41.5,-48.,0.));
#948 = DIRECTION('',(-0.,1.,0.));
#949 = DIRECTION('',(0.,0.,1.));
#950 = DEFINITIONAL_REPRESENTATION('',(#951),#955);
#951 = LINE('',#952,#953);
#952 = CARTESIAN_POINT('',(100.,0.));
#953 = VECTOR('',#954,1.);
#954 = DIRECTION('',(0.,1.));
#955 = ( GEOMETRIC_REPRESENTATION_CONTEXT(2) 
PARAMETRIC_REPRESENTATION_CONTEXT() REPRESENTATION_CONTEXT('2D SPACE',''
  ) );
#956 = ORIENTED_EDGE('',*,*,#957,.T.);
#957 = EDGE_CURVE('',#930,#650,#958,.T.);
#958 = SURFACE_CURVE('',#959,(#963,#970),.PCURVE_S1.);
#959 = LINE('',#960,#961);
#960 = CARTESIAN_POINT('',(-41.5,-50.,100.));
#961 = VECTOR('',#962,1.);
#962 = DIRECTION('',(-0.,1.,0.));
#963 = PCURVE('',#126,#964);
#964 = DEFINITIONAL_REPRESENTATION('',(#965),#969);
#965 = LINE('',#966,#967);
#966 = CARTESIAN_POINT('',(8.5,0.));
#967 = VECTOR('',#968,1.);
#968 = DIRECTION('',(0.,1.));
#969 = ( GEOMETRIC_REPRESENTATION_CONTEXT(2) 
PARAMETRIC_REPRESENTATION_CONTEXT() REPRESENTATION_CONTEXT('2D SPACE',''
  ) );
#970 = PCURVE('',#971,#976);
#971 = PLANE('',#972);
#972 = AXIS2_PLACEMENT_3D('',#973,#974,#975);
#973 = CARTESIAN_POINT('',(-41.5,-50.,0.));
#974 = DIRECTION('',(1.,0.,-0.));
#975 = DIRECTION('',(0.,0.,1.));
#976 = DEFINITIONAL_REPRESENTATION('',(#977),#981);
#977 = LINE('',#978,#979);
#978 = CARTESIAN_POINT('',(100.,0.));
#979 = VECTOR('',#980,1.);
#980 = DIRECTION('',(0.,-1.));
#981 = ( GEOMETRIC_REPRESENTATION_CONTEXT(2) 
PARAMETRIC_REPRESENTATION_CONTEXT() REPRESENTATION_CONTEXT('2D SPACE',''
  ) );
#982 = ADVANCED_FACE('',(#983,#1031),#72,.F.);
#983 = FACE_BOUND('',#984,.F.);
#984 = EDGE_LOOP('',(#985,#986,#1009,#1030));
#985 = ORIENTED_EDGE('',*,*,#332,.T.);
#986 = ORIENTED_EDGE('',*,*,#987,.F.);
#987 = EDGE_CURVE('',#988,#333,#990,.T.);
#988 = VERTEX_POINT('',#989);
#989 = CARTESIAN_POINT('',(50.,50.,0.));
#990 = SURFACE_CURVE('',#991,(#995,#1002),.PCURVE_S1.);
#991 = LINE('',#992,#993);
#992 = CARTESIAN_POINT('',(50.,50.,0.));
#993 = VECTOR('',#994,1.);
#994 = DIRECTION('',(0.,-1.,0.));
#995 = PCURVE('',#72,#996);
#996 = DEFINITIONAL_REPRESENTATION('',(#997),#1001);
#997 = LINE('',#998,#999);
#998 = CARTESIAN_POINT('',(100.,100.));
#999 = VECTOR('',#1000,1.);
#1000 = DIRECTION('',(0.,-1.));
#1001 = ( GEOMETRIC_REPRESENTATION_CONTEXT(2) 
PARAMETRIC_REPRESENTATION_CONTEXT() REPRESENTATION_CONTEXT('2D SPACE',''
  ) );
#1002 = PCURVE('',#393,#1003);
#1003 = DEFINITIONAL_REPRESENTATION('',(#1004),#1008);
#1004 = LINE('',#1005,#1006);
#1005 = CARTESIAN_POINT('',(0.,-100.));
#1006 = VECTOR('',#1007,1.);
#1007 = DIRECTION('',(0.,1.));
#1008 = ( GEOMETRIC_REPRESENTATION_CONTEXT(2) 
PARAMETRIC_REPRESENTATION_CONTEXT() REPRESENTATION_CONTEXT('2D SPACE',''
  ) );
#1009 = ORIENTED_EDGE('',*,*,#1010,.F.);
#1010 = EDGE_CURVE('',#57,#988,#1011,.T.);
#1011 = SURFACE_CURVE('',#1012,(#1016,#1023),.PCURVE_S1.);
#1012 = LINE('',#1013,#1014);
#1013 = CARTESIAN_POINT('',(-50.,50.,0.));
#1014 = VECTOR('',#1015,1.);
#1015 = DIRECTION('',(1.,0.,0.));
#1016 = PCURVE('',#72,#1017);
#1017 = DEFINITIONAL_REPRESENTATION('',(#1018),#1022);
#1018 = LINE('',#1019,#1020);
#1019 = CARTESIAN_POINT('',(0.,100.));
#1020 = VECTOR('',#1021,1.);
#1021 = DIRECTION('',(1.,0.));
#1022 = ( GEOMETRIC_REPRESENTATION_CONTEXT(2) 
PARAMETRIC_REPRESENTATION_CONTEXT() REPRESENTATION_CONTEXT('2D SPACE',''
  ) );
#1023 = PCURVE('',#100,#1024);
#1024 = DEFINITIONAL_REPRESENTATION('',(#1025),#1029);
#1025 = LINE('',#1026,#1027);
#1026 = CARTESIAN_POINT('',(0.,0.));
#1027 = VECTOR('',#1028,1.);
#1028 = DIRECTION('',(0.,1.));
#1029 = ( GEOMETRIC_REPRESENTATION_CONTEXT(2) 
PARAMETRIC_REPRESENTATION_CONTEXT() REPRESENTATION_CONTEXT('2D SPACE',''
  ) );
#1030 = ORIENTED_EDGE('',*,*,#56,.T.);
#1031 = FACE_BOUND('',#1032,.F.);
#1032 = EDGE_LOOP('',(#1033,#1058,#1081,#1104,#1127,#1150,#1173,#1196,
    #1219,#1242,#1265,#1288));
#1033 = ORIENTED_EDGE('',*,*,#1034,.F.);
#1034 = EDGE_CURVE('',#1035,#1037,#1039,.T.);
#1035 = VERTEX_POINT('',#1036);
#1036 = CARTESIAN_POINT('',(-48.,-41.5,0.));
#1037 = VERTEX_POINT('',#1038);
#1038 = CARTESIAN_POINT('',(-41.5,-41.5,0.));
#1039 = SURFACE_CURVE('',#1040,(#1044,#1051),.PCURVE_S1.);
#1040 = LINE('',#1041,#1042);
#1041 = CARTESIAN_POINT('',(-50.,-41.5,0.));
#1042 = VECTOR('',#1043,1.);
#1043 = DIRECTION('',(1.,0.,-0.));
#1044 = PCURVE('',#72,#1045);
#1045 = DEFINITIONAL_REPRESENTATION('',(#1046),#1050);
#1046 = LINE('',#1047,#1048);
#1047 = CARTESIAN_POINT('',(0.,8.5));
#1048 = VECTOR('',#1049,1.);
#1049 = DIRECTION('',(1.,0.));
#1050 = ( GEOMETRIC_REPRESENTATION_CONTEXT(2) 
PARAMETRIC_REPRESENTATION_CONTEXT() REPRESENTATION_CONTEXT('2D SPACE',''
  ) );
#1051 = PCURVE('',#665,#1052);
#1052 = DEFINITIONAL_REPRESENTATION('',(#1053),#1057);
#1053 = LINE('',#1054,#1055);
#1054 = CARTESIAN_POINT('',(0.,0.));
#1055 = VECTOR('',#1056,1.);
#1056 = DIRECTION('',(0.,1.));
#1057 = ( GEOMETRIC_REPRESENTATION_CONTEXT(2) 
PARAMETRIC_REPRESENTATION_CONTEXT() REPRESENTATION_CONTEXT('2D SPACE',''
  ) );
#1058 = ORIENTED_EDGE('',*,*,#1059,.T.);
#1059 = EDGE_CURVE('',#1035,#1060,#1062,.T.);
#1060 = VERTEX_POINT('',#1061);
#1061 = CARTESIAN_POINT('',(-48.,41.5,0.));
#1062 = SURFACE_CURVE('',#1063,(#1067,#1074),.PCURVE_S1.);
#1063 = LINE('',#1064,#1065);
#1064 = CARTESIAN_POINT('',(-48.,-41.5,0.));
#1065 = VECTOR('',#1066,1.);
#1066 = DIRECTION('',(-0.,1.,0.));
#1067 = PCURVE('',#72,#1068);
#1068 = DEFINITIONAL_REPRESENTATION('',(#1069),#1073);
#1069 = LINE('',#1070,#1071);
#1070 = CARTESIAN_POINT('',(2.,8.5));
#1071 = VECTOR('',#1072,1.);
#1072 = DIRECTION('',(0.,1.));
#1073 = ( GEOMETRIC_REPRESENTATION_CONTEXT(2) 
PARAMETRIC_REPRESENTATION_CONTEXT() REPRESENTATION_CONTEXT('2D SPACE',''
  ) );
#1074 = PCURVE('',#693,#1075);
#1075 = DEFINITIONAL_REPRESENTATION('',(#1076),#1080);
#1076 = LINE('',#1077,#1078);
#1077 = CARTESIAN_POINT('',(0.,0.));
#1078 = VECTOR('',#1079,1.);
#1079 = DIRECTION('',(0.,-1.));
#1080 = ( GEOMETRIC_REPRESENTATION_CONTEXT(2) 
PARAMETRIC_REPRESENTATION_CONTEXT() REPRESENTATION_CONTEXT('2D SPACE',''
  ) );
#1081 = ORIENTED_EDGE('',*,*,#1082,.T.);
#1082 = EDGE_CURVE('',#1060,#1083,#1085,.T.);
#1083 = VERTEX_POINT('',#1084);
#1084 = CARTESIAN_POINT('',(-41.5,41.5,0.));
#1085 = SURFACE_CURVE('',#1086,(#1090,#1097),.PCURVE_S1.);
#1086 = LINE('',#1087,#1088);
#1087 = CARTESIAN_POINT('',(-50.,41.5,0.));
#1088 = VECTOR('',#1089,1.);
#1089 = DIRECTION('',(1.,0.,-0.));
#1090 = PCURVE('',#72,#1091);
#1091 = DEFINITIONAL_REPRESENTATION('',(#1092),#1096);
#1092 = LINE('',#1093,#1094);
#1093 = CARTESIAN_POINT('',(0.,91.5));
#1094 = VECTOR('',#1095,1.);
#1095 = DIRECTION('',(1.,0.));
#1096 = ( GEOMETRIC_REPRESENTATION_CONTEXT(2) 
PARAMETRIC_REPRESENTATION_CONTEXT() REPRESENTATION_CONTEXT('2D SPACE',''
  ) );
#1097 = PCURVE('',#721,#1098);
#1098 = DEFINITIONAL_REPRESENTATION('',(#1099),#1103);
#1099 = LINE('',#1100,#1101);
#1100 = CARTESIAN_POINT('',(0.,0.));
#1101 = VECTOR('',#1102,1.);
#1102 = DIRECTION('',(0.,1.));
#1103 = ( GEOMETRIC_REPRESENTATION_CONTEXT(2) 
PARAMETRIC_REPRESENTATION_CONTEXT() REPRESENTATION_CONTEXT('2D SPACE',''
  ) );
#1104 = ORIENTED_EDGE('',*,*,#1105,.T.);
#1105 = EDGE_CURVE('',#1083,#1106,#1108,.T.);
#1106 = VERTEX_POINT('',#1107);
#1107 = CARTESIAN_POINT('',(-41.5,48.,0.));
#1108 = SURFACE_CURVE('',#1109,(#1113,#1120),.PCURVE_S1.);
#1109 = LINE('',#1110,#1111);
#1110 = CARTESIAN_POINT('',(-41.5,41.5,0.));
#1111 = VECTOR('',#1112,1.);
#1112 = DIRECTION('',(-0.,1.,0.));
#1113 = PCURVE('',#72,#1114);
#1114 = DEFINITIONAL_REPRESENTATION('',(#1115),#1119);
#1115 = LINE('',#1116,#1117);
#1116 = CARTESIAN_POINT('',(8.5,91.5));
#1117 = VECTOR('',#1118,1.);
#1118 = DIRECTION('',(0.,1.));
#1119 = ( GEOMETRIC_REPRESENTATION_CONTEXT(2) 
PARAMETRIC_REPRESENTATION_CONTEXT() REPRESENTATION_CONTEXT('2D SPACE',''
  ) );
#1120 = PCURVE('',#749,#1121);
#1121 = DEFINITIONAL_REPRESENTATION('',(#1122),#1126);
#1122 = LINE('',#1123,#1124);
#1123 = CARTESIAN_POINT('',(0.,0.));
#1124 = VECTOR('',#1125,1.);
#1125 = DIRECTION('',(0.,-1.));
#1126 = ( GEOMETRIC_REPRESENTATION_CONTEXT(2) 
PARAMETRIC_REPRESENTATION_CONTEXT() REPRESENTATION_CONTEXT('2D SPACE',''
  ) );
#1127 = ORIENTED_EDGE('',*,*,#1128,.T.);
#1128 = EDGE_CURVE('',#1106,#1129,#1131,.T.);
#1129 = VERTEX_POINT('',#1130);
#1130 = CARTESIAN_POINT('',(41.5,48.,0.));
#1131 = SURFACE_CURVE('',#1132,(#1136,#1143),.PCURVE_S1.);
#1132 = LINE('',#1133,#1134);
#1133 = CARTESIAN_POINT('',(-41.5,48.,0.));
#1134 = VECTOR('',#1135,1.);
#1135 = DIRECTION('',(1.,0.,-0.));
#1136 = PCURVE('',#72,#1137);
#1137 = DEFINITIONAL_REPRESENTATION('',(#1138),#1142);
#1138 = LINE('',#1139,#1140);
#1139 = CARTESIAN_POINT('',(8.5,98.));
#1140 = VECTOR('',#1141,1.);
#1141 = DIRECTION('',(1.,0.));
#1142 = ( GEOMETRIC_REPRESENTATION_CONTEXT(2) 
PARAMETRIC_REPRESENTATION_CONTEXT() REPRESENTATION_CONTEXT('2D SPACE',''
  ) );
#1143 = PCURVE('',#777,#1144);
#1144 = DEFINITIONAL_REPRESENTATION('',(#1145),#1149);
#1145 = LINE('',#1146,#1147);
#1146 = CARTESIAN_POINT('',(0.,0.));
#1147 = VECTOR('',#1148,1.);
#1148 = DIRECTION('',(0.,1.));
#1149 = ( GEOMETRIC_REPRESENTATION_CONTEXT(2) 
PARAMETRIC_REPRESENTATION_CONTEXT() REPRESENTATION_CONTEXT('2D SPACE',''
  ) );
#1150 = ORIENTED_EDGE('',*,*,#1151,.F.);
#1151 = EDGE_CURVE('',#1152,#1129,#1154,.T.);
#1152 = VERTEX_POINT('',#1153);
#1153 = CARTESIAN_POINT('',(41.5,41.5,0.));
#1154 = SURFACE_CURVE('',#1155,(#1159,#1166),.PCURVE_S1.);
#1155 = LINE('',#1156,#1157);
#1156 = CARTESIAN_POINT('',(41.5,41.5,0.));
#1157 = VECTOR('',#1158,1.);
#1158 = DIRECTION('',(-0.,1.,0.));
#1159 = PCURVE('',#72,#1160);
#1160 = DEFINITIONAL_REPRESENTATION('',(#1161),#1165);
#1161 = LINE('',#1162,#1163);
#1162 = CARTESIAN_POINT('',(91.5,91.5));
#1163 = VECTOR('',#1164,1.);
#1164 = DIRECTION('',(0.,1.));
#1165 = ( GEOMETRIC_REPRESENTATION_CONTEXT(2) 
PARAMETRIC_REPRESENTATION_CONTEXT() REPRESENTATION_CONTEXT('2D SPACE',''
  ) );
#1166 = PCURVE('',#805,#1167);
#1167 = DEFINITIONAL_REPRESENTATION('',(#1168),#1172);
#1168 = LINE('',#1169,#1170);
#1169 = CARTESIAN_POINT('',(0.,0.));
#1170 = VECTOR('',#1171,1.);
#1171 = DIRECTION('',(0.,-1.));
#1172 = ( GEOMETRIC_REPRESENTATION_CONTEXT(2) 
PARAMETRIC_REPRESENTATION_CONTEXT() REPRESENTATION_CONTEXT('2D SPACE',''
  ) );
#1173 = ORIENTED_EDGE('',*,*,#1174,.T.);
#1174 = EDGE_CURVE('',#1152,#1175,#1177,.T.);
#1175 = VERTEX_POINT('',#1176);
#1176 = CARTESIAN_POINT('',(48.,41.5,0.));
#1177 = SURFACE_CURVE('',#1178,(#1182,#1189),.PCURVE_S1.);
#1178 = LINE('',#1179,#1180);
#1179 = CARTESIAN_POINT('',(41.5,41.5,0.));
#1180 = VECTOR('',#1181,1.);
#1181 = DIRECTION('',(1.,0.,-0.));
#1182 = PCURVE('',#72,#1183);
#1183 = DEFINITIONAL_REPRESENTATION('',(#1184),#1188);
#1184 = LINE('',#1185,#1186);
#1185 = CARTESIAN_POINT('',(91.5,91.5));
#1186 = VECTOR('',#1187,1.);
#1187 = DIRECTION('',(1.,0.));
#1188 = ( GEOMETRIC_REPRESENTATION_CONTEXT(2) 
PARAMETRIC_REPRESENTATION_CONTEXT() REPRESENTATION_CONTEXT('2D SPACE',''
  ) );
#1189 = PCURVE('',#833,#1190);
#1190 = DEFINITIONAL_REPRESENTATION('',(#1191),#1195);
#1191 = LINE('',#1192,#1193);
#1192 = CARTESIAN_POINT('',(0.,0.));
#1193 = VECTOR('',#1194,1.);
#1194 = DIRECTION('',(0.,1.));
#1195 = ( GEOMETRIC_REPRESENTATION_CONTEXT(2) 
PARAMETRIC_REPRESENTATION_CONTEXT() REPRESENTATION_CONTEXT('2D SPACE',''
  ) );
#1196 = ORIENTED_EDGE('',*,*,#1197,.F.);
#1197 = EDGE_CURVE('',#1198,#1175,#1200,.T.);
#1198 = VERTEX_POINT('',#1199);
#1199 = CARTESIAN_POINT('',(48.,-41.5,0.));
#1200 = SURFACE_CURVE('',#1201,(#1205,#1212),.PCURVE_S1.);
#1201 = LINE('',#1202,#1203);
#1202 = CARTESIAN_POINT('',(48.,-41.5,0.));
#1203 = VECTOR('',#1204,1.);
#1204 = DIRECTION('',(-0.,1.,0.));
#1205 = PCURVE('',#72,#1206);
#1206 = DEFINITIONAL_REPRESENTATION('',(#1207),#1211);
#1207 = LINE('',#1208,#1209);
#1208 = CARTESIAN_POINT('',(98.,8.5));
#1209 = VECTOR('',#1210,1.);
#1210 = DIRECTION('',(0.,1.));
#1211 = ( GEOMETRIC_REPRESENTATION_CONTEXT(2) 
PARAMETRIC_REPRESENTATION_CONTEXT() REPRESENTATION_CONTEXT('2D SPACE',''
  ) );
#1212 = PCURVE('',#861,#1213);
#1213 = DEFINITIONAL_REPRESENTATION('',(#1214),#1218);
#1214 = LINE('',#1215,#1216);
#1215 = CARTESIAN_POINT('',(0.,0.));
#1216 = VECTOR('',#1217,1.);
#1217 = DIRECTION('',(0.,-1.));
#1218 = ( GEOMETRIC_REPRESENTATION_CONTEXT(2) 
PARAMETRIC_REPRESENTATION_CONTEXT() REPRESENTATION_CONTEXT('2D SPACE',''
  ) );
#1219 = ORIENTED_EDGE('',*,*,#1220,.F.);
#1220 = EDGE_CURVE('',#1221,#1198,#1223,.T.);
#1221 = VERTEX_POINT('',#1222);
#1222 = CARTESIAN_POINT('',(41.5,-41.5,0.));
#1223 = SURFACE_CURVE('',#1224,(#1228,#1235),.PCURVE_S1.);
#1224 = LINE('',#1225,#1226);
#1225 = CARTESIAN_POINT('',(41.5,-41.5,0.));
#1226 = VECTOR('',#1227,1.);
#1227 = DIRECTION('',(1.,0.,-0.));
#1228 = PCURVE('',#72,#1229);
#1229 = DEFINITIONAL_REPRESENTATION('',(#1230),#1234);
#1230 = LINE('',#1231,#1232);
#1231 = CARTESIAN_POINT('',(91.5,8.5));
#1232 = VECTOR('',#1233,1.);
#1233 = DIRECTION('',(1.,0.));
#1234 = ( GEOMETRIC_REPRESENTATION_CONTEXT(2) 
PARAMETRIC_REPRESENTATION_CONTEXT() REPRESENTATION_CONTEXT('2D SPACE',''
  ) );
#1235 = PCURVE('',#889,#1236);
#1236 = DEFINITIONAL_REPRESENTATION('',(#1237),#1241);
#1237 = LINE('',#1238,#1239);
#1238 = CARTESIAN_POINT('',(0.,0.));
#1239 = VECTOR('',#1240,1.);
#1240 = DIRECTION('',(0.,1.));
#1241 = ( GEOMETRIC_REPRESENTATION_CONTEXT(2) 
PARAMETRIC_REPRESENTATION_CONTEXT() REPRESENTATION_CONTEXT('2D SPACE',''
  ) );
#1242 = ORIENTED_EDGE('',*,*,#1243,.F.);
#1243 = EDGE_CURVE('',#1244,#1221,#1246,.T.);
#1244 = VERTEX_POINT('',#1245);
#1245 = CARTESIAN_POINT('',(41.5,-48.,0.));
#1246 = SURFACE_CURVE('',#1247,(#1251,#1258),.PCURVE_S1.);
#1247 = LINE('',#1248,#1249);
#1248 = CARTESIAN_POINT('',(41.5,-50.,0.));
#1249 = VECTOR('',#1250,1.);
#1250 = DIRECTION('',(-0.,1.,0.));
#1251 = PCURVE('',#72,#1252);
#1252 = DEFINITIONAL_REPRESENTATION('',(#1253),#1257);
#1253 = LINE('',#1254,#1255);
#1254 = CARTESIAN_POINT('',(91.5,0.));
#1255 = VECTOR('',#1256,1.);
#1256 = DIRECTION('',(0.,1.));
#1257 = ( GEOMETRIC_REPRESENTATION_CONTEXT(2) 
PARAMETRIC_REPRESENTATION_CONTEXT() REPRESENTATION_CONTEXT('2D SPACE',''
  ) );
#1258 = PCURVE('',#917,#1259);
#1259 = DEFINITIONAL_REPRESENTATION('',(#1260),#1264);
#1260 = LINE('',#1261,#1262);
#1261 = CARTESIAN_POINT('',(0.,0.));
#1262 = VECTOR('',#1263,1.);
#1263 = DIRECTION('',(0.,-1.));
#1264 = ( GEOMETRIC_REPRESENTATION_CONTEXT(2) 
PARAMETRIC_REPRESENTATION_CONTEXT() REPRESENTATION_CONTEXT('2D SPACE',''
  ) );
#1265 = ORIENTED_EDGE('',*,*,#1266,.F.);
#1266 = EDGE_CURVE('',#1267,#1244,#1269,.T.);
#1267 = VERTEX_POINT('',#1268);
#1268 = CARTESIAN_POINT('',(-41.5,-48.,0.));
#1269 = SURFACE_CURVE('',#1270,(#1274,#1281),.PCURVE_S1.);
#1270 = LINE('',#1271,#1272);
#1271 = CARTESIAN_POINT('',(-41.5,-48.,0.));
#1272 = VECTOR('',#1273,1.);
#1273 = DIRECTION('',(1.,0.,-0.));
#1274 = PCURVE('',#72,#1275);
#1275 = DEFINITIONAL_REPRESENTATION('',(#1276),#1280);
#1276 = LINE('',#1277,#1278);
#1277 = CARTESIAN_POINT('',(8.5,2.));
#1278 = VECTOR('',#1279,1.);
#1279 = DIRECTION('',(1.,0.));
#1280 = ( GEOMETRIC_REPRESENTATION_CONTEXT(2) 
PARAMETRIC_REPRESENTATION_CONTEXT() REPRESENTATION_CONTEXT('2D SPACE',''
  ) );
#1281 = PCURVE('',#945,#1282);
#1282 = DEFINITIONAL_REPRESENTATION('',(#1283),#1287);
#1283 = LINE('',#1284,#1285);
#1284 = CARTESIAN_POINT('',(0.,0.));
#1285 = VECTOR('',#1286,1.);
#1286 = DIRECTION('',(0.,1.));
#1287 = ( GEOMETRIC_REPRESENTATION_CONTEXT(2) 
PARAMETRIC_REPRESENTATION_CONTEXT() REPRESENTATION_CONTEXT('2D SPACE',''
  ) );
#1288 = ORIENTED_EDGE('',*,*,#1289,.T.);
#1289 = EDGE_CURVE('',#1267,#1037,#1290,.T.);
#1290 = SURFACE_CURVE('',#1291,(#1295,#1302),.PCURVE_S1.);
#1291 = LINE('',#1292,#1293);
#1292 = CARTESIAN_POINT('',(-41.5,-50.,0.));
#1293 = VECTOR('',#1294,1.);
#1294 = DIRECTION('',(-0.,1.,0.));
#1295 = PCURVE('',#72,#1296);
#1296 = DEFINITIONAL_REPRESENTATION('',(#1297),#1301);
#1297 = LINE('',#1298,#1299);
#1298 = CARTESIAN_POINT('',(8.5,0.));
#1299 = VECTOR('',#1300,1.);
#1300 = DIRECTION('',(0.,1.));
#1301 = ( GEOMETRIC_REPRESENTATION_CONTEXT(2) 
PARAMETRIC_REPRESENTATION_CONTEXT() REPRESENTATION_CONTEXT('2D SPACE',''
  ) );
#1302 = PCURVE('',#971,#1303);
#1303 = DEFINITIONAL_REPRESENTATION('',(#1304),#1308);
#1304 = LINE('',#1305,#1306);
#1305 = CARTESIAN_POINT('',(0.,0.));
#1306 = VECTOR('',#1307,1.);
#1307 = DIRECTION('',(0.,-1.));
#1308 = ( GEOMETRIC_REPRESENTATION_CONTEXT(2) 
PARAMETRIC_REPRESENTATION_CONTEXT() REPRESENTATION_CONTEXT('2D SPACE',''
  ) );
#1309 = ADVANCED_FACE('',(#1310),#665,.T.);
#1310 = FACE_BOUND('',#1311,.T.);
#1311 = EDGE_LOOP('',(#1312,#1313,#1334,#1335));
#1312 = ORIENTED_EDGE('',*,*,#1034,.F.);
#1313 = ORIENTED_EDGE('',*,*,#1314,.T.);
#1314 = EDGE_CURVE('',#1035,#648,#1315,.T.);
#1315 = SURFACE_CURVE('',#1316,(#1320,#1327),.PCURVE_S1.);
#1316 = LINE('',#1317,#1318);
#1317 = CARTESIAN_POINT('',(-48.,-41.5,0.));
#1318 = VECTOR('',#1319,1.);
#1319 = DIRECTION('',(0.,0.,1.));
#1320 = PCURVE('',#665,#1321);
#1321 = DEFINITIONAL_REPRESENTATION('',(#1322),#1326);
#1322 = LINE('',#1323,#1324);
#1323 = CARTESIAN_POINT('',(0.,2.));
#1324 = VECTOR('',#1325,1.);
#1325 = DIRECTION('',(1.,0.));
#1326 = ( GEOMETRIC_REPRESENTATION_CONTEXT(2) 
PARAMETRIC_REPRESENTATION_CONTEXT() REPRESENTATION_CONTEXT('2D SPACE',''
  ) );
#1327 = PCURVE('',#693,#1328);
#1328 = DEFINITIONAL_REPRESENTATION('',(#1329),#1333);
#1329 = LINE('',#1330,#1331);
#1330 = CARTESIAN_POINT('',(0.,0.));
#1331 = VECTOR('',#1332,1.);
#1332 = DIRECTION('',(1.,0.));
#1333 = ( GEOMETRIC_REPRESENTATION_CONTEXT(2) 
PARAMETRIC_REPRESENTATION_CONTEXT() REPRESENTATION_CONTEXT('2D SPACE',''
  ) );
#1334 = ORIENTED_EDGE('',*,*,#647,.T.);
#1335 = ORIENTED_EDGE('',*,*,#1336,.F.);
#1336 = EDGE_CURVE('',#1037,#650,#1337,.T.);
#1337 = SURFACE_CURVE('',#1338,(#1342,#1349),.PCURVE_S1.);
#1338 = LINE('',#1339,#1340);
#1339 = CARTESIAN_POINT('',(-41.5,-41.5,0.));
#1340 = VECTOR('',#1341,1.);
#1341 = DIRECTION('',(0.,0.,1.));
#1342 = PCURVE('',#665,#1343);
#1343 = DEFINITIONAL_REPRESENTATION('',(#1344),#1348);
#1344 = LINE('',#1345,#1346);
#1345 = CARTESIAN_POINT('',(0.,8.5));
#1346 = VECTOR('',#1347,1.);
#1347 = DIRECTION('',(1.,0.));
#1348 = ( GEOMETRIC_REPRESENTATION_CONTEXT(2) 
PARAMETRIC_REPRESENTATION_CONTEXT() REPRESENTATION_CONTEXT('2D SPACE',''
  ) );
#1349 = PCURVE('',#971,#1350);
#1350 = DEFINITIONAL_REPRESENTATION('',(#1351),#1355);
#1351 = LINE('',#1352,#1353);
#1352 = CARTESIAN_POINT('',(0.,-8.5));
#1353 = VECTOR('',#1354,1.);
#1354 = DIRECTION('',(1.,0.));
#1355 = ( GEOMETRIC_REPRESENTATION_CONTEXT(2) 
PARAMETRIC_REPRESENTATION_CONTEXT() REPRESENTATION_CONTEXT('2D SPACE',''
  ) );
#1356 = ADVANCED_FACE('',(#1357),#971,.T.);
#1357 = FACE_BOUND('',#1358,.T.);
#1358 = EDGE_LOOP('',(#1359,#1380,#1381,#1382));
#1359 = ORIENTED_EDGE('',*,*,#1360,.F.);
#1360 = EDGE_CURVE('',#1267,#930,#1361,.T.);
#1361 = SURFACE_CURVE('',#1362,(#1366,#1373),.PCURVE_S1.);
#1362 = LINE('',#1363,#1364);
#1363 = CARTESIAN_POINT('',(-41.5,-48.,0.));
#1364 = VECTOR('',#1365,1.);
#1365 = DIRECTION('',(0.,0.,1.));
#1366 = PCURVE('',#971,#1367);
#1367 = DEFINITIONAL_REPRESENTATION('',(#1368),#1372);
#1368 = LINE('',#1369,#1370);
#1369 = CARTESIAN_POINT('',(0.,-2.));
#1370 = VECTOR('',#1371,1.);
#1371 = DIRECTION('',(1.,0.));
#1372 = ( GEOMETRIC_REPRESENTATION_CONTEXT(2) 
PARAMETRIC_REPRESENTATION_CONTEXT() REPRESENTATION_CONTEXT('2D SPACE',''
  ) );
#1373 = PCURVE('',#945,#1374);
#1374 = DEFINITIONAL_REPRESENTATION('',(#1375),#1379);
#1375 = LINE('',#1376,#1377);
#1376 = CARTESIAN_POINT('',(0.,0.));
#1377 = VECTOR('',#1378,1.);
#1378 = DIRECTION('',(1.,0.));
#1379 = ( GEOMETRIC_REPRESENTATION_CONTEXT(2) 
PARAMETRIC_REPRESENTATION_CONTEXT() REPRESENTATION_CONTEXT('2D SPACE',''
  ) );
#1380 = ORIENTED_EDGE('',*,*,#1289,.T.);
#1381 = ORIENTED_EDGE('',*,*,#1336,.T.);
#1382 = ORIENTED_EDGE('',*,*,#957,.F.);
#1383 = ADVANCED_FACE('',(#1384),#318,.F.);
#1384 = FACE_BOUND('',#1385,.F.);
#1385 = EDGE_LOOP('',(#1386,#1409,#1430,#1431));
#1386 = ORIENTED_EDGE('',*,*,#1387,.F.);
#1387 = EDGE_CURVE('',#1388,#1390,#1392,.T.);
#1388 = VERTEX_POINT('',#1389);
#1389 = CARTESIAN_POINT('',(-48.,-10.57985245527,36.844321573444));
#1390 = VERTEX_POINT('',#1391);
#1391 = CARTESIAN_POINT('',(-48.,14.067208191485,37.240756801298));
#1392 = SURFACE_CURVE('',#1393,(#1397,#1403),.PCURVE_S1.);
#1393 = LINE('',#1394,#1395);
#1394 = CARTESIAN_POINT('',(-48.,-26.33216187023,36.590953820524));
#1395 = VECTOR('',#1396,1.);
#1396 = DIRECTION('',(0.,0.999870669797,1.608240278574E-02));
#1397 = PCURVE('',#318,#1398);
#1398 = DEFINITIONAL_REPRESENTATION('',(#1399),#1402);
#1399 = B_SPLINE_CURVE_WITH_KNOTS('',1,(#1400,#1401),.UNSPECIFIED.,.F.,
  .F.,(2,2),(15.754346927843,40.40459559626),.PIECEWISE_BEZIER_KNOTS.);
#1400 = CARTESIAN_POINT('',(0.,-3.));
#1401 = CARTESIAN_POINT('',(24.650248668416,-3.));
#1402 = ( GEOMETRIC_REPRESENTATION_CONTEXT(2) 
PARAMETRIC_REPRESENTATION_CONTEXT() REPRESENTATION_CONTEXT('2D SPACE',''
  ) );
#1403 = PCURVE('',#693,#1404);
#1404 = DEFINITIONAL_REPRESENTATION('',(#1405),#1408);
#1405 = B_SPLINE_CURVE_WITH_KNOTS('',1,(#1406,#1407),.UNSPECIFIED.,.F.,
  .F.,(2,2),(15.754346927843,40.40459559626),.PIECEWISE_BEZIER_KNOTS.);
#1406 = CARTESIAN_POINT('',(36.844321573444,-30.92014754472));
#1407 = CARTESIAN_POINT('',(37.240756801298,-55.56720819148));
#1408 = ( GEOMETRIC_REPRESENTATION_CONTEXT(2) 
PARAMETRIC_REPRESENTATION_CONTEXT() REPRESENTATION_CONTEXT('2D SPACE',''
  ) );
#1409 = ORIENTED_EDGE('',*,*,#1410,.T.);
#1410 = EDGE_CURVE('',#1388,#143,#1411,.T.);
#1411 = SURFACE_CURVE('',#1412,(#1416,#1423),.PCURVE_S1.);
#1412 = LINE('',#1413,#1414);
#1413 = CARTESIAN_POINT('',(-45.,-10.57985245527,36.844321573444));
#1414 = VECTOR('',#1415,1.);
#1415 = DIRECTION('',(-1.,1.110223024625E-16,0.));
#1416 = PCURVE('',#318,#1417);
#1417 = DEFINITIONAL_REPRESENTATION('',(#1418),#1422);
#1418 = LINE('',#1419,#1420);
#1419 = CARTESIAN_POINT('',(0.,0.));
#1420 = VECTOR('',#1421,1.);
#1421 = DIRECTION('',(0.,-1.));
#1422 = ( GEOMETRIC_REPRESENTATION_CONTEXT(2) 
PARAMETRIC_REPRESENTATION_CONTEXT() REPRESENTATION_CONTEXT('2D SPACE',''
  ) );
#1423 = PCURVE('',#158,#1424);
#1424 = DEFINITIONAL_REPRESENTATION('',(#1425),#1429);
#1425 = LINE('',#1426,#1427);
#1426 = CARTESIAN_POINT('',(13.630244885108,2.902530042639E-16));
#1427 = VECTOR('',#1428,1.);
#1428 = DIRECTION('',(0.,-1.));
#1429 = ( GEOMETRIC_REPRESENTATION_CONTEXT(2) 
PARAMETRIC_REPRESENTATION_CONTEXT() REPRESENTATION_CONTEXT('2D SPACE',''
  ) );
#1430 = ORIENTED_EDGE('',*,*,#304,.T.);
#1431 = ORIENTED_EDGE('',*,*,#1432,.F.);
#1432 = EDGE_CURVE('',#1390,#278,#1433,.T.);
#1433 = SURFACE_CURVE('',#1434,(#1438,#1445),.PCURVE_S1.);
#1434 = LINE('',#1435,#1436);
#1435 = CARTESIAN_POINT('',(-45.,14.067208191485,37.240756801298));
#1436 = VECTOR('',#1437,1.);
#1437 = DIRECTION('',(-1.,1.110223024625E-16,0.));
#1438 = PCURVE('',#318,#1439);
#1439 = DEFINITIONAL_REPRESENTATION('',(#1440),#1444);
#1440 = LINE('',#1441,#1442);
#1441 = CARTESIAN_POINT('',(24.650248668416,-2.736373421936E-15));
#1442 = VECTOR('',#1443,1.);
#1443 = DIRECTION('',(0.,-1.));
#1444 = ( GEOMETRIC_REPRESENTATION_CONTEXT(2) 
PARAMETRIC_REPRESENTATION_CONTEXT() REPRESENTATION_CONTEXT('2D SPACE',''
  ) );
#1445 = PCURVE('',#293,#1446);
#1446 = DEFINITIONAL_REPRESENTATION('',(#1447),#1451);
#1447 = LINE('',#1448,#1449);
#1448 = CARTESIAN_POINT('',(0.,0.));
#1449 = VECTOR('',#1450,1.);
#1450 = DIRECTION('',(0.,-1.));
#1451 = ( GEOMETRIC_REPRESENTATION_CONTEXT(2) 
PARAMETRIC_REPRESENTATION_CONTEXT() REPRESENTATION_CONTEXT('2D SPACE',''
  ) );
#1452 = ADVANCED_FACE('',(#1453),#293,.F.);
#1453 = FACE_BOUND('',#1454,.F.);
#1454 = EDGE_LOOP('',(#1455,#1476,#1477,#1478));
#1455 = ORIENTED_EDGE('',*,*,#1456,.F.);
#1456 = EDGE_CURVE('',#1390,#1457,#1459,.T.);
#1457 = VERTEX_POINT('',#1458);
#1458 = CARTESIAN_POINT('',(-48.,17.37290460772,57.064766066608));
#1459 = SURFACE_CURVE('',#1460,(#1464,#1470),.PCURVE_S1.);
#1460 = LINE('',#1461,#1462);
#1461 = CARTESIAN_POINT('',(-48.,10.294564254123,14.616498868328));
#1462 = VECTOR('',#1463,1.);
#1463 = DIRECTION('',(0.,0.164481038999,0.986380245042));
#1464 = PCURVE('',#293,#1465);
#1465 = DEFINITIONAL_REPRESENTATION('',(#1466),#1469);
#1466 = B_SPLINE_CURVE_WITH_KNOTS('',1,(#1467,#1468),.UNSPECIFIED.,.F.,
  .F.,(2,2),(22.936649478415,43.03438497641),.PIECEWISE_BEZIER_KNOTS.);
#1467 = CARTESIAN_POINT('',(0.,-3.));
#1468 = CARTESIAN_POINT('',(20.097735497996,-3.));
#1469 = ( GEOMETRIC_REPRESENTATION_CONTEXT(2) 
PARAMETRIC_REPRESENTATION_CONTEXT() REPRESENTATION_CONTEXT('2D SPACE',''
  ) );
#1470 = PCURVE('',#693,#1471);
#1471 = DEFINITIONAL_REPRESENTATION('',(#1472),#1475);
#1472 = B_SPLINE_CURVE_WITH_KNOTS('',1,(#1473,#1474),.UNSPECIFIED.,.F.,
  .F.,(2,2),(22.936649478415,43.03438497641),.PIECEWISE_BEZIER_KNOTS.);
#1473 = CARTESIAN_POINT('',(37.240756801298,-55.56720819148));
#1474 = CARTESIAN_POINT('',(57.064766066608,-58.87290460772));
#1475 = ( GEOMETRIC_REPRESENTATION_CONTEXT(2) 
PARAMETRIC_REPRESENTATION_CONTEXT() REPRESENTATION_CONTEXT('2D SPACE',''
  ) );
#1476 = ORIENTED_EDGE('',*,*,#1432,.T.);
#1477 = ORIENTED_EDGE('',*,*,#277,.T.);
#1478 = ORIENTED_EDGE('',*,*,#1479,.F.);
#1479 = EDGE_CURVE('',#1457,#251,#1480,.T.);
#1480 = SURFACE_CURVE('',#1481,(#1485,#1492),.PCURVE_S1.);
#1481 = LINE('',#1482,#1483);
#1482 = CARTESIAN_POINT('',(-45.,17.37290460772,57.064766066608));
#1483 = VECTOR('',#1484,1.);
#1484 = DIRECTION('',(-1.,1.110223024625E-16,0.));
#1485 = PCURVE('',#293,#1486);
#1486 = DEFINITIONAL_REPRESENTATION('',(#1487),#1491);
#1487 = LINE('',#1488,#1489);
#1488 = CARTESIAN_POINT('',(20.097735497996,-3.670060273725E-16));
#1489 = VECTOR('',#1490,1.);
#1490 = DIRECTION('',(0.,-1.));
#1491 = ( GEOMETRIC_REPRESENTATION_CONTEXT(2) 
PARAMETRIC_REPRESENTATION_CONTEXT() REPRESENTATION_CONTEXT('2D SPACE',''
  ) );
#1492 = PCURVE('',#266,#1493);
#1493 = DEFINITIONAL_REPRESENTATION('',(#1494),#1498);
#1494 = LINE('',#1495,#1496);
#1495 = CARTESIAN_POINT('',(0.,0.));
#1496 = VECTOR('',#1497,1.);
#1497 = DIRECTION('',(0.,-1.));
#1498 = ( GEOMETRIC_REPRESENTATION_CONTEXT(2) 
PARAMETRIC_REPRESENTATION_CONTEXT() REPRESENTATION_CONTEXT('2D SPACE',''
  ) );
#1499 = ADVANCED_FACE('',(#1500),#266,.F.);
#1500 = FACE_BOUND('',#1501,.F.);
#1501 = EDGE_LOOP('',(#1502,#1523,#1524,#1525));
#1502 = ORIENTED_EDGE('',*,*,#1503,.F.);
#1503 = EDGE_CURVE('',#1457,#1504,#1506,.T.);
#1504 = VERTEX_POINT('',#1505);
#1505 = CARTESIAN_POINT('',(-48.,17.815087459207,67.184269316857));
#1506 = SURFACE_CURVE('',#1507,(#1511,#1517),.PCURVE_S1.);
#1507 = LINE('',#1508,#1509);
#1508 = CARTESIAN_POINT('',(-48.,16.072429263482,27.30295049954));
#1509 = VECTOR('',#1510,1.);
#1510 = DIRECTION('',(0.,4.365444660055E-02,0.999046690246));
#1511 = PCURVE('',#266,#1512);
#1512 = DEFINITIONAL_REPRESENTATION('',(#1513),#1516);
#1513 = B_SPLINE_CURVE_WITH_KNOTS('',1,(#1514,#1515),.UNSPECIFIED.,.F.,
  .F.,(2,2),(29.790214869469,39.919374346244),.PIECEWISE_BEZIER_KNOTS.);
#1514 = CARTESIAN_POINT('',(0.,-3.));
#1515 = CARTESIAN_POINT('',(10.129159476775,-3.));
#1516 = ( GEOMETRIC_REPRESENTATION_CONTEXT(2) 
PARAMETRIC_REPRESENTATION_CONTEXT() REPRESENTATION_CONTEXT('2D SPACE',''
  ) );
#1517 = PCURVE('',#693,#1518);
#1518 = DEFINITIONAL_REPRESENTATION('',(#1519),#1522);
#1519 = B_SPLINE_CURVE_WITH_KNOTS('',1,(#1520,#1521),.UNSPECIFIED.,.F.,
  .F.,(2,2),(29.790214869469,39.919374346244),.PIECEWISE_BEZIER_KNOTS.);
#1520 = CARTESIAN_POINT('',(57.064766066608,-58.87290460772));
#1521 = CARTESIAN_POINT('',(67.184269316857,-59.3150874592));
#1522 = ( GEOMETRIC_REPRESENTATION_CONTEXT(2) 
PARAMETRIC_REPRESENTATION_CONTEXT() REPRESENTATION_CONTEXT('2D SPACE',''
  ) );
#1523 = ORIENTED_EDGE('',*,*,#1479,.T.);
#1524 = ORIENTED_EDGE('',*,*,#250,.T.);
#1525 = ORIENTED_EDGE('',*,*,#1526,.F.);
#1526 = EDGE_CURVE('',#1504,#224,#1527,.T.);
#1527 = SURFACE_CURVE('',#1528,(#1532,#1539),.PCURVE_S1.);
#1528 = LINE('',#1529,#1530);
#1529 = CARTESIAN_POINT('',(-45.,17.815087459207,67.184269316857));
#1530 = VECTOR('',#1531,1.);
#1531 = DIRECTION('',(-1.,1.110223024625E-16,0.));
#1532 = PCURVE('',#266,#1533);
#1533 = DEFINITIONAL_REPRESENTATION('',(#1534),#1538);
#1534 = LINE('',#1535,#1536);
#1535 = CARTESIAN_POINT('',(10.129159476775,-4.909215828156E-17));
#1536 = VECTOR('',#1537,1.);
#1537 = DIRECTION('',(0.,-1.));
#1538 = ( GEOMETRIC_REPRESENTATION_CONTEXT(2) 
PARAMETRIC_REPRESENTATION_CONTEXT() REPRESENTATION_CONTEXT('2D SPACE',''
  ) );
#1539 = PCURVE('',#239,#1540);
#1540 = DEFINITIONAL_REPRESENTATION('',(#1541),#1545);
#1541 = LINE('',#1542,#1543);
#1542 = CARTESIAN_POINT('',(0.,0.));
#1543 = VECTOR('',#1544,1.);
#1544 = DIRECTION('',(0.,-1.));
#1545 = ( GEOMETRIC_REPRESENTATION_CONTEXT(2) 
PARAMETRIC_REPRESENTATION_CONTEXT() REPRESENTATION_CONTEXT('2D SPACE',''
  ) );
#1546 = ADVANCED_FACE('',(#1547),#239,.F.);
#1547 = FACE_BOUND('',#1548,.F.);
#1548 = EDGE_LOOP('',(#1549,#1570,#1571,#1572));
#1549 = ORIENTED_EDGE('',*,*,#1550,.F.);
#1550 = EDGE_CURVE('',#1504,#1551,#1553,.T.);
#1551 = VERTEX_POINT('',#1552);
#1552 = CARTESIAN_POINT('',(-48.,16.615460419787,73.359893747224));
#1553 = SURFACE_CURVE('',#1554,(#1558,#1564),.PCURVE_S1.);
#1554 = LINE('',#1555,#1556);
#1555 = CARTESIAN_POINT('',(-48.,23.024751999845,40.365157581327));
#1556 = VECTOR('',#1557,1.);
#1557 = DIRECTION('',(0.,-0.190687570176,0.981650778322));
#1558 = PCURVE('',#239,#1559);
#1559 = DEFINITIONAL_REPRESENTATION('',(#1560),#1563);
#1560 = B_SPLINE_CURVE_WITH_KNOTS('',1,(#1561,#1562),.UNSPECIFIED.,.F.,
  .F.,(2,2),(27.320420181776,33.611480675736),.PIECEWISE_BEZIER_KNOTS.);
#1561 = CARTESIAN_POINT('',(0.,-3.));
#1562 = CARTESIAN_POINT('',(6.29106049396,-3.));
#1563 = ( GEOMETRIC_REPRESENTATION_CONTEXT(2) 
PARAMETRIC_REPRESENTATION_CONTEXT() REPRESENTATION_CONTEXT('2D SPACE',''
  ) );
#1564 = PCURVE('',#693,#1565);
#1565 = DEFINITIONAL_REPRESENTATION('',(#1566),#1569);
#1566 = B_SPLINE_CURVE_WITH_KNOTS('',1,(#1567,#1568),.UNSPECIFIED.,.F.,
  .F.,(2,2),(27.320420181776,33.611480675736),.PIECEWISE_BEZIER_KNOTS.);
#1567 = CARTESIAN_POINT('',(67.184269316857,-59.3150874592));
#1568 = CARTESIAN_POINT('',(73.359893747224,-58.11546041978));
#1569 = ( GEOMETRIC_REPRESENTATION_CONTEXT(2) 
PARAMETRIC_REPRESENTATION_CONTEXT() REPRESENTATION_CONTEXT('2D SPACE',''
  ) );
#1570 = ORIENTED_EDGE('',*,*,#1526,.T.);
#1571 = ORIENTED_EDGE('',*,*,#223,.T.);
#1572 = ORIENTED_EDGE('',*,*,#1573,.F.);
#1573 = EDGE_CURVE('',#1551,#197,#1574,.T.);
#1574 = SURFACE_CURVE('',#1575,(#1579,#1586),.PCURVE_S1.);
#1575 = LINE('',#1576,#1577);
#1576 = CARTESIAN_POINT('',(-45.,16.615460419787,73.359893747224));
#1577 = VECTOR('',#1578,1.);
#1578 = DIRECTION('',(-1.,1.110223024625E-16,0.));
#1579 = PCURVE('',#239,#1580);
#1580 = DEFINITIONAL_REPRESENTATION('',(#1581),#1585);
#1581 = LINE('',#1582,#1583);
#1582 = CARTESIAN_POINT('',(6.29106049396,1.331853560128E-16));
#1583 = VECTOR('',#1584,1.);
#1584 = DIRECTION('',(0.,-1.));
#1585 = ( GEOMETRIC_REPRESENTATION_CONTEXT(2) 
PARAMETRIC_REPRESENTATION_CONTEXT() REPRESENTATION_CONTEXT('2D SPACE',''
  ) );
#1586 = PCURVE('',#212,#1587);
#1587 = DEFINITIONAL_REPRESENTATION('',(#1588),#1592);
#1588 = LINE('',#1589,#1590);
#1589 = CARTESIAN_POINT('',(0.,0.));
#1590 = VECTOR('',#1591,1.);
#1591 = DIRECTION('',(0.,-1.));
#1592 = ( GEOMETRIC_REPRESENTATION_CONTEXT(2) 
PARAMETRIC_REPRESENTATION_CONTEXT() REPRESENTATION_CONTEXT('2D SPACE',''
  ) );
#1593 = ADVANCED_FACE('',(#1594),#212,.F.);
#1594 = FACE_BOUND('',#1595,.F.);
#1595 = EDGE_LOOP('',(#1596,#1617,#1618,#1619));
#1596 = ORIENTED_EDGE('',*,*,#1597,.F.);
#1597 = EDGE_CURVE('',#1551,#1598,#1600,.T.);
#1598 = VERTEX_POINT('',#1599);
#1599 = CARTESIAN_POINT('',(-48.,-1.088190779513,73.728533807971));
#1600 = SURFACE_CURVE('',#1601,(#1605,#1611),.PCURVE_S1.);
#1601 = LINE('',#1602,#1603);
#1602 = CARTESIAN_POINT('',(-48.,-11.66622695328,73.948798421965));
#1603 = VECTOR('',#1604,1.);
#1604 = DIRECTION('',(0.,-0.999783275419,2.081831387409E-02));
#1605 = PCURVE('',#212,#1606);
#1606 = DEFINITIONAL_REPRESENTATION('',(#1607),#1610);
#1607 = B_SPLINE_CURVE_WITH_KNOTS('',1,(#1608,#1609),.UNSPECIFIED.,.F.,
  .F.,(2,2),(-28.28781803858,-10.58032919118),.PIECEWISE_BEZIER_KNOTS.);
#1608 = CARTESIAN_POINT('',(0.,-3.));
#1609 = CARTESIAN_POINT('',(17.707488847401,-3.));
#1610 = ( GEOMETRIC_REPRESENTATION_CONTEXT(2) 
PARAMETRIC_REPRESENTATION_CONTEXT() REPRESENTATION_CONTEXT('2D SPACE',''
  ) );
#1611 = PCURVE('',#693,#1612);
#1612 = DEFINITIONAL_REPRESENTATION('',(#1613),#1616);
#1613 = B_SPLINE_CURVE_WITH_KNOTS('',1,(#1614,#1615),.UNSPECIFIED.,.F.,
  .F.,(2,2),(-28.28781803858,-10.58032919118),.PIECEWISE_BEZIER_KNOTS.);
#1614 = CARTESIAN_POINT('',(73.359893747224,-58.11546041978));
#1615 = CARTESIAN_POINT('',(73.728533807971,-40.41180922048));
#1616 = ( GEOMETRIC_REPRESENTATION_CONTEXT(2) 
PARAMETRIC_REPRESENTATION_CONTEXT() REPRESENTATION_CONTEXT('2D SPACE',''
  ) );
#1617 = ORIENTED_EDGE('',*,*,#1573,.T.);
#1618 = ORIENTED_EDGE('',*,*,#196,.T.);
#1619 = ORIENTED_EDGE('',*,*,#1620,.F.);
#1620 = EDGE_CURVE('',#1598,#170,#1621,.T.);
#1621 = SURFACE_CURVE('',#1622,(#1626,#1633),.PCURVE_S1.);
#1622 = LINE('',#1623,#1624);
#1623 = CARTESIAN_POINT('',(-45.,-1.088190779513,73.728533807971));
#1624 = VECTOR('',#1625,1.);
#1625 = DIRECTION('',(-1.,1.110223024625E-16,0.));
#1626 = PCURVE('',#212,#1627);
#1627 = DEFINITIONAL_REPRESENTATION('',(#1628),#1632);
#1628 = LINE('',#1629,#1630);
#1629 = CARTESIAN_POINT('',(17.707488847401,1.965500118139E-15));
#1630 = VECTOR('',#1631,1.);
#1631 = DIRECTION('',(0.,-1.));
#1632 = ( GEOMETRIC_REPRESENTATION_CONTEXT(2) 
PARAMETRIC_REPRESENTATION_CONTEXT() REPRESENTATION_CONTEXT('2D SPACE',''
  ) );
#1633 = PCURVE('',#185,#1634);
#1634 = DEFINITIONAL_REPRESENTATION('',(#1635),#1639);
#1635 = LINE('',#1636,#1637);
#1636 = CARTESIAN_POINT('',(-0.,0.));
#1637 = VECTOR('',#1638,1.);
#1638 = DIRECTION('',(0.,-1.));
#1639 = ( GEOMETRIC_REPRESENTATION_CONTEXT(2) 
PARAMETRIC_REPRESENTATION_CONTEXT() REPRESENTATION_CONTEXT('2D SPACE',''
  ) );
#1640 = ADVANCED_FACE('',(#1641),#185,.F.);
#1641 = FACE_BOUND('',#1642,.F.);
#1642 = EDGE_LOOP('',(#1643,#1664,#1665,#1666));
#1643 = ORIENTED_EDGE('',*,*,#1644,.F.);
#1644 = EDGE_CURVE('',#1598,#1645,#1647,.T.);
#1645 = VERTEX_POINT('',#1646);
#1646 = CARTESIAN_POINT('',(-48.,-7.965485811579,50.221491030409));
#1647 = SURFACE_CURVE('',#1648,(#1652,#1658),.PCURVE_S1.);
#1648 = LINE('',#1649,#1650);
#1649 = CARTESIAN_POINT('',(-48.,-12.61609555559,34.325403733806));
#1650 = VECTOR('',#1651,1.);
#1651 = DIRECTION('',(0.,-0.280792884887,-0.959768386538));
#1652 = PCURVE('',#185,#1653);
#1653 = DEFINITIONAL_REPRESENTATION('',(#1654),#1657);
#1654 = B_SPLINE_CURVE_WITH_KNOTS('',1,(#1655,#1656),.UNSPECIFIED.,.F.,
  .F.,(2,2),(-41.05483221458,-16.56242018342),.PIECEWISE_BEZIER_KNOTS.);
#1655 = CARTESIAN_POINT('',(0.,-3.));
#1656 = CARTESIAN_POINT('',(24.492412031162,-3.));
#1657 = ( GEOMETRIC_REPRESENTATION_CONTEXT(2) 
PARAMETRIC_REPRESENTATION_CONTEXT() REPRESENTATION_CONTEXT('2D SPACE',''
  ) );
#1658 = PCURVE('',#693,#1659);
#1659 = DEFINITIONAL_REPRESENTATION('',(#1660),#1663);
#1660 = B_SPLINE_CURVE_WITH_KNOTS('',1,(#1661,#1662),.UNSPECIFIED.,.F.,
  .F.,(2,2),(-41.05483221458,-16.56242018342),.PIECEWISE_BEZIER_KNOTS.);
#1661 = CARTESIAN_POINT('',(73.728533807971,-40.41180922048));
#1662 = CARTESIAN_POINT('',(50.221491030409,-33.53451418842));
#1663 = ( GEOMETRIC_REPRESENTATION_CONTEXT(2) 
PARAMETRIC_REPRESENTATION_CONTEXT() REPRESENTATION_CONTEXT('2D SPACE',''
  ) );
#1664 = ORIENTED_EDGE('',*,*,#1620,.T.);
#1665 = ORIENTED_EDGE('',*,*,#169,.T.);
#1666 = ORIENTED_EDGE('',*,*,#1667,.F.);
#1667 = EDGE_CURVE('',#1645,#141,#1668,.T.);
#1668 = SURFACE_CURVE('',#1669,(#1673,#1680),.PCURVE_S1.);
#1669 = LINE('',#1670,#1671);
#1670 = CARTESIAN_POINT('',(-45.,-7.965485811579,50.221491030409));
#1671 = VECTOR('',#1672,1.);
#1672 = DIRECTION('',(-1.,1.110223024625E-16,0.));
#1673 = PCURVE('',#185,#1674);
#1674 = DEFINITIONAL_REPRESENTATION('',(#1675),#1679);
#1675 = LINE('',#1676,#1677);
#1676 = CARTESIAN_POINT('',(24.492412031162,7.635331291741E-16));
#1677 = VECTOR('',#1678,1.);
#1678 = DIRECTION('',(0.,-1.));
#1679 = ( GEOMETRIC_REPRESENTATION_CONTEXT(2) 
PARAMETRIC_REPRESENTATION_CONTEXT() REPRESENTATION_CONTEXT('2D SPACE',''
  ) );
#1680 = PCURVE('',#158,#1681);
#1681 = DEFINITIONAL_REPRESENTATION('',(#1682),#1686);
#1682 = LINE('',#1683,#1684);
#1683 = CARTESIAN_POINT('',(-0.,0.));
#1684 = VECTOR('',#1685,1.);
#1685 = DIRECTION('',(0.,-1.));
#1686 = ( GEOMETRIC_REPRESENTATION_CONTEXT(2) 
PARAMETRIC_REPRESENTATION_CONTEXT() REPRESENTATION_CONTEXT('2D SPACE',''
  ) );
#1687 = ADVANCED_FACE('',(#1688),#158,.F.);
#1688 = FACE_BOUND('',#1689,.F.);
#1689 = EDGE_LOOP('',(#1690,#1709,#1710,#1711));
#1690 = ORIENTED_EDGE('',*,*,#1691,.F.);
#1691 = EDGE_CURVE('',#1645,#1388,#1692,.T.);
#1692 = SURFACE_CURVE('',#1693,(#1697,#1703),.PCURVE_S1.);
#1693 = LINE('',#1694,#1695);
#1694 = CARTESIAN_POINT('',(-48.,-13.30931915759,22.87820909559));
#1695 = VECTOR('',#1696,1.);
#1696 = DIRECTION('',(0.,-0.191806285634,-0.981432804012));
#1697 = PCURVE('',#158,#1698);
#1698 = DEFINITIONAL_REPRESENTATION('',(#1699),#1702);
#1699 = B_SPLINE_CURVE_WITH_KNOTS('',1,(#1700,#1701),.UNSPECIFIED.,.F.,
  .F.,(2,2),(-27.86057468533,-14.23032980022),.PIECEWISE_BEZIER_KNOTS.);
#1700 = CARTESIAN_POINT('',(0.,-3.));
#1701 = CARTESIAN_POINT('',(13.630244885108,-3.));
#1702 = ( GEOMETRIC_REPRESENTATION_CONTEXT(2) 
PARAMETRIC_REPRESENTATION_CONTEXT() REPRESENTATION_CONTEXT('2D SPACE',''
  ) );
#1703 = PCURVE('',#693,#1704);
#1704 = DEFINITIONAL_REPRESENTATION('',(#1705),#1708);
#1705 = B_SPLINE_CURVE_WITH_KNOTS('',1,(#1706,#1707),.UNSPECIFIED.,.F.,
  .F.,(2,2),(-27.86057468533,-14.23032980022),.PIECEWISE_BEZIER_KNOTS.);
#1706 = CARTESIAN_POINT('',(50.221491030409,-33.53451418842));
#1707 = CARTESIAN_POINT('',(36.844321573444,-30.92014754472));
#1708 = ( GEOMETRIC_REPRESENTATION_CONTEXT(2) 
PARAMETRIC_REPRESENTATION_CONTEXT() REPRESENTATION_CONTEXT('2D SPACE',''
  ) );
#1709 = ORIENTED_EDGE('',*,*,#1667,.T.);
#1710 = ORIENTED_EDGE('',*,*,#140,.T.);
#1711 = ORIENTED_EDGE('',*,*,#1410,.F.);
#1712 = ADVANCED_FACE('',(#1713),#585,.F.);
#1713 = FACE_BOUND('',#1714,.F.);
#1714 = EDGE_LOOP('',(#1715,#1716,#1739,#1760));
#1715 = ORIENTED_EDGE('',*,*,#571,.T.);
#1716 = ORIENTED_EDGE('',*,*,#1717,.T.);
#1717 = EDGE_CURVE('',#545,#1718,#1720,.T.);
#1718 = VERTEX_POINT('',#1719);
#1719 = CARTESIAN_POINT('',(-10.57985245527,-48.,36.844321573444));
#1720 = SURFACE_CURVE('',#1721,(#1725,#1732),.PCURVE_S1.);
#1721 = LINE('',#1722,#1723);
#1722 = CARTESIAN_POINT('',(-10.57985245527,-53.,36.844321573444));
#1723 = VECTOR('',#1724,1.);
#1724 = DIRECTION('',(0.,1.,0.));
#1725 = PCURVE('',#585,#1726);
#1726 = DEFINITIONAL_REPRESENTATION('',(#1727),#1731);
#1727 = LINE('',#1728,#1729);
#1728 = CARTESIAN_POINT('',(0.,0.));
#1729 = VECTOR('',#1730,1.);
#1730 = DIRECTION('',(0.,-1.));
#1731 = ( GEOMETRIC_REPRESENTATION_CONTEXT(2) 
PARAMETRIC_REPRESENTATION_CONTEXT() REPRESENTATION_CONTEXT('2D SPACE',''
  ) );
#1732 = PCURVE('',#560,#1733);
#1733 = DEFINITIONAL_REPRESENTATION('',(#1734),#1738);
#1734 = LINE('',#1735,#1736);
#1735 = CARTESIAN_POINT('',(13.630244885108,0.));
#1736 = VECTOR('',#1737,1.);
#1737 = DIRECTION('',(0.,-1.));
#1738 = ( GEOMETRIC_REPRESENTATION_CONTEXT(2) 
PARAMETRIC_REPRESENTATION_CONTEXT() REPRESENTATION_CONTEXT('2D SPACE',''
  ) );
#1739 = ORIENTED_EDGE('',*,*,#1740,.F.);
#1740 = EDGE_CURVE('',#1741,#1718,#1743,.T.);
#1741 = VERTEX_POINT('',#1742);
#1742 = CARTESIAN_POINT('',(14.067208191485,-48.,37.240756801298));
#1743 = SURFACE_CURVE('',#1744,(#1748,#1754),.PCURVE_S1.);
#1744 = LINE('',#1745,#1746);
#1745 = CARTESIAN_POINT('',(-26.33216187023,-48.,36.590953820524));
#1746 = VECTOR('',#1747,1.);
#1747 = DIRECTION('',(-0.999870669797,0.,-1.608240278574E-02));
#1748 = PCURVE('',#585,#1749);
#1749 = DEFINITIONAL_REPRESENTATION('',(#1750),#1753);
#1750 = B_SPLINE_CURVE_WITH_KNOTS('',1,(#1751,#1752),.UNSPECIFIED.,.F.,
  .F.,(2,2),(-40.40459559626,-15.75434692784),.PIECEWISE_BEZIER_KNOTS.);
#1751 = CARTESIAN_POINT('',(24.650248668416,-5.));
#1752 = CARTESIAN_POINT('',(0.,-5.));
#1753 = ( GEOMETRIC_REPRESENTATION_CONTEXT(2) 
PARAMETRIC_REPRESENTATION_CONTEXT() REPRESENTATION_CONTEXT('2D SPACE',''
  ) );
#1754 = PCURVE('',#945,#1755);
#1755 = DEFINITIONAL_REPRESENTATION('',(#1756),#1759);
#1756 = B_SPLINE_CURVE_WITH_KNOTS('',1,(#1757,#1758),.UNSPECIFIED.,.F.,
  .F.,(2,2),(-40.40459559626,-15.75434692784),.PIECEWISE_BEZIER_KNOTS.);
#1757 = CARTESIAN_POINT('',(37.240756801298,55.567208191485));
#1758 = CARTESIAN_POINT('',(36.844321573444,30.920147544729));
#1759 = ( GEOMETRIC_REPRESENTATION_CONTEXT(2) 
PARAMETRIC_REPRESENTATION_CONTEXT() REPRESENTATION_CONTEXT('2D SPACE',''
  ) );
#1760 = ORIENTED_EDGE('',*,*,#1761,.F.);
#1761 = EDGE_CURVE('',#410,#1741,#1762,.T.);
#1762 = SURFACE_CURVE('',#1763,(#1767,#1774),.PCURVE_S1.);
#1763 = LINE('',#1764,#1765);
#1764 = CARTESIAN_POINT('',(14.067208191485,-53.,37.240756801298));
#1765 = VECTOR('',#1766,1.);
#1766 = DIRECTION('',(0.,1.,0.));
#1767 = PCURVE('',#585,#1768);
#1768 = DEFINITIONAL_REPRESENTATION('',(#1769),#1773);
#1769 = LINE('',#1770,#1771);
#1770 = CARTESIAN_POINT('',(24.650248668416,0.));
#1771 = VECTOR('',#1772,1.);
#1772 = DIRECTION('',(0.,-1.));
#1773 = ( GEOMETRIC_REPRESENTATION_CONTEXT(2) 
PARAMETRIC_REPRESENTATION_CONTEXT() REPRESENTATION_CONTEXT('2D SPACE',''
  ) );
#1774 = PCURVE('',#425,#1775);
#1775 = DEFINITIONAL_REPRESENTATION('',(#1776),#1780);
#1776 = LINE('',#1777,#1778);
#1777 = CARTESIAN_POINT('',(0.,0.));
#1778 = VECTOR('',#1779,1.);
#1779 = DIRECTION('',(0.,-1.));
#1780 = ( GEOMETRIC_REPRESENTATION_CONTEXT(2) 
PARAMETRIC_REPRESENTATION_CONTEXT() REPRESENTATION_CONTEXT('2D SPACE',''
  ) );
#1781 = ADVANCED_FACE('',(#1782),#560,.F.);
#1782 = FACE_BOUND('',#1783,.F.);
#1783 = EDGE_LOOP('',(#1784,#1785,#1808,#1827));
#1784 = ORIENTED_EDGE('',*,*,#544,.T.);
#1785 = ORIENTED_EDGE('',*,*,#1786,.T.);
#1786 = EDGE_CURVE('',#518,#1787,#1789,.T.);
#1787 = VERTEX_POINT('',#1788);
#1788 = CARTESIAN_POINT('',(-7.965485811579,-48.,50.221491030409));
#1789 = SURFACE_CURVE('',#1790,(#1794,#1801),.PCURVE_S1.);
#1790 = LINE('',#1791,#1792);
#1791 = CARTESIAN_POINT('',(-7.965485811579,-53.,50.221491030409));
#1792 = VECTOR('',#1793,1.);
#1793 = DIRECTION('',(0.,1.,0.));
#1794 = PCURVE('',#560,#1795);
#1795 = DEFINITIONAL_REPRESENTATION('',(#1796),#1800);
#1796 = LINE('',#1797,#1798);
#1797 = CARTESIAN_POINT('',(0.,0.));
#1798 = VECTOR('',#1799,1.);
#1799 = DIRECTION('',(0.,-1.));
#1800 = ( GEOMETRIC_REPRESENTATION_CONTEXT(2) 
PARAMETRIC_REPRESENTATION_CONTEXT() REPRESENTATION_CONTEXT('2D SPACE',''
  ) );
#1801 = PCURVE('',#533,#1802);
#1802 = DEFINITIONAL_REPRESENTATION('',(#1803),#1807);
#1803 = LINE('',#1804,#1805);
#1804 = CARTESIAN_POINT('',(24.492412031162,0.));
#1805 = VECTOR('',#1806,1.);
#1806 = DIRECTION('',(0.,-1.));
#1807 = ( GEOMETRIC_REPRESENTATION_CONTEXT(2) 
PARAMETRIC_REPRESENTATION_CONTEXT() REPRESENTATION_CONTEXT('2D SPACE',''
  ) );
#1808 = ORIENTED_EDGE('',*,*,#1809,.F.);
#1809 = EDGE_CURVE('',#1718,#1787,#1810,.T.);
#1810 = SURFACE_CURVE('',#1811,(#1815,#1821),.PCURVE_S1.);
#1811 = LINE('',#1812,#1813);
#1812 = CARTESIAN_POINT('',(-13.30931915759,-48.,22.87820909559));
#1813 = VECTOR('',#1814,1.);
#1814 = DIRECTION('',(0.191806285634,0.,0.981432804012));
#1815 = PCURVE('',#560,#1816);
#1816 = DEFINITIONAL_REPRESENTATION('',(#1817),#1820);
#1817 = B_SPLINE_CURVE_WITH_KNOTS('',1,(#1818,#1819),.UNSPECIFIED.,.F.,
  .F.,(2,2),(14.230329800225,27.860574685333),.PIECEWISE_BEZIER_KNOTS.);
#1818 = CARTESIAN_POINT('',(13.630244885108,-5.));
#1819 = CARTESIAN_POINT('',(0.,-5.));
#1820 = ( GEOMETRIC_REPRESENTATION_CONTEXT(2) 
PARAMETRIC_REPRESENTATION_CONTEXT() REPRESENTATION_CONTEXT('2D SPACE',''
  ) );
#1821 = PCURVE('',#945,#1822);
#1822 = DEFINITIONAL_REPRESENTATION('',(#1823),#1826);
#1823 = B_SPLINE_CURVE_WITH_KNOTS('',1,(#1824,#1825),.UNSPECIFIED.,.F.,
  .F.,(2,2),(14.230329800225,27.860574685333),.PIECEWISE_BEZIER_KNOTS.);
#1824 = CARTESIAN_POINT('',(36.844321573444,30.920147544729));
#1825 = CARTESIAN_POINT('',(50.221491030409,33.534514188421));
#1826 = ( GEOMETRIC_REPRESENTATION_CONTEXT(2) 
PARAMETRIC_REPRESENTATION_CONTEXT() REPRESENTATION_CONTEXT('2D SPACE',''
  ) );
#1827 = ORIENTED_EDGE('',*,*,#1717,.F.);
#1828 = ADVANCED_FACE('',(#1829),#533,.F.);
#1829 = FACE_BOUND('',#1830,.F.);
#1830 = EDGE_LOOP('',(#1831,#1832,#1855,#1874));
#1831 = ORIENTED_EDGE('',*,*,#517,.T.);
#1832 = ORIENTED_EDGE('',*,*,#1833,.T.);
#1833 = EDGE_CURVE('',#491,#1834,#1836,.T.);
#1834 = VERTEX_POINT('',#1835);
#1835 = CARTESIAN_POINT('',(-1.088190779513,-48.,73.728533807971));
#1836 = SURFACE_CURVE('',#1837,(#1841,#1848),.PCURVE_S1.);
#1837 = LINE('',#1838,#1839);
#1838 = CARTESIAN_POINT('',(-1.088190779513,-53.,73.728533807971));
#1839 = VECTOR('',#1840,1.);
#1840 = DIRECTION('',(0.,1.,0.));
#1841 = PCURVE('',#533,#1842);
#1842 = DEFINITIONAL_REPRESENTATION('',(#1843),#1847);
#1843 = LINE('',#1844,#1845);
#1844 = CARTESIAN_POINT('',(0.,0.));
#1845 = VECTOR('',#1846,1.);
#1846 = DIRECTION('',(0.,-1.));
#1847 = ( GEOMETRIC_REPRESENTATION_CONTEXT(2) 
PARAMETRIC_REPRESENTATION_CONTEXT() REPRESENTATION_CONTEXT('2D SPACE',''
  ) );
#1848 = PCURVE('',#506,#1849);
#1849 = DEFINITIONAL_REPRESENTATION('',(#1850),#1854);
#1850 = LINE('',#1851,#1852);
#1851 = CARTESIAN_POINT('',(17.707488847401,0.));
#1852 = VECTOR('',#1853,1.);
#1853 = DIRECTION('',(0.,-1.));
#1854 = ( GEOMETRIC_REPRESENTATION_CONTEXT(2) 
PARAMETRIC_REPRESENTATION_CONTEXT() REPRESENTATION_CONTEXT('2D SPACE',''
  ) );
#1855 = ORIENTED_EDGE('',*,*,#1856,.F.);
#1856 = EDGE_CURVE('',#1787,#1834,#1857,.T.);
#1857 = SURFACE_CURVE('',#1858,(#1862,#1868),.PCURVE_S1.);
#1858 = LINE('',#1859,#1860);
#1859 = CARTESIAN_POINT('',(-12.61609555559,-48.,34.325403733806));
#1860 = VECTOR('',#1861,1.);
#1861 = DIRECTION('',(0.280792884887,0.,0.959768386538));
#1862 = PCURVE('',#533,#1863);
#1863 = DEFINITIONAL_REPRESENTATION('',(#1864),#1867);
#1864 = B_SPLINE_CURVE_WITH_KNOTS('',1,(#1865,#1866),.UNSPECIFIED.,.F.,
  .F.,(2,2),(16.562420183424,41.054832214587),.PIECEWISE_BEZIER_KNOTS.);
#1865 = CARTESIAN_POINT('',(24.492412031162,-5.));
#1866 = CARTESIAN_POINT('',(0.,-5.));
#1867 = ( GEOMETRIC_REPRESENTATION_CONTEXT(2) 
PARAMETRIC_REPRESENTATION_CONTEXT() REPRESENTATION_CONTEXT('2D SPACE',''
  ) );
#1868 = PCURVE('',#945,#1869);
#1869 = DEFINITIONAL_REPRESENTATION('',(#1870),#1873);
#1870 = B_SPLINE_CURVE_WITH_KNOTS('',1,(#1871,#1872),.UNSPECIFIED.,.F.,
  .F.,(2,2),(16.562420183424,41.054832214587),.PIECEWISE_BEZIER_KNOTS.);
#1871 = CARTESIAN_POINT('',(50.221491030409,33.534514188421));
#1872 = CARTESIAN_POINT('',(73.728533807971,40.411809220487));
#1873 = ( GEOMETRIC_REPRESENTATION_CONTEXT(2) 
PARAMETRIC_REPRESENTATION_CONTEXT() REPRESENTATION_CONTEXT('2D SPACE',''
  ) );
#1874 = ORIENTED_EDGE('',*,*,#1786,.F.);
#1875 = ADVANCED_FACE('',(#1876),#506,.F.);
#1876 = FACE_BOUND('',#1877,.F.);
#1877 = EDGE_LOOP('',(#1878,#1879,#1902,#1921));
#1878 = ORIENTED_EDGE('',*,*,#490,.T.);
#1879 = ORIENTED_EDGE('',*,*,#1880,.T.);
#1880 = EDGE_CURVE('',#464,#1881,#1883,.T.);
#1881 = VERTEX_POINT('',#1882);
#1882 = CARTESIAN_POINT('',(16.615460419787,-48.,73.359893747224));
#1883 = SURFACE_CURVE('',#1884,(#1888,#1895),.PCURVE_S1.);
#1884 = LINE('',#1885,#1886);
#1885 = CARTESIAN_POINT('',(16.615460419787,-53.,73.359893747224));
#1886 = VECTOR('',#1887,1.);
#1887 = DIRECTION('',(0.,1.,0.));
#1888 = PCURVE('',#506,#1889);
#1889 = DEFINITIONAL_REPRESENTATION('',(#1890),#1894);
#1890 = LINE('',#1891,#1892);
#1891 = CARTESIAN_POINT('',(0.,0.));
#1892 = VECTOR('',#1893,1.);
#1893 = DIRECTION('',(0.,-1.));
#1894 = ( GEOMETRIC_REPRESENTATION_CONTEXT(2) 
PARAMETRIC_REPRESENTATION_CONTEXT() REPRESENTATION_CONTEXT('2D SPACE',''
  ) );
#1895 = PCURVE('',#479,#1896);
#1896 = DEFINITIONAL_REPRESENTATION('',(#1897),#1901);
#1897 = LINE('',#1898,#1899);
#1898 = CARTESIAN_POINT('',(6.29106049396,0.));
#1899 = VECTOR('',#1900,1.);
#1900 = DIRECTION('',(0.,-1.));
#1901 = ( GEOMETRIC_REPRESENTATION_CONTEXT(2) 
PARAMETRIC_REPRESENTATION_CONTEXT() REPRESENTATION_CONTEXT('2D SPACE',''
  ) );
#1902 = ORIENTED_EDGE('',*,*,#1903,.F.);
#1903 = EDGE_CURVE('',#1834,#1881,#1904,.T.);
#1904 = SURFACE_CURVE('',#1905,(#1909,#1915),.PCURVE_S1.);
#1905 = LINE('',#1906,#1907);
#1906 = CARTESIAN_POINT('',(-11.66622695328,-48.,73.948798421965));
#1907 = VECTOR('',#1908,1.);
#1908 = DIRECTION('',(0.999783275419,0.,-2.081831387409E-02));
#1909 = PCURVE('',#506,#1910);
#1910 = DEFINITIONAL_REPRESENTATION('',(#1911),#1914);
#1911 = B_SPLINE_CURVE_WITH_KNOTS('',1,(#1912,#1913),.UNSPECIFIED.,.F.,
  .F.,(2,2),(10.580329191186,28.287818038588),.PIECEWISE_BEZIER_KNOTS.);
#1912 = CARTESIAN_POINT('',(17.707488847401,-5.));
#1913 = CARTESIAN_POINT('',(0.,-5.));
#1914 = ( GEOMETRIC_REPRESENTATION_CONTEXT(2) 
PARAMETRIC_REPRESENTATION_CONTEXT() REPRESENTATION_CONTEXT('2D SPACE',''
  ) );
#1915 = PCURVE('',#945,#1916);
#1916 = DEFINITIONAL_REPRESENTATION('',(#1917),#1920);
#1917 = B_SPLINE_CURVE_WITH_KNOTS('',1,(#1918,#1919),.UNSPECIFIED.,.F.,
  .F.,(2,2),(10.580329191186,28.287818038588),.PIECEWISE_BEZIER_KNOTS.);
#1918 = CARTESIAN_POINT('',(73.728533807971,40.411809220487));
#1919 = CARTESIAN_POINT('',(73.359893747224,58.115460419787));
#1920 = ( GEOMETRIC_REPRESENTATION_CONTEXT(2) 
PARAMETRIC_REPRESENTATION_CONTEXT() REPRESENTATION_CONTEXT('2D SPACE',''
  ) );
#1921 = ORIENTED_EDGE('',*,*,#1833,.F.);
#1922 = ADVANCED_FACE('',(#1923),#479,.F.);
#1923 = FACE_BOUND('',#1924,.F.);
#1924 = EDGE_LOOP('',(#1925,#1926,#1949,#1968));
#1925 = ORIENTED_EDGE('',*,*,#463,.T.);
#1926 = ORIENTED_EDGE('',*,*,#1927,.T.);
#1927 = EDGE_CURVE('',#437,#1928,#1930,.T.);
#1928 = VERTEX_POINT('',#1929);
#1929 = CARTESIAN_POINT('',(17.815087459207,-48.,67.184269316857));
#1930 = SURFACE_CURVE('',#1931,(#1935,#1942),.PCURVE_S1.);
#1931 = LINE('',#1932,#1933);
#1932 = CARTESIAN_POINT('',(17.815087459207,-53.,67.184269316857));
#1933 = VECTOR('',#1934,1.);
#1934 = DIRECTION('',(0.,1.,0.));
#1935 = PCURVE('',#479,#1936);
#1936 = DEFINITIONAL_REPRESENTATION('',(#1937),#1941);
#1937 = LINE('',#1938,#1939);
#1938 = CARTESIAN_POINT('',(0.,0.));
#1939 = VECTOR('',#1940,1.);
#1940 = DIRECTION('',(0.,-1.));
#1941 = ( GEOMETRIC_REPRESENTATION_CONTEXT(2) 
PARAMETRIC_REPRESENTATION_CONTEXT() REPRESENTATION_CONTEXT('2D SPACE',''
  ) );
#1942 = PCURVE('',#452,#1943);
#1943 = DEFINITIONAL_REPRESENTATION('',(#1944),#1948);
#1944 = LINE('',#1945,#1946);
#1945 = CARTESIAN_POINT('',(10.129159476775,0.));
#1946 = VECTOR('',#1947,1.);
#1947 = DIRECTION('',(0.,-1.));
#1948 = ( GEOMETRIC_REPRESENTATION_CONTEXT(2) 
PARAMETRIC_REPRESENTATION_CONTEXT() REPRESENTATION_CONTEXT('2D SPACE',''
  ) );
#1949 = ORIENTED_EDGE('',*,*,#1950,.F.);
#1950 = EDGE_CURVE('',#1881,#1928,#1951,.T.);
#1951 = SURFACE_CURVE('',#1952,(#1956,#1962),.PCURVE_S1.);
#1952 = LINE('',#1953,#1954);
#1953 = CARTESIAN_POINT('',(23.024751999845,-48.,40.365157581327));
#1954 = VECTOR('',#1955,1.);
#1955 = DIRECTION('',(0.190687570176,0.,-0.981650778322));
#1956 = PCURVE('',#479,#1957);
#1957 = DEFINITIONAL_REPRESENTATION('',(#1958),#1961);
#1958 = B_SPLINE_CURVE_WITH_KNOTS('',1,(#1959,#1960),.UNSPECIFIED.,.F.,
  .F.,(2,2),(-33.61148067573,-27.32042018177),.PIECEWISE_BEZIER_KNOTS.);
#1959 = CARTESIAN_POINT('',(6.29106049396,-5.));
#1960 = CARTESIAN_POINT('',(0.,-5.));
#1961 = ( GEOMETRIC_REPRESENTATION_CONTEXT(2) 
PARAMETRIC_REPRESENTATION_CONTEXT() REPRESENTATION_CONTEXT('2D SPACE',''
  ) );
#1962 = PCURVE('',#945,#1963);
#1963 = DEFINITIONAL_REPRESENTATION('',(#1964),#1967);
#1964 = B_SPLINE_CURVE_WITH_KNOTS('',1,(#1965,#1966),.UNSPECIFIED.,.F.,
  .F.,(2,2),(-33.61148067573,-27.32042018177),.PIECEWISE_BEZIER_KNOTS.);
#1965 = CARTESIAN_POINT('',(73.359893747224,58.115460419787));
#1966 = CARTESIAN_POINT('',(67.184269316857,59.315087459207));
#1967 = ( GEOMETRIC_REPRESENTATION_CONTEXT(2) 
PARAMETRIC_REPRESENTATION_CONTEXT() REPRESENTATION_CONTEXT('2D SPACE',''
  ) );
#1968 = ORIENTED_EDGE('',*,*,#1880,.F.);
#1969 = ADVANCED_FACE('',(#1970),#452,.F.);
#1970 = FACE_BOUND('',#1971,.F.);
#1971 = EDGE_LOOP('',(#1972,#1973,#1996,#2015));
#1972 = ORIENTED_EDGE('',*,*,#436,.T.);
#1973 = ORIENTED_EDGE('',*,*,#1974,.T.);
#1974 = EDGE_CURVE('',#408,#1975,#1977,.T.);
#1975 = VERTEX_POINT('',#1976);
#1976 = CARTESIAN_POINT('',(17.37290460772,-48.,57.064766066608));
#1977 = SURFACE_CURVE('',#1978,(#1982,#1989),.PCURVE_S1.);
#1978 = LINE('',#1979,#1980);
#1979 = CARTESIAN_POINT('',(17.37290460772,-53.,57.064766066608));
#1980 = VECTOR('',#1981,1.);
#1981 = DIRECTION('',(0.,1.,0.));
#1982 = PCURVE('',#452,#1983);
#1983 = DEFINITIONAL_REPRESENTATION('',(#1984),#1988);
#1984 = LINE('',#1985,#1986);
#1985 = CARTESIAN_POINT('',(0.,0.));
#1986 = VECTOR('',#1987,1.);
#1987 = DIRECTION('',(0.,-1.));
#1988 = ( GEOMETRIC_REPRESENTATION_CONTEXT(2) 
PARAMETRIC_REPRESENTATION_CONTEXT() REPRESENTATION_CONTEXT('2D SPACE',''
  ) );
#1989 = PCURVE('',#425,#1990);
#1990 = DEFINITIONAL_REPRESENTATION('',(#1991),#1995);
#1991 = LINE('',#1992,#1993);
#1992 = CARTESIAN_POINT('',(20.097735497996,0.));
#1993 = VECTOR('',#1994,1.);
#1994 = DIRECTION('',(0.,-1.));
#1995 = ( GEOMETRIC_REPRESENTATION_CONTEXT(2) 
PARAMETRIC_REPRESENTATION_CONTEXT() REPRESENTATION_CONTEXT('2D SPACE',''
  ) );
#1996 = ORIENTED_EDGE('',*,*,#1997,.F.);
#1997 = EDGE_CURVE('',#1928,#1975,#1998,.T.);
#1998 = SURFACE_CURVE('',#1999,(#2003,#2009),.PCURVE_S1.);
#1999 = LINE('',#2000,#2001);
#2000 = CARTESIAN_POINT('',(16.072429263482,-48.,27.30295049954));
#2001 = VECTOR('',#2002,1.);
#2002 = DIRECTION('',(-4.365444660055E-02,0.,-0.999046690246));
#2003 = PCURVE('',#452,#2004);
#2004 = DEFINITIONAL_REPRESENTATION('',(#2005),#2008);
#2005 = B_SPLINE_CURVE_WITH_KNOTS('',1,(#2006,#2007),.UNSPECIFIED.,.F.,
  .F.,(2,2),(-39.91937434624,-29.79021486946),.PIECEWISE_BEZIER_KNOTS.);
#2006 = CARTESIAN_POINT('',(10.129159476775,-5.));
#2007 = CARTESIAN_POINT('',(0.,-5.));
#2008 = ( GEOMETRIC_REPRESENTATION_CONTEXT(2) 
PARAMETRIC_REPRESENTATION_CONTEXT() REPRESENTATION_CONTEXT('2D SPACE',''
  ) );
#2009 = PCURVE('',#945,#2010);
#2010 = DEFINITIONAL_REPRESENTATION('',(#2011),#2014);
#2011 = B_SPLINE_CURVE_WITH_KNOTS('',1,(#2012,#2013),.UNSPECIFIED.,.F.,
  .F.,(2,2),(-39.91937434624,-29.79021486946),.PIECEWISE_BEZIER_KNOTS.);
#2012 = CARTESIAN_POINT('',(67.184269316857,59.315087459207));
#2013 = CARTESIAN_POINT('',(57.064766066608,58.87290460772));
#2014 = ( GEOMETRIC_REPRESENTATION_CONTEXT(2) 
PARAMETRIC_REPRESENTATION_CONTEXT() REPRESENTATION_CONTEXT('2D SPACE',''
  ) );
#2015 = ORIENTED_EDGE('',*,*,#1927,.F.);
#2016 = ADVANCED_FACE('',(#2017),#425,.F.);
#2017 = FACE_BOUND('',#2018,.F.);
#2018 = EDGE_LOOP('',(#2019,#2020,#2021,#2040));
#2019 = ORIENTED_EDGE('',*,*,#407,.T.);
#2020 = ORIENTED_EDGE('',*,*,#1761,.T.);
#2021 = ORIENTED_EDGE('',*,*,#2022,.F.);
#2022 = EDGE_CURVE('',#1975,#1741,#2023,.T.);
#2023 = SURFACE_CURVE('',#2024,(#2028,#2034),.PCURVE_S1.);
#2024 = LINE('',#2025,#2026);
#2025 = CARTESIAN_POINT('',(10.294564254123,-48.,14.616498868328));
#2026 = VECTOR('',#2027,1.);
#2027 = DIRECTION('',(-0.164481038999,0.,-0.986380245042));
#2028 = PCURVE('',#425,#2029);
#2029 = DEFINITIONAL_REPRESENTATION('',(#2030),#2033);
#2030 = B_SPLINE_CURVE_WITH_KNOTS('',1,(#2031,#2032),.UNSPECIFIED.,.F.,
  .F.,(2,2),(-43.03438497641,-22.93664947841),.PIECEWISE_BEZIER_KNOTS.);
#2031 = CARTESIAN_POINT('',(20.097735497996,-5.));
#2032 = CARTESIAN_POINT('',(0.,-5.));
#2033 = ( GEOMETRIC_REPRESENTATION_CONTEXT(2) 
PARAMETRIC_REPRESENTATION_CONTEXT() REPRESENTATION_CONTEXT('2D SPACE',''
  ) );
#2034 = PCURVE('',#945,#2035);
#2035 = DEFINITIONAL_REPRESENTATION('',(#2036),#2039);
#2036 = B_SPLINE_CURVE_WITH_KNOTS('',1,(#2037,#2038),.UNSPECIFIED.,.F.,
  .F.,(2,2),(-43.03438497641,-22.93664947841),.PIECEWISE_BEZIER_KNOTS.);
#2037 = CARTESIAN_POINT('',(57.064766066608,58.87290460772));
#2038 = CARTESIAN_POINT('',(37.240756801298,55.567208191485));
#2039 = ( GEOMETRIC_REPRESENTATION_CONTEXT(2) 
PARAMETRIC_REPRESENTATION_CONTEXT() REPRESENTATION_CONTEXT('2D SPACE',''
  ) );
#2040 = ORIENTED_EDGE('',*,*,#1974,.F.);
#2041 = ADVANCED_FACE('',(#2042,#2068),#693,.T.);
#2042 = FACE_BOUND('',#2043,.T.);
#2043 = EDGE_LOOP('',(#2044,#2045,#2046,#2067));
#2044 = ORIENTED_EDGE('',*,*,#1314,.F.);
#2045 = ORIENTED_EDGE('',*,*,#1059,.T.);
#2046 = ORIENTED_EDGE('',*,*,#2047,.T.);
#2047 = EDGE_CURVE('',#1060,#678,#2048,.T.);
#2048 = SURFACE_CURVE('',#2049,(#2053,#2060),.PCURVE_S1.);
#2049 = LINE('',#2050,#2051);
#2050 = CARTESIAN_POINT('',(-48.,41.5,0.));
#2051 = VECTOR('',#2052,1.);
#2052 = DIRECTION('',(0.,0.,1.));
#2053 = PCURVE('',#693,#2054);
#2054 = DEFINITIONAL_REPRESENTATION('',(#2055),#2059);
#2055 = LINE('',#2056,#2057);
#2056 = CARTESIAN_POINT('',(0.,-83.));
#2057 = VECTOR('',#2058,1.);
#2058 = DIRECTION('',(1.,0.));
#2059 = ( GEOMETRIC_REPRESENTATION_CONTEXT(2) 
PARAMETRIC_REPRESENTATION_CONTEXT() REPRESENTATION_CONTEXT('2D SPACE',''
  ) );
#2060 = PCURVE('',#721,#2061);
#2061 = DEFINITIONAL_REPRESENTATION('',(#2062),#2066);
#2062 = LINE('',#2063,#2064);
#2063 = CARTESIAN_POINT('',(0.,2.));
#2064 = VECTOR('',#2065,1.);
#2065 = DIRECTION('',(1.,0.));
#2066 = ( GEOMETRIC_REPRESENTATION_CONTEXT(2) 
PARAMETRIC_REPRESENTATION_CONTEXT() REPRESENTATION_CONTEXT('2D SPACE',''
  ) );
#2067 = ORIENTED_EDGE('',*,*,#677,.F.);
#2068 = FACE_BOUND('',#2069,.T.);
#2069 = EDGE_LOOP('',(#2070,#2071,#2072,#2073,#2074,#2075,#2076));
#2070 = ORIENTED_EDGE('',*,*,#1387,.F.);
#2071 = ORIENTED_EDGE('',*,*,#1691,.F.);
#2072 = ORIENTED_EDGE('',*,*,#1644,.F.);
#2073 = ORIENTED_EDGE('',*,*,#1597,.F.);
#2074 = ORIENTED_EDGE('',*,*,#1550,.F.);
#2075 = ORIENTED_EDGE('',*,*,#1503,.F.);
#2076 = ORIENTED_EDGE('',*,*,#1456,.F.);
#2077 = ADVANCED_FACE('',(#2078,#2104),#945,.T.);
#2078 = FACE_BOUND('',#2079,.T.);
#2079 = EDGE_LOOP('',(#2080,#2081,#2082,#2083));
#2080 = ORIENTED_EDGE('',*,*,#1266,.F.);
#2081 = ORIENTED_EDGE('',*,*,#1360,.T.);
#2082 = ORIENTED_EDGE('',*,*,#929,.T.);
#2083 = ORIENTED_EDGE('',*,*,#2084,.F.);
#2084 = EDGE_CURVE('',#1244,#902,#2085,.T.);
#2085 = SURFACE_CURVE('',#2086,(#2090,#2097),.PCURVE_S1.);
#2086 = LINE('',#2087,#2088);
#2087 = CARTESIAN_POINT('',(41.5,-48.,0.));
#2088 = VECTOR('',#2089,1.);
#2089 = DIRECTION('',(0.,0.,1.));
#2090 = PCURVE('',#945,#2091);
#2091 = DEFINITIONAL_REPRESENTATION('',(#2092),#2096);
#2092 = LINE('',#2093,#2094);
#2093 = CARTESIAN_POINT('',(0.,83.));
#2094 = VECTOR('',#2095,1.);
#2095 = DIRECTION('',(1.,0.));
#2096 = ( GEOMETRIC_REPRESENTATION_CONTEXT(2) 
PARAMETRIC_REPRESENTATION_CONTEXT() REPRESENTATION_CONTEXT('2D SPACE',''
  ) );
#2097 = PCURVE('',#917,#2098);
#2098 = DEFINITIONAL_REPRESENTATION('',(#2099),#2103);
#2099 = LINE('',#2100,#2101);
#2100 = CARTESIAN_POINT('',(0.,-2.));
#2101 = VECTOR('',#2102,1.);
#2102 = DIRECTION('',(1.,0.));
#2103 = ( GEOMETRIC_REPRESENTATION_CONTEXT(2) 
PARAMETRIC_REPRESENTATION_CONTEXT() REPRESENTATION_CONTEXT('2D SPACE',''
  ) );
#2104 = FACE_BOUND('',#2105,.T.);
#2105 = EDGE_LOOP('',(#2106,#2107,#2108,#2109,#2110,#2111,#2112));
#2106 = ORIENTED_EDGE('',*,*,#1740,.F.);
#2107 = ORIENTED_EDGE('',*,*,#2022,.F.);
#2108 = ORIENTED_EDGE('',*,*,#1997,.F.);
#2109 = ORIENTED_EDGE('',*,*,#1950,.F.);
#2110 = ORIENTED_EDGE('',*,*,#1903,.F.);
#2111 = ORIENTED_EDGE('',*,*,#1856,.F.);
#2112 = ORIENTED_EDGE('',*,*,#1809,.F.);
#2113 = ADVANCED_FACE('',(#2114,#2140),#100,.T.);
#2114 = FACE_BOUND('',#2115,.T.);
#2115 = EDGE_LOOP('',(#2116,#2117,#2118,#2119));
#2116 = ORIENTED_EDGE('',*,*,#1010,.F.);
#2117 = ORIENTED_EDGE('',*,*,#84,.T.);
#2118 = ORIENTED_EDGE('',*,*,#624,.F.);
#2119 = ORIENTED_EDGE('',*,*,#2120,.F.);
#2120 = EDGE_CURVE('',#988,#602,#2121,.T.);
#2121 = SURFACE_CURVE('',#2122,(#2126,#2133),.PCURVE_S1.);
#2122 = LINE('',#2123,#2124);
#2123 = CARTESIAN_POINT('',(50.,50.,0.));
#2124 = VECTOR('',#2125,1.);
#2125 = DIRECTION('',(0.,0.,1.));
#2126 = PCURVE('',#100,#2127);
#2127 = DEFINITIONAL_REPRESENTATION('',(#2128),#2132);
#2128 = LINE('',#2129,#2130);
#2129 = CARTESIAN_POINT('',(0.,100.));
#2130 = VECTOR('',#2131,1.);
#2131 = DIRECTION('',(1.,0.));
#2132 = ( GEOMETRIC_REPRESENTATION_CONTEXT(2) 
PARAMETRIC_REPRESENTATION_CONTEXT() REPRESENTATION_CONTEXT('2D SPACE',''
  ) );
#2133 = PCURVE('',#393,#2134);
#2134 = DEFINITIONAL_REPRESENTATION('',(#2135),#2139);
#2135 = LINE('',#2136,#2137);
#2136 = CARTESIAN_POINT('',(0.,-100.));
#2137 = VECTOR('',#2138,1.);
#2138 = DIRECTION('',(1.,0.));
#2139 = ( GEOMETRIC_REPRESENTATION_CONTEXT(2) 
PARAMETRIC_REPRESENTATION_CONTEXT() REPRESENTATION_CONTEXT('2D SPACE',''
  ) );
#2140 = FACE_BOUND('',#2141,.T.);
#2141 = EDGE_LOOP('',(#2142,#2171,#2198,#2225,#2252,#2279,#2306));
#2142 = ORIENTED_EDGE('',*,*,#2143,.F.);
#2143 = EDGE_CURVE('',#2144,#2146,#2148,.T.);
#2144 = VERTEX_POINT('',#2145);
#2145 = CARTESIAN_POINT('',(17.37290460772,50.,57.064766066608));
#2146 = VERTEX_POINT('',#2147);
#2147 = CARTESIAN_POINT('',(14.067208191485,50.,37.240756801298));
#2148 = SURFACE_CURVE('',#2149,(#2153,#2160),.PCURVE_S1.);
#2149 = LINE('',#2150,#2151);
#2150 = CARTESIAN_POINT('',(10.294564254123,50.,14.616498868328));
#2151 = VECTOR('',#2152,1.);
#2152 = DIRECTION('',(-0.164481038999,0.,-0.986380245042));
#2153 = PCURVE('',#100,#2154);
#2154 = DEFINITIONAL_REPRESENTATION('',(#2155),#2159);
#2155 = LINE('',#2156,#2157);
#2156 = CARTESIAN_POINT('',(14.616498868328,60.294564254123));
#2157 = VECTOR('',#2158,1.);
#2158 = DIRECTION('',(-0.986380245042,-0.164481038999));
#2159 = ( GEOMETRIC_REPRESENTATION_CONTEXT(2) 
PARAMETRIC_REPRESENTATION_CONTEXT() REPRESENTATION_CONTEXT('2D SPACE',''
  ) );
#2160 = PCURVE('',#2161,#2166);
#2161 = PLANE('',#2162);
#2162 = AXIS2_PLACEMENT_3D('',#2163,#2164,#2165);
#2163 = CARTESIAN_POINT('',(14.067208191485,45.,37.240756801298));
#2164 = DIRECTION('',(0.986380245042,0.,-0.164481038999));
#2165 = DIRECTION('',(0.164481038999,0.,0.986380245042));
#2166 = DEFINITIONAL_REPRESENTATION('',(#2167),#2170);
#2167 = B_SPLINE_CURVE_WITH_KNOTS('',1,(#2168,#2169),.UNSPECIFIED.,.F.,
  .F.,(2,2),(-43.03438497641,-22.93664947841),.PIECEWISE_BEZIER_KNOTS.);
#2168 = CARTESIAN_POINT('',(20.097735497996,-5.));
#2169 = CARTESIAN_POINT('',(0.,-5.));
#2170 = ( GEOMETRIC_REPRESENTATION_CONTEXT(2) 
PARAMETRIC_REPRESENTATION_CONTEXT() REPRESENTATION_CONTEXT('2D SPACE',''
  ) );
#2171 = ORIENTED_EDGE('',*,*,#2172,.F.);
#2172 = EDGE_CURVE('',#2173,#2144,#2175,.T.);
#2173 = VERTEX_POINT('',#2174);
#2174 = CARTESIAN_POINT('',(17.815087459207,50.,67.184269316857));
#2175 = SURFACE_CURVE('',#2176,(#2180,#2187),.PCURVE_S1.);
#2176 = LINE('',#2177,#2178);
#2177 = CARTESIAN_POINT('',(16.072429263482,50.,27.30295049954));
#2178 = VECTOR('',#2179,1.);
#2179 = DIRECTION('',(-4.365444660055E-02,0.,-0.999046690246));
#2180 = PCURVE('',#100,#2181);
#2181 = DEFINITIONAL_REPRESENTATION('',(#2182),#2186);
#2182 = LINE('',#2183,#2184);
#2183 = CARTESIAN_POINT('',(27.30295049954,66.072429263482));
#2184 = VECTOR('',#2185,1.);
#2185 = DIRECTION('',(-0.999046690246,-4.365444660055E-02));
#2186 = ( GEOMETRIC_REPRESENTATION_CONTEXT(2) 
PARAMETRIC_REPRESENTATION_CONTEXT() REPRESENTATION_CONTEXT('2D SPACE',''
  ) );
#2187 = PCURVE('',#2188,#2193);
#2188 = PLANE('',#2189);
#2189 = AXIS2_PLACEMENT_3D('',#2190,#2191,#2192);
#2190 = CARTESIAN_POINT('',(17.37290460772,45.,57.064766066608));
#2191 = DIRECTION('',(0.999046690246,0.,-4.365444660055E-02));
#2192 = DIRECTION('',(4.365444660055E-02,0.,0.999046690246));
#2193 = DEFINITIONAL_REPRESENTATION('',(#2194),#2197);
#2194 = B_SPLINE_CURVE_WITH_KNOTS('',1,(#2195,#2196),.UNSPECIFIED.,.F.,
  .F.,(2,2),(-39.91937434624,-29.79021486946),.PIECEWISE_BEZIER_KNOTS.);
#2195 = CARTESIAN_POINT('',(10.129159476775,-5.));
#2196 = CARTESIAN_POINT('',(0.,-5.));
#2197 = ( GEOMETRIC_REPRESENTATION_CONTEXT(2) 
PARAMETRIC_REPRESENTATION_CONTEXT() REPRESENTATION_CONTEXT('2D SPACE',''
  ) );
#2198 = ORIENTED_EDGE('',*,*,#2199,.F.);
#2199 = EDGE_CURVE('',#2200,#2173,#2202,.T.);
#2200 = VERTEX_POINT('',#2201);
#2201 = CARTESIAN_POINT('',(16.615460419787,50.,73.359893747224));
#2202 = SURFACE_CURVE('',#2203,(#2207,#2214),.PCURVE_S1.);
#2203 = LINE('',#2204,#2205);
#2204 = CARTESIAN_POINT('',(23.024751999845,50.,40.365157581327));
#2205 = VECTOR('',#2206,1.);
#2206 = DIRECTION('',(0.190687570176,0.,-0.981650778322));
#2207 = PCURVE('',#100,#2208);
#2208 = DEFINITIONAL_REPRESENTATION('',(#2209),#2213);
#2209 = LINE('',#2210,#2211);
#2210 = CARTESIAN_POINT('',(40.365157581327,73.024751999845));
#2211 = VECTOR('',#2212,1.);
#2212 = DIRECTION('',(-0.981650778322,0.190687570176));
#2213 = ( GEOMETRIC_REPRESENTATION_CONTEXT(2) 
PARAMETRIC_REPRESENTATION_CONTEXT() REPRESENTATION_CONTEXT('2D SPACE',''
  ) );
#2214 = PCURVE('',#2215,#2220);
#2215 = PLANE('',#2216);
#2216 = AXIS2_PLACEMENT_3D('',#2217,#2218,#2219);
#2217 = CARTESIAN_POINT('',(17.815087459207,45.,67.184269316857));
#2218 = DIRECTION('',(0.981650778322,-0.,0.190687570176));
#2219 = DIRECTION('',(-0.190687570176,0.,0.981650778322));
#2220 = DEFINITIONAL_REPRESENTATION('',(#2221),#2224);
#2221 = B_SPLINE_CURVE_WITH_KNOTS('',1,(#2222,#2223),.UNSPECIFIED.,.F.,
  .F.,(2,2),(-33.61148067573,-27.32042018177),.PIECEWISE_BEZIER_KNOTS.);
#2222 = CARTESIAN_POINT('',(6.29106049396,-5.));
#2223 = CARTESIAN_POINT('',(0.,-5.));
#2224 = ( GEOMETRIC_REPRESENTATION_CONTEXT(2) 
PARAMETRIC_REPRESENTATION_CONTEXT() REPRESENTATION_CONTEXT('2D SPACE',''
  ) );
#2225 = ORIENTED_EDGE('',*,*,#2226,.F.);
#2226 = EDGE_CURVE('',#2227,#2200,#2229,.T.);
#2227 = VERTEX_POINT('',#2228);
#2228 = CARTESIAN_POINT('',(-1.088190779513,50.,73.728533807971));
#2229 = SURFACE_CURVE('',#2230,(#2234,#2241),.PCURVE_S1.);
#2230 = LINE('',#2231,#2232);
#2231 = CARTESIAN_POINT('',(-11.66622695328,50.,73.948798421965));
#2232 = VECTOR('',#2233,1.);
#2233 = DIRECTION('',(0.999783275419,0.,-2.081831387409E-02));
#2234 = PCURVE('',#100,#2235);
#2235 = DEFINITIONAL_REPRESENTATION('',(#2236),#2240);
#2236 = LINE('',#2237,#2238);
#2237 = CARTESIAN_POINT('',(73.948798421965,38.333773046712));
#2238 = VECTOR('',#2239,1.);
#2239 = DIRECTION('',(-2.081831387409E-02,0.999783275419));
#2240 = ( GEOMETRIC_REPRESENTATION_CONTEXT(2) 
PARAMETRIC_REPRESENTATION_CONTEXT() REPRESENTATION_CONTEXT('2D SPACE',''
  ) );
#2241 = PCURVE('',#2242,#2247);
#2242 = PLANE('',#2243);
#2243 = AXIS2_PLACEMENT_3D('',#2244,#2245,#2246);
#2244 = CARTESIAN_POINT('',(16.615460419787,45.,73.359893747224));
#2245 = DIRECTION('',(2.081831387409E-02,-0.,0.999783275419));
#2246 = DIRECTION('',(-0.999783275419,0.,2.081831387409E-02));
#2247 = DEFINITIONAL_REPRESENTATION('',(#2248),#2251);
#2248 = B_SPLINE_CURVE_WITH_KNOTS('',1,(#2249,#2250),.UNSPECIFIED.,.F.,
  .F.,(2,2),(10.580329191186,28.287818038588),.PIECEWISE_BEZIER_KNOTS.);
#2249 = CARTESIAN_POINT('',(17.707488847401,-5.));
#2250 = CARTESIAN_POINT('',(0.,-5.));
#2251 = ( GEOMETRIC_REPRESENTATION_CONTEXT(2) 
PARAMETRIC_REPRESENTATION_CONTEXT() REPRESENTATION_CONTEXT('2D SPACE',''
  ) );
#2252 = ORIENTED_EDGE('',*,*,#2253,.F.);
#2253 = EDGE_CURVE('',#2254,#2227,#2256,.T.);
#2254 = VERTEX_POINT('',#2255);
#2255 = CARTESIAN_POINT('',(-7.965485811579,50.,50.221491030409));
#2256 = SURFACE_CURVE('',#2257,(#2261,#2268),.PCURVE_S1.);
#2257 = LINE('',#2258,#2259);
#2258 = CARTESIAN_POINT('',(-12.61609555559,50.,34.325403733806));
#2259 = VECTOR('',#2260,1.);
#2260 = DIRECTION('',(0.280792884887,0.,0.959768386538));
#2261 = PCURVE('',#100,#2262);
#2262 = DEFINITIONAL_REPRESENTATION('',(#2263),#2267);
#2263 = LINE('',#2264,#2265);
#2264 = CARTESIAN_POINT('',(34.325403733806,37.38390444441));
#2265 = VECTOR('',#2266,1.);
#2266 = DIRECTION('',(0.959768386538,0.280792884887));
#2267 = ( GEOMETRIC_REPRESENTATION_CONTEXT(2) 
PARAMETRIC_REPRESENTATION_CONTEXT() REPRESENTATION_CONTEXT('2D SPACE',''
  ) );
#2268 = PCURVE('',#2269,#2274);
#2269 = PLANE('',#2270);
#2270 = AXIS2_PLACEMENT_3D('',#2271,#2272,#2273);
#2271 = CARTESIAN_POINT('',(-1.088190779513,45.,73.728533807971));
#2272 = DIRECTION('',(-0.959768386538,0.,0.280792884887));
#2273 = DIRECTION('',(-0.280792884887,0.,-0.959768386538));
#2274 = DEFINITIONAL_REPRESENTATION('',(#2275),#2278);
#2275 = B_SPLINE_CURVE_WITH_KNOTS('',1,(#2276,#2277),.UNSPECIFIED.,.F.,
  .F.,(2,2),(16.562420183424,41.054832214587),.PIECEWISE_BEZIER_KNOTS.);
#2276 = CARTESIAN_POINT('',(24.492412031162,-5.));
#2277 = CARTESIAN_POINT('',(0.,-5.));
#2278 = ( GEOMETRIC_REPRESENTATION_CONTEXT(2) 
PARAMETRIC_REPRESENTATION_CONTEXT() REPRESENTATION_CONTEXT('2D SPACE',''
  ) );
#2279 = ORIENTED_EDGE('',*,*,#2280,.F.);
#2280 = EDGE_CURVE('',#2281,#2254,#2283,.T.);
#2281 = VERTEX_POINT('',#2282);
#2282 = CARTESIAN_POINT('',(-10.57985245527,50.,36.844321573444));
#2283 = SURFACE_CURVE('',#2284,(#2288,#2295),.PCURVE_S1.);
#2284 = LINE('',#2285,#2286);
#2285 = CARTESIAN_POINT('',(-13.30931915759,50.,22.87820909559));
#2286 = VECTOR('',#2287,1.);
#2287 = DIRECTION('',(0.191806285634,0.,0.981432804012));
#2288 = PCURVE('',#100,#2289);
#2289 = DEFINITIONAL_REPRESENTATION('',(#2290),#2294);
#2290 = LINE('',#2291,#2292);
#2291 = CARTESIAN_POINT('',(22.87820909559,36.690680842403));
#2292 = VECTOR('',#2293,1.);
#2293 = DIRECTION('',(0.981432804012,0.191806285634));
#2294 = ( GEOMETRIC_REPRESENTATION_CONTEXT(2) 
PARAMETRIC_REPRESENTATION_CONTEXT() REPRESENTATION_CONTEXT('2D SPACE',''
  ) );
#2295 = PCURVE('',#2296,#2301);
#2296 = PLANE('',#2297);
#2297 = AXIS2_PLACEMENT_3D('',#2298,#2299,#2300);
#2298 = CARTESIAN_POINT('',(-7.965485811579,45.,50.221491030409));
#2299 = DIRECTION('',(-0.981432804012,0.,0.191806285634));
#2300 = DIRECTION('',(-0.191806285634,0.,-0.981432804012));
#2301 = DEFINITIONAL_REPRESENTATION('',(#2302),#2305);
#2302 = B_SPLINE_CURVE_WITH_KNOTS('',1,(#2303,#2304),.UNSPECIFIED.,.F.,
  .F.,(2,2),(14.230329800225,27.860574685333),.PIECEWISE_BEZIER_KNOTS.);
#2303 = CARTESIAN_POINT('',(13.630244885108,-5.));
#2304 = CARTESIAN_POINT('',(0.,-5.));
#2305 = ( GEOMETRIC_REPRESENTATION_CONTEXT(2) 
PARAMETRIC_REPRESENTATION_CONTEXT() REPRESENTATION_CONTEXT('2D SPACE',''
  ) );
#2306 = ORIENTED_EDGE('',*,*,#2307,.F.);
#2307 = EDGE_CURVE('',#2146,#2281,#2308,.T.);
#2308 = SURFACE_CURVE('',#2309,(#2313,#2320),.PCURVE_S1.);
#2309 = LINE('',#2310,#2311);
#2310 = CARTESIAN_POINT('',(-26.33216187023,50.,36.590953820524));
#2311 = VECTOR('',#2312,1.);
#2312 = DIRECTION('',(-0.999870669797,0.,-1.608240278574E-02));
#2313 = PCURVE('',#100,#2314);
#2314 = DEFINITIONAL_REPRESENTATION('',(#2315),#2319);
#2315 = LINE('',#2316,#2317);
#2316 = CARTESIAN_POINT('',(36.590953820524,23.667838129769));
#2317 = VECTOR('',#2318,1.);
#2318 = DIRECTION('',(-1.608240278574E-02,-0.999870669797));
#2319 = ( GEOMETRIC_REPRESENTATION_CONTEXT(2) 
PARAMETRIC_REPRESENTATION_CONTEXT() REPRESENTATION_CONTEXT('2D SPACE',''
  ) );
#2320 = PCURVE('',#2321,#2326);
#2321 = PLANE('',#2322);
#2322 = AXIS2_PLACEMENT_3D('',#2323,#2324,#2325);
#2323 = CARTESIAN_POINT('',(-10.57985245527,45.,36.844321573444));
#2324 = DIRECTION('',(1.608240278574E-02,0.,-0.999870669797));
#2325 = DIRECTION('',(0.999870669797,0.,1.608240278574E-02));
#2326 = DEFINITIONAL_REPRESENTATION('',(#2327),#2330);
#2327 = B_SPLINE_CURVE_WITH_KNOTS('',1,(#2328,#2329),.UNSPECIFIED.,.F.,
  .F.,(2,2),(-40.40459559626,-15.75434692784),.PIECEWISE_BEZIER_KNOTS.);
#2328 = CARTESIAN_POINT('',(24.650248668416,-5.));
#2329 = CARTESIAN_POINT('',(0.,-5.));
#2330 = ( GEOMETRIC_REPRESENTATION_CONTEXT(2) 
PARAMETRIC_REPRESENTATION_CONTEXT() REPRESENTATION_CONTEXT('2D SPACE',''
  ) );
#2331 = ADVANCED_FACE('',(#2332,#2338),#393,.T.);
#2332 = FACE_BOUND('',#2333,.T.);
#2333 = EDGE_LOOP('',(#2334,#2335,#2336,#2337));
#2334 = ORIENTED_EDGE('',*,*,#379,.F.);
#2335 = ORIENTED_EDGE('',*,*,#987,.F.);
#2336 = ORIENTED_EDGE('',*,*,#2120,.T.);
#2337 = ORIENTED_EDGE('',*,*,#601,.F.);
#2338 = FACE_BOUND('',#2339,.T.);
#2339 = EDGE_LOOP('',(#2340,#2369,#2396,#2423,#2450,#2477,#2504));
#2340 = ORIENTED_EDGE('',*,*,#2341,.F.);
#2341 = EDGE_CURVE('',#2342,#2344,#2346,.T.);
#2342 = VERTEX_POINT('',#2343);
#2343 = CARTESIAN_POINT('',(50.,-7.965485811579,50.221491030409));
#2344 = VERTEX_POINT('',#2345);
#2345 = CARTESIAN_POINT('',(50.,-10.57985245527,36.844321573444));
#2346 = SURFACE_CURVE('',#2347,(#2351,#2358),.PCURVE_S1.);
#2347 = LINE('',#2348,#2349);
#2348 = CARTESIAN_POINT('',(50.,-13.30931915759,22.87820909559));
#2349 = VECTOR('',#2350,1.);
#2350 = DIRECTION('',(0.,-0.191806285634,-0.981432804012));
#2351 = PCURVE('',#393,#2352);
#2352 = DEFINITIONAL_REPRESENTATION('',(#2353),#2357);
#2353 = LINE('',#2354,#2355);
#2354 = CARTESIAN_POINT('',(22.87820909559,-36.6906808424));
#2355 = VECTOR('',#2356,1.);
#2356 = DIRECTION('',(-0.981432804012,0.191806285634));
#2357 = ( GEOMETRIC_REPRESENTATION_CONTEXT(2) 
PARAMETRIC_REPRESENTATION_CONTEXT() REPRESENTATION_CONTEXT('2D SPACE',''
  ) );
#2358 = PCURVE('',#2359,#2364);
#2359 = PLANE('',#2360);
#2360 = AXIS2_PLACEMENT_3D('',#2361,#2362,#2363);
#2361 = CARTESIAN_POINT('',(53.,-7.965485811579,50.221491030409));
#2362 = DIRECTION('',(-1.089609296137E-16,-0.981432804012,0.191806285634
    ));
#2363 = DIRECTION('',(-2.129477545785E-17,-0.191806285634,
    -0.981432804012));
#2364 = DEFINITIONAL_REPRESENTATION('',(#2365),#2368);
#2365 = B_SPLINE_CURVE_WITH_KNOTS('',1,(#2366,#2367),.UNSPECIFIED.,.F.,
  .F.,(2,2),(-27.86057468533,-14.23032980022),.PIECEWISE_BEZIER_KNOTS.);
#2366 = CARTESIAN_POINT('',(0.,-3.));
#2367 = CARTESIAN_POINT('',(13.630244885108,-3.));
#2368 = ( GEOMETRIC_REPRESENTATION_CONTEXT(2) 
PARAMETRIC_REPRESENTATION_CONTEXT() REPRESENTATION_CONTEXT('2D SPACE',''
  ) );
#2369 = ORIENTED_EDGE('',*,*,#2370,.F.);
#2370 = EDGE_CURVE('',#2371,#2342,#2373,.T.);
#2371 = VERTEX_POINT('',#2372);
#2372 = CARTESIAN_POINT('',(50.,-1.088190779513,73.728533807971));
#2373 = SURFACE_CURVE('',#2374,(#2378,#2385),.PCURVE_S1.);
#2374 = LINE('',#2375,#2376);
#2375 = CARTESIAN_POINT('',(50.,-12.61609555559,34.325403733806));
#2376 = VECTOR('',#2377,1.);
#2377 = DIRECTION('',(0.,-0.280792884887,-0.959768386538));
#2378 = PCURVE('',#393,#2379);
#2379 = DEFINITIONAL_REPRESENTATION('',(#2380),#2384);
#2380 = LINE('',#2381,#2382);
#2381 = CARTESIAN_POINT('',(34.325403733806,-37.38390444441));
#2382 = VECTOR('',#2383,1.);
#2383 = DIRECTION('',(-0.959768386538,0.280792884887));
#2384 = ( GEOMETRIC_REPRESENTATION_CONTEXT(2) 
PARAMETRIC_REPRESENTATION_CONTEXT() REPRESENTATION_CONTEXT('2D SPACE',''
  ) );
#2385 = PCURVE('',#2386,#2391);
#2386 = PLANE('',#2387);
#2387 = AXIS2_PLACEMENT_3D('',#2388,#2389,#2390);
#2388 = CARTESIAN_POINT('',(53.,-1.088190779513,73.728533807971));
#2389 = DIRECTION('',(-1.065556961041E-16,-0.959768386538,0.280792884887
    ));
#2390 = DIRECTION('',(-3.117427259523E-17,-0.280792884887,
    -0.959768386538));
#2391 = DEFINITIONAL_REPRESENTATION('',(#2392),#2395);
#2392 = B_SPLINE_CURVE_WITH_KNOTS('',1,(#2393,#2394),.UNSPECIFIED.,.F.,
  .F.,(2,2),(-41.05483221458,-16.56242018342),.PIECEWISE_BEZIER_KNOTS.);
#2393 = CARTESIAN_POINT('',(0.,-3.));
#2394 = CARTESIAN_POINT('',(24.492412031162,-3.));
#2395 = ( GEOMETRIC_REPRESENTATION_CONTEXT(2) 
PARAMETRIC_REPRESENTATION_CONTEXT() REPRESENTATION_CONTEXT('2D SPACE',''
  ) );
#2396 = ORIENTED_EDGE('',*,*,#2397,.F.);
#2397 = EDGE_CURVE('',#2398,#2371,#2400,.T.);
#2398 = VERTEX_POINT('',#2399);
#2399 = CARTESIAN_POINT('',(50.,16.615460419787,73.359893747224));
#2400 = SURFACE_CURVE('',#2401,(#2405,#2412),.PCURVE_S1.);
#2401 = LINE('',#2402,#2403);
#2402 = CARTESIAN_POINT('',(50.,-11.66622695328,73.948798421965));
#2403 = VECTOR('',#2404,1.);
#2404 = DIRECTION('',(0.,-0.999783275419,2.081831387409E-02));
#2405 = PCURVE('',#393,#2406);
#2406 = DEFINITIONAL_REPRESENTATION('',(#2407),#2411);
#2407 = LINE('',#2408,#2409);
#2408 = CARTESIAN_POINT('',(73.948798421965,-38.33377304671));
#2409 = VECTOR('',#2410,1.);
#2410 = DIRECTION('',(2.081831387409E-02,0.999783275419));
#2411 = ( GEOMETRIC_REPRESENTATION_CONTEXT(2) 
PARAMETRIC_REPRESENTATION_CONTEXT() REPRESENTATION_CONTEXT('2D SPACE',''
  ) );
#2412 = PCURVE('',#2413,#2418);
#2413 = PLANE('',#2414);
#2414 = AXIS2_PLACEMENT_3D('',#2415,#2416,#2417);
#2415 = CARTESIAN_POINT('',(53.,16.615460419787,73.359893747224));
#2416 = DIRECTION('',(2.311297139689E-18,2.081831387409E-02,
    0.999783275419));
#2417 = DIRECTION('',(-1.109982412005E-16,-0.999783275419,
    2.081831387409E-02));
#2418 = DEFINITIONAL_REPRESENTATION('',(#2419),#2422);
#2419 = B_SPLINE_CURVE_WITH_KNOTS('',1,(#2420,#2421),.UNSPECIFIED.,.F.,
  .F.,(2,2),(-28.28781803858,-10.58032919118),.PIECEWISE_BEZIER_KNOTS.);
#2420 = CARTESIAN_POINT('',(0.,-3.));
#2421 = CARTESIAN_POINT('',(17.707488847401,-3.));
#2422 = ( GEOMETRIC_REPRESENTATION_CONTEXT(2) 
PARAMETRIC_REPRESENTATION_CONTEXT() REPRESENTATION_CONTEXT('2D SPACE',''
  ) );
#2423 = ORIENTED_EDGE('',*,*,#2424,.F.);
#2424 = EDGE_CURVE('',#2425,#2398,#2427,.T.);
#2425 = VERTEX_POINT('',#2426);
#2426 = CARTESIAN_POINT('',(50.,17.815087459207,67.184269316857));
#2427 = SURFACE_CURVE('',#2428,(#2432,#2439),.PCURVE_S1.);
#2428 = LINE('',#2429,#2430);
#2429 = CARTESIAN_POINT('',(50.,23.024751999845,40.365157581327));
#2430 = VECTOR('',#2431,1.);
#2431 = DIRECTION('',(0.,-0.190687570176,0.981650778322));
#2432 = PCURVE('',#393,#2433);
#2433 = DEFINITIONAL_REPRESENTATION('',(#2434),#2438);
#2434 = LINE('',#2435,#2436);
#2435 = CARTESIAN_POINT('',(40.365157581327,-73.02475199984));
#2436 = VECTOR('',#2437,1.);
#2437 = DIRECTION('',(0.981650778322,0.190687570176));
#2438 = ( GEOMETRIC_REPRESENTATION_CONTEXT(2) 
PARAMETRIC_REPRESENTATION_CONTEXT() REPRESENTATION_CONTEXT('2D SPACE',''
  ) );
#2439 = PCURVE('',#2440,#2445);
#2440 = PLANE('',#2441);
#2441 = AXIS2_PLACEMENT_3D('',#2442,#2443,#2444);
#2442 = CARTESIAN_POINT('',(53.,17.815087459207,67.184269316857));
#2443 = DIRECTION('',(1.089851296234E-16,0.981650778322,0.190687570176)
  );
#2444 = DIRECTION('',(-2.117057309187E-17,-0.190687570176,0.981650778322
    ));
#2445 = DEFINITIONAL_REPRESENTATION('',(#2446),#2449);
#2446 = B_SPLINE_CURVE_WITH_KNOTS('',1,(#2447,#2448),.UNSPECIFIED.,.F.,
  .F.,(2,2),(27.320420181776,33.611480675736),.PIECEWISE_BEZIER_KNOTS.);
#2447 = CARTESIAN_POINT('',(0.,-3.));
#2448 = CARTESIAN_POINT('',(6.29106049396,-3.));
#2449 = ( GEOMETRIC_REPRESENTATION_CONTEXT(2) 
PARAMETRIC_REPRESENTATION_CONTEXT() REPRESENTATION_CONTEXT('2D SPACE',''
  ) );
#2450 = ORIENTED_EDGE('',*,*,#2451,.F.);
#2451 = EDGE_CURVE('',#2452,#2425,#2454,.T.);
#2452 = VERTEX_POINT('',#2453);
#2453 = CARTESIAN_POINT('',(50.,17.37290460772,57.064766066608));
#2454 = SURFACE_CURVE('',#2455,(#2459,#2466),.PCURVE_S1.);
#2455 = LINE('',#2456,#2457);
#2456 = CARTESIAN_POINT('',(50.,16.072429263482,27.30295049954));
#2457 = VECTOR('',#2458,1.);
#2458 = DIRECTION('',(0.,4.365444660055E-02,0.999046690246));
#2459 = PCURVE('',#393,#2460);
#2460 = DEFINITIONAL_REPRESENTATION('',(#2461),#2465);
#2461 = LINE('',#2462,#2463);
#2462 = CARTESIAN_POINT('',(27.30295049954,-66.07242926348));
#2463 = VECTOR('',#2464,1.);
#2464 = DIRECTION('',(0.999046690246,-4.365444660055E-02));
#2465 = ( GEOMETRIC_REPRESENTATION_CONTEXT(2) 
PARAMETRIC_REPRESENTATION_CONTEXT() REPRESENTATION_CONTEXT('2D SPACE',''
  ) );
#2466 = PCURVE('',#2467,#2472);
#2467 = PLANE('',#2468);
#2468 = AXIS2_PLACEMENT_3D('',#2469,#2470,#2471);
#2469 = CARTESIAN_POINT('',(53.,17.37290460772,57.064766066608));
#2470 = DIRECTION('',(1.109164638187E-16,0.999046690246,
    -4.365444660055E-02));
#2471 = DIRECTION('',(4.846617174319E-18,4.365444660055E-02,
    0.999046690246));
#2472 = DEFINITIONAL_REPRESENTATION('',(#2473),#2476);
#2473 = B_SPLINE_CURVE_WITH_KNOTS('',1,(#2474,#2475),.UNSPECIFIED.,.F.,
  .F.,(2,2),(29.790214869469,39.919374346244),.PIECEWISE_BEZIER_KNOTS.);
#2474 = CARTESIAN_POINT('',(0.,-3.));
#2475 = CARTESIAN_POINT('',(10.129159476775,-3.));
#2476 = ( GEOMETRIC_REPRESENTATION_CONTEXT(2) 
PARAMETRIC_REPRESENTATION_CONTEXT() REPRESENTATION_CONTEXT('2D SPACE',''
  ) );
#2477 = ORIENTED_EDGE('',*,*,#2478,.F.);
#2478 = EDGE_CURVE('',#2479,#2452,#2481,.T.);
#2479 = VERTEX_POINT('',#2480);
#2480 = CARTESIAN_POINT('',(50.,14.067208191485,37.240756801298));
#2481 = SURFACE_CURVE('',#2482,(#2486,#2493),.PCURVE_S1.);
#2482 = LINE('',#2483,#2484);
#2483 = CARTESIAN_POINT('',(50.,10.294564254123,14.616498868328));
#2484 = VECTOR('',#2485,1.);
#2485 = DIRECTION('',(0.,0.164481038999,0.986380245042));
#2486 = PCURVE('',#393,#2487);
#2487 = DEFINITIONAL_REPRESENTATION('',(#2488),#2492);
#2488 = LINE('',#2489,#2490);
#2489 = CARTESIAN_POINT('',(14.616498868328,-60.29456425412));
#2490 = VECTOR('',#2491,1.);
#2491 = DIRECTION('',(0.986380245042,-0.164481038999));
#2492 = ( GEOMETRIC_REPRESENTATION_CONTEXT(2) 
PARAMETRIC_REPRESENTATION_CONTEXT() REPRESENTATION_CONTEXT('2D SPACE',''
  ) );
#2493 = PCURVE('',#2494,#2499);
#2494 = PLANE('',#2495);
#2495 = AXIS2_PLACEMENT_3D('',#2496,#2497,#2498);
#2496 = CARTESIAN_POINT('',(53.,14.067208191485,37.240756801298));
#2497 = DIRECTION('',(1.095102059081E-16,0.986380245042,-0.164481038999)
  );
#2498 = DIRECTION('',(1.826106366108E-17,0.164481038999,0.986380245042)
  );
#2499 = DEFINITIONAL_REPRESENTATION('',(#2500),#2503);
#2500 = B_SPLINE_CURVE_WITH_KNOTS('',1,(#2501,#2502),.UNSPECIFIED.,.F.,
  .F.,(2,2),(22.936649478415,43.03438497641),.PIECEWISE_BEZIER_KNOTS.);
#2501 = CARTESIAN_POINT('',(0.,-3.));
#2502 = CARTESIAN_POINT('',(20.097735497996,-3.));
#2503 = ( GEOMETRIC_REPRESENTATION_CONTEXT(2) 
PARAMETRIC_REPRESENTATION_CONTEXT() REPRESENTATION_CONTEXT('2D SPACE',''
  ) );
#2504 = ORIENTED_EDGE('',*,*,#2505,.F.);
#2505 = EDGE_CURVE('',#2344,#2479,#2506,.T.);
#2506 = SURFACE_CURVE('',#2507,(#2511,#2518),.PCURVE_S1.);
#2507 = LINE('',#2508,#2509);
#2508 = CARTESIAN_POINT('',(50.,-26.33216187023,36.590953820524));
#2509 = VECTOR('',#2510,1.);
#2510 = DIRECTION('',(0.,0.999870669797,1.608240278574E-02));
#2511 = PCURVE('',#393,#2512);
#2512 = DEFINITIONAL_REPRESENTATION('',(#2513),#2517);
#2513 = LINE('',#2514,#2515);
#2514 = CARTESIAN_POINT('',(36.590953820524,-23.66783812976));
#2515 = VECTOR('',#2516,1.);
#2516 = DIRECTION('',(1.608240278574E-02,-0.999870669797));
#2517 = ( GEOMETRIC_REPRESENTATION_CONTEXT(2) 
PARAMETRIC_REPRESENTATION_CONTEXT() REPRESENTATION_CONTEXT('2D SPACE',''
  ) );
#2518 = PCURVE('',#2519,#2524);
#2519 = PLANE('',#2520);
#2520 = AXIS2_PLACEMENT_3D('',#2521,#2522,#2523);
#2521 = CARTESIAN_POINT('',(53.,-10.57985245527,36.844321573444));
#2522 = DIRECTION('',(1.785505386402E-18,1.608240278574E-02,
    -0.999870669797));
#2523 = DIRECTION('',(1.110079439256E-16,0.999870669797,
    1.608240278574E-02));
#2524 = DEFINITIONAL_REPRESENTATION('',(#2525),#2528);
#2525 = B_SPLINE_CURVE_WITH_KNOTS('',1,(#2526,#2527),.UNSPECIFIED.,.F.,
  .F.,(2,2),(15.754346927843,40.40459559626),.PIECEWISE_BEZIER_KNOTS.);
#2526 = CARTESIAN_POINT('',(0.,-3.));
#2527 = CARTESIAN_POINT('',(24.650248668416,-3.));
#2528 = ( GEOMETRIC_REPRESENTATION_CONTEXT(2) 
PARAMETRIC_REPRESENTATION_CONTEXT() REPRESENTATION_CONTEXT('2D SPACE',''
  ) );
#2529 = ADVANCED_FACE('',(#2530),#749,.T.);
#2530 = FACE_BOUND('',#2531,.T.);
#2531 = EDGE_LOOP('',(#2532,#2533,#2554,#2555));
#2532 = ORIENTED_EDGE('',*,*,#733,.F.);
#2533 = ORIENTED_EDGE('',*,*,#2534,.F.);
#2534 = EDGE_CURVE('',#1083,#706,#2535,.T.);
#2535 = SURFACE_CURVE('',#2536,(#2540,#2547),.PCURVE_S1.);
#2536 = LINE('',#2537,#2538);
#2537 = CARTESIAN_POINT('',(-41.5,41.5,0.));
#2538 = VECTOR('',#2539,1.);
#2539 = DIRECTION('',(0.,0.,1.));
#2540 = PCURVE('',#749,#2541);
#2541 = DEFINITIONAL_REPRESENTATION('',(#2542),#2546);
#2542 = LINE('',#2543,#2544);
#2543 = CARTESIAN_POINT('',(0.,0.));
#2544 = VECTOR('',#2545,1.);
#2545 = DIRECTION('',(1.,0.));
#2546 = ( GEOMETRIC_REPRESENTATION_CONTEXT(2) 
PARAMETRIC_REPRESENTATION_CONTEXT() REPRESENTATION_CONTEXT('2D SPACE',''
  ) );
#2547 = PCURVE('',#721,#2548);
#2548 = DEFINITIONAL_REPRESENTATION('',(#2549),#2553);
#2549 = LINE('',#2550,#2551);
#2550 = CARTESIAN_POINT('',(0.,8.5));
#2551 = VECTOR('',#2552,1.);
#2552 = DIRECTION('',(1.,0.));
#2553 = ( GEOMETRIC_REPRESENTATION_CONTEXT(2) 
PARAMETRIC_REPRESENTATION_CONTEXT() REPRESENTATION_CONTEXT('2D SPACE',''
  ) );
#2554 = ORIENTED_EDGE('',*,*,#1105,.T.);
#2555 = ORIENTED_EDGE('',*,*,#2556,.T.);
#2556 = EDGE_CURVE('',#1106,#734,#2557,.T.);
#2557 = SURFACE_CURVE('',#2558,(#2562,#2569),.PCURVE_S1.);
#2558 = LINE('',#2559,#2560);
#2559 = CARTESIAN_POINT('',(-41.5,48.,0.));
#2560 = VECTOR('',#2561,1.);
#2561 = DIRECTION('',(0.,0.,1.));
#2562 = PCURVE('',#749,#2563);
#2563 = DEFINITIONAL_REPRESENTATION('',(#2564),#2568);
#2564 = LINE('',#2565,#2566);
#2565 = CARTESIAN_POINT('',(0.,-6.5));
#2566 = VECTOR('',#2567,1.);
#2567 = DIRECTION('',(1.,0.));
#2568 = ( GEOMETRIC_REPRESENTATION_CONTEXT(2) 
PARAMETRIC_REPRESENTATION_CONTEXT() REPRESENTATION_CONTEXT('2D SPACE',''
  ) );
#2569 = PCURVE('',#777,#2570);
#2570 = DEFINITIONAL_REPRESENTATION('',(#2571),#2575);
#2571 = LINE('',#2572,#2573);
#2572 = CARTESIAN_POINT('',(0.,0.));
#2573 = VECTOR('',#2574,1.);
#2574 = DIRECTION('',(1.,0.));
#2575 = ( GEOMETRIC_REPRESENTATION_CONTEXT(2) 
PARAMETRIC_REPRESENTATION_CONTEXT() REPRESENTATION_CONTEXT('2D SPACE',''
  ) );
#2576 = ADVANCED_FACE('',(#2577),#721,.F.);
#2577 = FACE_BOUND('',#2578,.F.);
#2578 = EDGE_LOOP('',(#2579,#2580,#2581,#2582));
#2579 = ORIENTED_EDGE('',*,*,#1082,.F.);
#2580 = ORIENTED_EDGE('',*,*,#2047,.T.);
#2581 = ORIENTED_EDGE('',*,*,#705,.T.);
#2582 = ORIENTED_EDGE('',*,*,#2534,.F.);
#2583 = ADVANCED_FACE('',(#2584),#917,.F.);
#2584 = FACE_BOUND('',#2585,.F.);
#2585 = EDGE_LOOP('',(#2586,#2587,#2588,#2609));
#2586 = ORIENTED_EDGE('',*,*,#2084,.F.);
#2587 = ORIENTED_EDGE('',*,*,#1243,.T.);
#2588 = ORIENTED_EDGE('',*,*,#2589,.T.);
#2589 = EDGE_CURVE('',#1221,#874,#2590,.T.);
#2590 = SURFACE_CURVE('',#2591,(#2595,#2602),.PCURVE_S1.);
#2591 = LINE('',#2592,#2593);
#2592 = CARTESIAN_POINT('',(41.5,-41.5,0.));
#2593 = VECTOR('',#2594,1.);
#2594 = DIRECTION('',(0.,0.,1.));
#2595 = PCURVE('',#917,#2596);
#2596 = DEFINITIONAL_REPRESENTATION('',(#2597),#2601);
#2597 = LINE('',#2598,#2599);
#2598 = CARTESIAN_POINT('',(0.,-8.5));
#2599 = VECTOR('',#2600,1.);
#2600 = DIRECTION('',(1.,0.));
#2601 = ( GEOMETRIC_REPRESENTATION_CONTEXT(2) 
PARAMETRIC_REPRESENTATION_CONTEXT() REPRESENTATION_CONTEXT('2D SPACE',''
  ) );
#2602 = PCURVE('',#889,#2603);
#2603 = DEFINITIONAL_REPRESENTATION('',(#2604),#2608);
#2604 = LINE('',#2605,#2606);
#2605 = CARTESIAN_POINT('',(0.,0.));
#2606 = VECTOR('',#2607,1.);
#2607 = DIRECTION('',(1.,0.));
#2608 = ( GEOMETRIC_REPRESENTATION_CONTEXT(2) 
PARAMETRIC_REPRESENTATION_CONTEXT() REPRESENTATION_CONTEXT('2D SPACE',''
  ) );
#2609 = ORIENTED_EDGE('',*,*,#901,.F.);
#2610 = ADVANCED_FACE('',(#2611),#889,.T.);
#2611 = FACE_BOUND('',#2612,.T.);
#2612 = EDGE_LOOP('',(#2613,#2614,#2615,#2616));
#2613 = ORIENTED_EDGE('',*,*,#1220,.F.);
#2614 = ORIENTED_EDGE('',*,*,#2589,.T.);
#2615 = ORIENTED_EDGE('',*,*,#873,.T.);
#2616 = ORIENTED_EDGE('',*,*,#2617,.F.);
#2617 = EDGE_CURVE('',#1198,#846,#2618,.T.);
#2618 = SURFACE_CURVE('',#2619,(#2623,#2630),.PCURVE_S1.);
#2619 = LINE('',#2620,#2621);
#2620 = CARTESIAN_POINT('',(48.,-41.5,0.));
#2621 = VECTOR('',#2622,1.);
#2622 = DIRECTION('',(0.,0.,1.));
#2623 = PCURVE('',#889,#2624);
#2624 = DEFINITIONAL_REPRESENTATION('',(#2625),#2629);
#2625 = LINE('',#2626,#2627);
#2626 = CARTESIAN_POINT('',(0.,6.5));
#2627 = VECTOR('',#2628,1.);
#2628 = DIRECTION('',(1.,0.));
#2629 = ( GEOMETRIC_REPRESENTATION_CONTEXT(2) 
PARAMETRIC_REPRESENTATION_CONTEXT() REPRESENTATION_CONTEXT('2D SPACE',''
  ) );
#2630 = PCURVE('',#861,#2631);
#2631 = DEFINITIONAL_REPRESENTATION('',(#2632),#2636);
#2632 = LINE('',#2633,#2634);
#2633 = CARTESIAN_POINT('',(0.,0.));
#2634 = VECTOR('',#2635,1.);
#2635 = DIRECTION('',(1.,0.));
#2636 = ( GEOMETRIC_REPRESENTATION_CONTEXT(2) 
PARAMETRIC_REPRESENTATION_CONTEXT() REPRESENTATION_CONTEXT('2D SPACE',''
  ) );
#2637 = ADVANCED_FACE('',(#2638,#2664),#777,.F.);
#2638 = FACE_BOUND('',#2639,.F.);
#2639 = EDGE_LOOP('',(#2640,#2641,#2642,#2643));
#2640 = ORIENTED_EDGE('',*,*,#1128,.F.);
#2641 = ORIENTED_EDGE('',*,*,#2556,.T.);
#2642 = ORIENTED_EDGE('',*,*,#761,.T.);
#2643 = ORIENTED_EDGE('',*,*,#2644,.F.);
#2644 = EDGE_CURVE('',#1129,#762,#2645,.T.);
#2645 = SURFACE_CURVE('',#2646,(#2650,#2657),.PCURVE_S1.);
#2646 = LINE('',#2647,#2648);
#2647 = CARTESIAN_POINT('',(41.5,48.,0.));
#2648 = VECTOR('',#2649,1.);
#2649 = DIRECTION('',(0.,0.,1.));
#2650 = PCURVE('',#777,#2651);
#2651 = DEFINITIONAL_REPRESENTATION('',(#2652),#2656);
#2652 = LINE('',#2653,#2654);
#2653 = CARTESIAN_POINT('',(0.,83.));
#2654 = VECTOR('',#2655,1.);
#2655 = DIRECTION('',(1.,0.));
#2656 = ( GEOMETRIC_REPRESENTATION_CONTEXT(2) 
PARAMETRIC_REPRESENTATION_CONTEXT() REPRESENTATION_CONTEXT('2D SPACE',''
  ) );
#2657 = PCURVE('',#805,#2658);
#2658 = DEFINITIONAL_REPRESENTATION('',(#2659),#2663);
#2659 = LINE('',#2660,#2661);
#2660 = CARTESIAN_POINT('',(0.,-6.5));
#2661 = VECTOR('',#2662,1.);
#2662 = DIRECTION('',(1.,0.));
#2663 = ( GEOMETRIC_REPRESENTATION_CONTEXT(2) 
PARAMETRIC_REPRESENTATION_CONTEXT() REPRESENTATION_CONTEXT('2D SPACE',''
  ) );
#2664 = FACE_BOUND('',#2665,.F.);
#2665 = EDGE_LOOP('',(#2666,#2689,#2710,#2731,#2752,#2773,#2794));
#2666 = ORIENTED_EDGE('',*,*,#2667,.F.);
#2667 = EDGE_CURVE('',#2668,#2670,#2672,.T.);
#2668 = VERTEX_POINT('',#2669);
#2669 = CARTESIAN_POINT('',(14.067208191485,48.,37.240756801298));
#2670 = VERTEX_POINT('',#2671);
#2671 = CARTESIAN_POINT('',(-10.57985245527,48.,36.844321573444));
#2672 = SURFACE_CURVE('',#2673,(#2677,#2683),.PCURVE_S1.);
#2673 = LINE('',#2674,#2675);
#2674 = CARTESIAN_POINT('',(-26.33216187023,48.,36.590953820524));
#2675 = VECTOR('',#2676,1.);
#2676 = DIRECTION('',(-0.999870669797,0.,-1.608240278574E-02));
#2677 = PCURVE('',#777,#2678);
#2678 = DEFINITIONAL_REPRESENTATION('',(#2679),#2682);
#2679 = B_SPLINE_CURVE_WITH_KNOTS('',1,(#2680,#2681),.UNSPECIFIED.,.F.,
  .F.,(2,2),(-40.40459559626,-15.75434692784),.PIECEWISE_BEZIER_KNOTS.);
#2680 = CARTESIAN_POINT('',(37.240756801298,55.567208191485));
#2681 = CARTESIAN_POINT('',(36.844321573444,30.920147544729));
#2682 = ( GEOMETRIC_REPRESENTATION_CONTEXT(2) 
PARAMETRIC_REPRESENTATION_CONTEXT() REPRESENTATION_CONTEXT('2D SPACE',''
  ) );
#2683 = PCURVE('',#2321,#2684);
#2684 = DEFINITIONAL_REPRESENTATION('',(#2685),#2688);
#2685 = B_SPLINE_CURVE_WITH_KNOTS('',1,(#2686,#2687),.UNSPECIFIED.,.F.,
  .F.,(2,2),(-40.40459559626,-15.75434692784),.PIECEWISE_BEZIER_KNOTS.);
#2686 = CARTESIAN_POINT('',(24.650248668416,-3.));
#2687 = CARTESIAN_POINT('',(0.,-3.));
#2688 = ( GEOMETRIC_REPRESENTATION_CONTEXT(2) 
PARAMETRIC_REPRESENTATION_CONTEXT() REPRESENTATION_CONTEXT('2D SPACE',''
  ) );
#2689 = ORIENTED_EDGE('',*,*,#2690,.F.);
#2690 = EDGE_CURVE('',#2691,#2668,#2693,.T.);
#2691 = VERTEX_POINT('',#2692);
#2692 = CARTESIAN_POINT('',(17.37290460772,48.,57.064766066608));
#2693 = SURFACE_CURVE('',#2694,(#2698,#2704),.PCURVE_S1.);
#2694 = LINE('',#2695,#2696);
#2695 = CARTESIAN_POINT('',(10.294564254123,48.,14.616498868328));
#2696 = VECTOR('',#2697,1.);
#2697 = DIRECTION('',(-0.164481038999,0.,-0.986380245042));
#2698 = PCURVE('',#777,#2699);
#2699 = DEFINITIONAL_REPRESENTATION('',(#2700),#2703);
#2700 = B_SPLINE_CURVE_WITH_KNOTS('',1,(#2701,#2702),.UNSPECIFIED.,.F.,
  .F.,(2,2),(-43.03438497641,-22.93664947841),.PIECEWISE_BEZIER_KNOTS.);
#2701 = CARTESIAN_POINT('',(57.064766066608,58.87290460772));
#2702 = CARTESIAN_POINT('',(37.240756801298,55.567208191485));
#2703 = ( GEOMETRIC_REPRESENTATION_CONTEXT(2) 
PARAMETRIC_REPRESENTATION_CONTEXT() REPRESENTATION_CONTEXT('2D SPACE',''
  ) );
#2704 = PCURVE('',#2161,#2705);
#2705 = DEFINITIONAL_REPRESENTATION('',(#2706),#2709);
#2706 = B_SPLINE_CURVE_WITH_KNOTS('',1,(#2707,#2708),.UNSPECIFIED.,.F.,
  .F.,(2,2),(-43.03438497641,-22.93664947841),.PIECEWISE_BEZIER_KNOTS.);
#2707 = CARTESIAN_POINT('',(20.097735497996,-3.));
#2708 = CARTESIAN_POINT('',(0.,-3.));
#2709 = ( GEOMETRIC_REPRESENTATION_CONTEXT(2) 
PARAMETRIC_REPRESENTATION_CONTEXT() REPRESENTATION_CONTEXT('2D SPACE',''
  ) );
#2710 = ORIENTED_EDGE('',*,*,#2711,.F.);
#2711 = EDGE_CURVE('',#2712,#2691,#2714,.T.);
#2712 = VERTEX_POINT('',#2713);
#2713 = CARTESIAN_POINT('',(17.815087459207,48.,67.184269316857));
#2714 = SURFACE_CURVE('',#2715,(#2719,#2725),.PCURVE_S1.);
#2715 = LINE('',#2716,#2717);
#2716 = CARTESIAN_POINT('',(16.072429263482,48.,27.30295049954));
#2717 = VECTOR('',#2718,1.);
#2718 = DIRECTION('',(-4.365444660055E-02,0.,-0.999046690246));
#2719 = PCURVE('',#777,#2720);
#2720 = DEFINITIONAL_REPRESENTATION('',(#2721),#2724);
#2721 = B_SPLINE_CURVE_WITH_KNOTS('',1,(#2722,#2723),.UNSPECIFIED.,.F.,
  .F.,(2,2),(-39.91937434624,-29.79021486946),.PIECEWISE_BEZIER_KNOTS.);
#2722 = CARTESIAN_POINT('',(67.184269316857,59.315087459207));
#2723 = CARTESIAN_POINT('',(57.064766066608,58.87290460772));
#2724 = ( GEOMETRIC_REPRESENTATION_CONTEXT(2) 
PARAMETRIC_REPRESENTATION_CONTEXT() REPRESENTATION_CONTEXT('2D SPACE',''
  ) );
#2725 = PCURVE('',#2188,#2726);
#2726 = DEFINITIONAL_REPRESENTATION('',(#2727),#2730);
#2727 = B_SPLINE_CURVE_WITH_KNOTS('',1,(#2728,#2729),.UNSPECIFIED.,.F.,
  .F.,(2,2),(-39.91937434624,-29.79021486946),.PIECEWISE_BEZIER_KNOTS.);
#2728 = CARTESIAN_POINT('',(10.129159476775,-3.));
#2729 = CARTESIAN_POINT('',(0.,-3.));
#2730 = ( GEOMETRIC_REPRESENTATION_CONTEXT(2) 
PARAMETRIC_REPRESENTATION_CONTEXT() REPRESENTATION_CONTEXT('2D SPACE',''
  ) );
#2731 = ORIENTED_EDGE('',*,*,#2732,.F.);
#2732 = EDGE_CURVE('',#2733,#2712,#2735,.T.);
#2733 = VERTEX_POINT('',#2734);
#2734 = CARTESIAN_POINT('',(16.615460419787,48.,73.359893747224));
#2735 = SURFACE_CURVE('',#2736,(#2740,#2746),.PCURVE_S1.);
#2736 = LINE('',#2737,#2738);
#2737 = CARTESIAN_POINT('',(23.024751999845,48.,40.365157581327));
#2738 = VECTOR('',#2739,1.);
#2739 = DIRECTION('',(0.190687570176,0.,-0.981650778322));
#2740 = PCURVE('',#777,#2741);
#2741 = DEFINITIONAL_REPRESENTATION('',(#2742),#2745);
#2742 = B_SPLINE_CURVE_WITH_KNOTS('',1,(#2743,#2744),.UNSPECIFIED.,.F.,
  .F.,(2,2),(-33.61148067573,-27.32042018177),.PIECEWISE_BEZIER_KNOTS.);
#2743 = CARTESIAN_POINT('',(73.359893747224,58.115460419787));
#2744 = CARTESIAN_POINT('',(67.184269316857,59.315087459207));
#2745 = ( GEOMETRIC_REPRESENTATION_CONTEXT(2) 
PARAMETRIC_REPRESENTATION_CONTEXT() REPRESENTATION_CONTEXT('2D SPACE',''
  ) );
#2746 = PCURVE('',#2215,#2747);
#2747 = DEFINITIONAL_REPRESENTATION('',(#2748),#2751);
#2748 = B_SPLINE_CURVE_WITH_KNOTS('',1,(#2749,#2750),.UNSPECIFIED.,.F.,
  .F.,(2,2),(-33.61148067573,-27.32042018177),.PIECEWISE_BEZIER_KNOTS.);
#2749 = CARTESIAN_POINT('',(6.29106049396,-3.));
#2750 = CARTESIAN_POINT('',(0.,-3.));
#2751 = ( GEOMETRIC_REPRESENTATION_CONTEXT(2) 
PARAMETRIC_REPRESENTATION_CONTEXT() REPRESENTATION_CONTEXT('2D SPACE',''
  ) );
#2752 = ORIENTED_EDGE('',*,*,#2753,.F.);
#2753 = EDGE_CURVE('',#2754,#2733,#2756,.T.);
#2754 = VERTEX_POINT('',#2755);
#2755 = CARTESIAN_POINT('',(-1.088190779513,48.,73.728533807971));
#2756 = SURFACE_CURVE('',#2757,(#2761,#2767),.PCURVE_S1.);
#2757 = LINE('',#2758,#2759);
#2758 = CARTESIAN_POINT('',(-11.66622695328,48.,73.948798421965));
#2759 = VECTOR('',#2760,1.);
#2760 = DIRECTION('',(0.999783275419,0.,-2.081831387409E-02));
#2761 = PCURVE('',#777,#2762);
#2762 = DEFINITIONAL_REPRESENTATION('',(#2763),#2766);
#2763 = B_SPLINE_CURVE_WITH_KNOTS('',1,(#2764,#2765),.UNSPECIFIED.,.F.,
  .F.,(2,2),(10.580329191186,28.287818038588),.PIECEWISE_BEZIER_KNOTS.);
#2764 = CARTESIAN_POINT('',(73.728533807971,40.411809220487));
#2765 = CARTESIAN_POINT('',(73.359893747224,58.115460419787));
#2766 = ( GEOMETRIC_REPRESENTATION_CONTEXT(2) 
PARAMETRIC_REPRESENTATION_CONTEXT() REPRESENTATION_CONTEXT('2D SPACE',''
  ) );
#2767 = PCURVE('',#2242,#2768);
#2768 = DEFINITIONAL_REPRESENTATION('',(#2769),#2772);
#2769 = B_SPLINE_CURVE_WITH_KNOTS('',1,(#2770,#2771),.UNSPECIFIED.,.F.,
  .F.,(2,2),(10.580329191186,28.287818038588),.PIECEWISE_BEZIER_KNOTS.);
#2770 = CARTESIAN_POINT('',(17.707488847401,-3.));
#2771 = CARTESIAN_POINT('',(0.,-3.));
#2772 = ( GEOMETRIC_REPRESENTATION_CONTEXT(2) 
PARAMETRIC_REPRESENTATION_CONTEXT() REPRESENTATION_CONTEXT('2D SPACE',''
  ) );
#2773 = ORIENTED_EDGE('',*,*,#2774,.F.);
#2774 = EDGE_CURVE('',#2775,#2754,#2777,.T.);
#2775 = VERTEX_POINT('',#2776);
#2776 = CARTESIAN_POINT('',(-7.965485811579,48.,50.221491030409));
#2777 = SURFACE_CURVE('',#2778,(#2782,#2788),.PCURVE_S1.);
#2778 = LINE('',#2779,#2780);
#2779 = CARTESIAN_POINT('',(-12.61609555559,48.,34.325403733806));
#2780 = VECTOR('',#2781,1.);
#2781 = DIRECTION('',(0.280792884887,0.,0.959768386538));
#2782 = PCURVE('',#777,#2783);
#2783 = DEFINITIONAL_REPRESENTATION('',(#2784),#2787);
#2784 = B_SPLINE_CURVE_WITH_KNOTS('',1,(#2785,#2786),.UNSPECIFIED.,.F.,
  .F.,(2,2),(16.562420183424,41.054832214587),.PIECEWISE_BEZIER_KNOTS.);
#2785 = CARTESIAN_POINT('',(50.221491030409,33.534514188421));
#2786 = CARTESIAN_POINT('',(73.728533807971,40.411809220487));
#2787 = ( GEOMETRIC_REPRESENTATION_CONTEXT(2) 
PARAMETRIC_REPRESENTATION_CONTEXT() REPRESENTATION_CONTEXT('2D SPACE',''
  ) );
#2788 = PCURVE('',#2269,#2789);
#2789 = DEFINITIONAL_REPRESENTATION('',(#2790),#2793);
#2790 = B_SPLINE_CURVE_WITH_KNOTS('',1,(#2791,#2792),.UNSPECIFIED.,.F.,
  .F.,(2,2),(16.562420183424,41.054832214587),.PIECEWISE_BEZIER_KNOTS.);
#2791 = CARTESIAN_POINT('',(24.492412031162,-3.));
#2792 = CARTESIAN_POINT('',(0.,-3.));
#2793 = ( GEOMETRIC_REPRESENTATION_CONTEXT(2) 
PARAMETRIC_REPRESENTATION_CONTEXT() REPRESENTATION_CONTEXT('2D SPACE',''
  ) );
#2794 = ORIENTED_EDGE('',*,*,#2795,.F.);
#2795 = EDGE_CURVE('',#2670,#2775,#2796,.T.);
#2796 = SURFACE_CURVE('',#2797,(#2801,#2807),.PCURVE_S1.);
#2797 = LINE('',#2798,#2799);
#2798 = CARTESIAN_POINT('',(-13.30931915759,48.,22.87820909559));
#2799 = VECTOR('',#2800,1.);
#2800 = DIRECTION('',(0.191806285634,0.,0.981432804012));
#2801 = PCURVE('',#777,#2802);
#2802 = DEFINITIONAL_REPRESENTATION('',(#2803),#2806);
#2803 = B_SPLINE_CURVE_WITH_KNOTS('',1,(#2804,#2805),.UNSPECIFIED.,.F.,
  .F.,(2,2),(14.230329800225,27.860574685333),.PIECEWISE_BEZIER_KNOTS.);
#2804 = CARTESIAN_POINT('',(36.844321573444,30.920147544729));
#2805 = CARTESIAN_POINT('',(50.221491030409,33.534514188421));
#2806 = ( GEOMETRIC_REPRESENTATION_CONTEXT(2) 
PARAMETRIC_REPRESENTATION_CONTEXT() REPRESENTATION_CONTEXT('2D SPACE',''
  ) );
#2807 = PCURVE('',#2296,#2808);
#2808 = DEFINITIONAL_REPRESENTATION('',(#2809),#2812);
#2809 = B_SPLINE_CURVE_WITH_KNOTS('',1,(#2810,#2811),.UNSPECIFIED.,.F.,
  .F.,(2,2),(14.230329800225,27.860574685333),.PIECEWISE_BEZIER_KNOTS.);
#2810 = CARTESIAN_POINT('',(13.630244885108,-3.));
#2811 = CARTESIAN_POINT('',(0.,-3.));
#2812 = ( GEOMETRIC_REPRESENTATION_CONTEXT(2) 
PARAMETRIC_REPRESENTATION_CONTEXT() REPRESENTATION_CONTEXT('2D SPACE',''
  ) );
#2813 = ADVANCED_FACE('',(#2814,#2840),#861,.F.);
#2814 = FACE_BOUND('',#2815,.F.);
#2815 = EDGE_LOOP('',(#2816,#2817,#2818,#2839));
#2816 = ORIENTED_EDGE('',*,*,#2617,.F.);
#2817 = ORIENTED_EDGE('',*,*,#1197,.T.);
#2818 = ORIENTED_EDGE('',*,*,#2819,.T.);
#2819 = EDGE_CURVE('',#1175,#818,#2820,.T.);
#2820 = SURFACE_CURVE('',#2821,(#2825,#2832),.PCURVE_S1.);
#2821 = LINE('',#2822,#2823);
#2822 = CARTESIAN_POINT('',(48.,41.5,0.));
#2823 = VECTOR('',#2824,1.);
#2824 = DIRECTION('',(0.,0.,1.));
#2825 = PCURVE('',#861,#2826);
#2826 = DEFINITIONAL_REPRESENTATION('',(#2827),#2831);
#2827 = LINE('',#2828,#2829);
#2828 = CARTESIAN_POINT('',(0.,-83.));
#2829 = VECTOR('',#2830,1.);
#2830 = DIRECTION('',(1.,0.));
#2831 = ( GEOMETRIC_REPRESENTATION_CONTEXT(2) 
PARAMETRIC_REPRESENTATION_CONTEXT() REPRESENTATION_CONTEXT('2D SPACE',''
  ) );
#2832 = PCURVE('',#833,#2833);
#2833 = DEFINITIONAL_REPRESENTATION('',(#2834),#2838);
#2834 = LINE('',#2835,#2836);
#2835 = CARTESIAN_POINT('',(0.,6.5));
#2836 = VECTOR('',#2837,1.);
#2837 = DIRECTION('',(1.,0.));
#2838 = ( GEOMETRIC_REPRESENTATION_CONTEXT(2) 
PARAMETRIC_REPRESENTATION_CONTEXT() REPRESENTATION_CONTEXT('2D SPACE',''
  ) );
#2839 = ORIENTED_EDGE('',*,*,#845,.F.);
#2840 = FACE_BOUND('',#2841,.F.);
#2841 = EDGE_LOOP('',(#2842,#2865,#2886,#2907,#2928,#2949,#2970));
#2842 = ORIENTED_EDGE('',*,*,#2843,.F.);
#2843 = EDGE_CURVE('',#2844,#2846,#2848,.T.);
#2844 = VERTEX_POINT('',#2845);
#2845 = CARTESIAN_POINT('',(48.,-10.57985245527,36.844321573444));
#2846 = VERTEX_POINT('',#2847);
#2847 = CARTESIAN_POINT('',(48.,14.067208191485,37.240756801298));
#2848 = SURFACE_CURVE('',#2849,(#2853,#2859),.PCURVE_S1.);
#2849 = LINE('',#2850,#2851);
#2850 = CARTESIAN_POINT('',(48.,-26.33216187023,36.590953820524));
#2851 = VECTOR('',#2852,1.);
#2852 = DIRECTION('',(0.,0.999870669797,1.608240278574E-02));
#2853 = PCURVE('',#861,#2854);
#2854 = DEFINITIONAL_REPRESENTATION('',(#2855),#2858);
#2855 = B_SPLINE_CURVE_WITH_KNOTS('',1,(#2856,#2857),.UNSPECIFIED.,.F.,
  .F.,(2,2),(15.754346927843,40.40459559626),.PIECEWISE_BEZIER_KNOTS.);
#2856 = CARTESIAN_POINT('',(36.844321573444,-30.92014754472));
#2857 = CARTESIAN_POINT('',(37.240756801298,-55.56720819148));
#2858 = ( GEOMETRIC_REPRESENTATION_CONTEXT(2) 
PARAMETRIC_REPRESENTATION_CONTEXT() REPRESENTATION_CONTEXT('2D SPACE',''
  ) );
#2859 = PCURVE('',#2519,#2860);
#2860 = DEFINITIONAL_REPRESENTATION('',(#2861),#2864);
#2861 = B_SPLINE_CURVE_WITH_KNOTS('',1,(#2862,#2863),.UNSPECIFIED.,.F.,
  .F.,(2,2),(15.754346927843,40.40459559626),.PIECEWISE_BEZIER_KNOTS.);
#2862 = CARTESIAN_POINT('',(0.,-5.));
#2863 = CARTESIAN_POINT('',(24.650248668416,-5.));
#2864 = ( GEOMETRIC_REPRESENTATION_CONTEXT(2) 
PARAMETRIC_REPRESENTATION_CONTEXT() REPRESENTATION_CONTEXT('2D SPACE',''
  ) );
#2865 = ORIENTED_EDGE('',*,*,#2866,.F.);
#2866 = EDGE_CURVE('',#2867,#2844,#2869,.T.);
#2867 = VERTEX_POINT('',#2868);
#2868 = CARTESIAN_POINT('',(48.,-7.965485811579,50.221491030409));
#2869 = SURFACE_CURVE('',#2870,(#2874,#2880),.PCURVE_S1.);
#2870 = LINE('',#2871,#2872);
#2871 = CARTESIAN_POINT('',(48.,-13.30931915759,22.87820909559));
#2872 = VECTOR('',#2873,1.);
#2873 = DIRECTION('',(0.,-0.191806285634,-0.981432804012));
#2874 = PCURVE('',#861,#2875);
#2875 = DEFINITIONAL_REPRESENTATION('',(#2876),#2879);
#2876 = B_SPLINE_CURVE_WITH_KNOTS('',1,(#2877,#2878),.UNSPECIFIED.,.F.,
  .F.,(2,2),(-27.86057468533,-14.23032980022),.PIECEWISE_BEZIER_KNOTS.);
#2877 = CARTESIAN_POINT('',(50.221491030409,-33.53451418842));
#2878 = CARTESIAN_POINT('',(36.844321573444,-30.92014754472));
#2879 = ( GEOMETRIC_REPRESENTATION_CONTEXT(2) 
PARAMETRIC_REPRESENTATION_CONTEXT() REPRESENTATION_CONTEXT('2D SPACE',''
  ) );
#2880 = PCURVE('',#2359,#2881);
#2881 = DEFINITIONAL_REPRESENTATION('',(#2882),#2885);
#2882 = B_SPLINE_CURVE_WITH_KNOTS('',1,(#2883,#2884),.UNSPECIFIED.,.F.,
  .F.,(2,2),(-27.86057468533,-14.23032980022),.PIECEWISE_BEZIER_KNOTS.);
#2883 = CARTESIAN_POINT('',(0.,-5.));
#2884 = CARTESIAN_POINT('',(13.630244885108,-5.));
#2885 = ( GEOMETRIC_REPRESENTATION_CONTEXT(2) 
PARAMETRIC_REPRESENTATION_CONTEXT() REPRESENTATION_CONTEXT('2D SPACE',''
  ) );
#2886 = ORIENTED_EDGE('',*,*,#2887,.F.);
#2887 = EDGE_CURVE('',#2888,#2867,#2890,.T.);
#2888 = VERTEX_POINT('',#2889);
#2889 = CARTESIAN_POINT('',(48.,-1.088190779513,73.728533807971));
#2890 = SURFACE_CURVE('',#2891,(#2895,#2901),.PCURVE_S1.);
#2891 = LINE('',#2892,#2893);
#2892 = CARTESIAN_POINT('',(48.,-12.61609555559,34.325403733806));
#2893 = VECTOR('',#2894,1.);
#2894 = DIRECTION('',(0.,-0.280792884887,-0.959768386538));
#2895 = PCURVE('',#861,#2896);
#2896 = DEFINITIONAL_REPRESENTATION('',(#2897),#2900);
#2897 = B_SPLINE_CURVE_WITH_KNOTS('',1,(#2898,#2899),.UNSPECIFIED.,.F.,
  .F.,(2,2),(-41.05483221458,-16.56242018342),.PIECEWISE_BEZIER_KNOTS.);
#2898 = CARTESIAN_POINT('',(73.728533807971,-40.41180922048));
#2899 = CARTESIAN_POINT('',(50.221491030409,-33.53451418842));
#2900 = ( GEOMETRIC_REPRESENTATION_CONTEXT(2) 
PARAMETRIC_REPRESENTATION_CONTEXT() REPRESENTATION_CONTEXT('2D SPACE',''
  ) );
#2901 = PCURVE('',#2386,#2902);
#2902 = DEFINITIONAL_REPRESENTATION('',(#2903),#2906);
#2903 = B_SPLINE_CURVE_WITH_KNOTS('',1,(#2904,#2905),.UNSPECIFIED.,.F.,
  .F.,(2,2),(-41.05483221458,-16.56242018342),.PIECEWISE_BEZIER_KNOTS.);
#2904 = CARTESIAN_POINT('',(0.,-5.));
#2905 = CARTESIAN_POINT('',(24.492412031162,-5.));
#2906 = ( GEOMETRIC_REPRESENTATION_CONTEXT(2) 
PARAMETRIC_REPRESENTATION_CONTEXT() REPRESENTATION_CONTEXT('2D SPACE',''
  ) );
#2907 = ORIENTED_EDGE('',*,*,#2908,.F.);
#2908 = EDGE_CURVE('',#2909,#2888,#2911,.T.);
#2909 = VERTEX_POINT('',#2910);
#2910 = CARTESIAN_POINT('',(48.,16.615460419787,73.359893747224));
#2911 = SURFACE_CURVE('',#2912,(#2916,#2922),.PCURVE_S1.);
#2912 = LINE('',#2913,#2914);
#2913 = CARTESIAN_POINT('',(48.,-11.66622695328,73.948798421965));
#2914 = VECTOR('',#2915,1.);
#2915 = DIRECTION('',(0.,-0.999783275419,2.081831387409E-02));
#2916 = PCURVE('',#861,#2917);
#2917 = DEFINITIONAL_REPRESENTATION('',(#2918),#2921);
#2918 = B_SPLINE_CURVE_WITH_KNOTS('',1,(#2919,#2920),.UNSPECIFIED.,.F.,
  .F.,(2,2),(-28.28781803858,-10.58032919118),.PIECEWISE_BEZIER_KNOTS.);
#2919 = CARTESIAN_POINT('',(73.359893747224,-58.11546041978));
#2920 = CARTESIAN_POINT('',(73.728533807971,-40.41180922048));
#2921 = ( GEOMETRIC_REPRESENTATION_CONTEXT(2) 
PARAMETRIC_REPRESENTATION_CONTEXT() REPRESENTATION_CONTEXT('2D SPACE',''
  ) );
#2922 = PCURVE('',#2413,#2923);
#2923 = DEFINITIONAL_REPRESENTATION('',(#2924),#2927);
#2924 = B_SPLINE_CURVE_WITH_KNOTS('',1,(#2925,#2926),.UNSPECIFIED.,.F.,
  .F.,(2,2),(-28.28781803858,-10.58032919118),.PIECEWISE_BEZIER_KNOTS.);
#2925 = CARTESIAN_POINT('',(0.,-5.));
#2926 = CARTESIAN_POINT('',(17.707488847401,-5.));
#2927 = ( GEOMETRIC_REPRESENTATION_CONTEXT(2) 
PARAMETRIC_REPRESENTATION_CONTEXT() REPRESENTATION_CONTEXT('2D SPACE',''
  ) );
#2928 = ORIENTED_EDGE('',*,*,#2929,.F.);
#2929 = EDGE_CURVE('',#2930,#2909,#2932,.T.);
#2930 = VERTEX_POINT('',#2931);
#2931 = CARTESIAN_POINT('',(48.,17.815087459207,67.184269316857));
#2932 = SURFACE_CURVE('',#2933,(#2937,#2943),.PCURVE_S1.);
#2933 = LINE('',#2934,#2935);
#2934 = CARTESIAN_POINT('',(48.,23.024751999845,40.365157581327));
#2935 = VECTOR('',#2936,1.);
#2936 = DIRECTION('',(0.,-0.190687570176,0.981650778322));
#2937 = PCURVE('',#861,#2938);
#2938 = DEFINITIONAL_REPRESENTATION('',(#2939),#2942);
#2939 = B_SPLINE_CURVE_WITH_KNOTS('',1,(#2940,#2941),.UNSPECIFIED.,.F.,
  .F.,(2,2),(27.320420181776,33.611480675736),.PIECEWISE_BEZIER_KNOTS.);
#2940 = CARTESIAN_POINT('',(67.184269316857,-59.3150874592));
#2941 = CARTESIAN_POINT('',(73.359893747224,-58.11546041978));
#2942 = ( GEOMETRIC_REPRESENTATION_CONTEXT(2) 
PARAMETRIC_REPRESENTATION_CONTEXT() REPRESENTATION_CONTEXT('2D SPACE',''
  ) );
#2943 = PCURVE('',#2440,#2944);
#2944 = DEFINITIONAL_REPRESENTATION('',(#2945),#2948);
#2945 = B_SPLINE_CURVE_WITH_KNOTS('',1,(#2946,#2947),.UNSPECIFIED.,.F.,
  .F.,(2,2),(27.320420181776,33.611480675736),.PIECEWISE_BEZIER_KNOTS.);
#2946 = CARTESIAN_POINT('',(0.,-5.));
#2947 = CARTESIAN_POINT('',(6.29106049396,-5.));
#2948 = ( GEOMETRIC_REPRESENTATION_CONTEXT(2) 
PARAMETRIC_REPRESENTATION_CONTEXT() REPRESENTATION_CONTEXT('2D SPACE',''
  ) );
#2949 = ORIENTED_EDGE('',*,*,#2950,.F.);
#2950 = EDGE_CURVE('',#2951,#2930,#2953,.T.);
#2951 = VERTEX_POINT('',#2952);
#2952 = CARTESIAN_POINT('',(48.,17.37290460772,57.064766066608));
#2953 = SURFACE_CURVE('',#2954,(#2958,#2964),.PCURVE_S1.);
#2954 = LINE('',#2955,#2956);
#2955 = CARTESIAN_POINT('',(48.,16.072429263482,27.30295049954));
#2956 = VECTOR('',#2957,1.);
#2957 = DIRECTION('',(0.,4.365444660055E-02,0.999046690246));
#2958 = PCURVE('',#861,#2959);
#2959 = DEFINITIONAL_REPRESENTATION('',(#2960),#2963);
#2960 = B_SPLINE_CURVE_WITH_KNOTS('',1,(#2961,#2962),.UNSPECIFIED.,.F.,
  .F.,(2,2),(29.790214869469,39.919374346244),.PIECEWISE_BEZIER_KNOTS.);
#2961 = CARTESIAN_POINT('',(57.064766066608,-58.87290460772));
#2962 = CARTESIAN_POINT('',(67.184269316857,-59.3150874592));
#2963 = ( GEOMETRIC_REPRESENTATION_CONTEXT(2) 
PARAMETRIC_REPRESENTATION_CONTEXT() REPRESENTATION_CONTEXT('2D SPACE',''
  ) );
#2964 = PCURVE('',#2467,#2965);
#2965 = DEFINITIONAL_REPRESENTATION('',(#2966),#2969);
#2966 = B_SPLINE_CURVE_WITH_KNOTS('',1,(#2967,#2968),.UNSPECIFIED.,.F.,
  .F.,(2,2),(29.790214869469,39.919374346244),.PIECEWISE_BEZIER_KNOTS.);
#2967 = CARTESIAN_POINT('',(0.,-5.));
#2968 = CARTESIAN_POINT('',(10.129159476775,-5.));
#2969 = ( GEOMETRIC_REPRESENTATION_CONTEXT(2) 
PARAMETRIC_REPRESENTATION_CONTEXT() REPRESENTATION_CONTEXT('2D SPACE',''
  ) );
#2970 = ORIENTED_EDGE('',*,*,#2971,.F.);
#2971 = EDGE_CURVE('',#2846,#2951,#2972,.T.);
#2972 = SURFACE_CURVE('',#2973,(#2977,#2983),.PCURVE_S1.);
#2973 = LINE('',#2974,#2975);
#2974 = CARTESIAN_POINT('',(48.,10.294564254123,14.616498868328));
#2975 = VECTOR('',#2976,1.);
#2976 = DIRECTION('',(0.,0.164481038999,0.986380245042));
#2977 = PCURVE('',#861,#2978);
#2978 = DEFINITIONAL_REPRESENTATION('',(#2979),#2982);
#2979 = B_SPLINE_CURVE_WITH_KNOTS('',1,(#2980,#2981),.UNSPECIFIED.,.F.,
  .F.,(2,2),(22.936649478415,43.03438497641),.PIECEWISE_BEZIER_KNOTS.);
#2980 = CARTESIAN_POINT('',(37.240756801298,-55.56720819148));
#2981 = CARTESIAN_POINT('',(57.064766066608,-58.87290460772));
#2982 = ( GEOMETRIC_REPRESENTATION_CONTEXT(2) 
PARAMETRIC_REPRESENTATION_CONTEXT() REPRESENTATION_CONTEXT('2D SPACE',''
  ) );
#2983 = PCURVE('',#2494,#2984);
#2984 = DEFINITIONAL_REPRESENTATION('',(#2985),#2988);
#2985 = B_SPLINE_CURVE_WITH_KNOTS('',1,(#2986,#2987),.UNSPECIFIED.,.F.,
  .F.,(2,2),(22.936649478415,43.03438497641),.PIECEWISE_BEZIER_KNOTS.);
#2986 = CARTESIAN_POINT('',(0.,-5.));
#2987 = CARTESIAN_POINT('',(20.097735497996,-5.));
#2988 = ( GEOMETRIC_REPRESENTATION_CONTEXT(2) 
PARAMETRIC_REPRESENTATION_CONTEXT() REPRESENTATION_CONTEXT('2D SPACE',''
  ) );
#2989 = ADVANCED_FACE('',(#2990),#2321,.F.);
#2990 = FACE_BOUND('',#2991,.F.);
#2991 = EDGE_LOOP('',(#2992,#2993,#3014,#3015));
#2992 = ORIENTED_EDGE('',*,*,#2667,.T.);
#2993 = ORIENTED_EDGE('',*,*,#2994,.T.);
#2994 = EDGE_CURVE('',#2670,#2281,#2995,.T.);
#2995 = SURFACE_CURVE('',#2996,(#3000,#3007),.PCURVE_S1.);
#2996 = LINE('',#2997,#2998);
#2997 = CARTESIAN_POINT('',(-10.57985245527,45.,36.844321573444));
#2998 = VECTOR('',#2999,1.);
#2999 = DIRECTION('',(0.,1.,0.));
#3000 = PCURVE('',#2321,#3001);
#3001 = DEFINITIONAL_REPRESENTATION('',(#3002),#3006);
#3002 = LINE('',#3003,#3004);
#3003 = CARTESIAN_POINT('',(0.,0.));
#3004 = VECTOR('',#3005,1.);
#3005 = DIRECTION('',(0.,-1.));
#3006 = ( GEOMETRIC_REPRESENTATION_CONTEXT(2) 
PARAMETRIC_REPRESENTATION_CONTEXT() REPRESENTATION_CONTEXT('2D SPACE',''
  ) );
#3007 = PCURVE('',#2296,#3008);
#3008 = DEFINITIONAL_REPRESENTATION('',(#3009),#3013);
#3009 = LINE('',#3010,#3011);
#3010 = CARTESIAN_POINT('',(13.630244885108,0.));
#3011 = VECTOR('',#3012,1.);
#3012 = DIRECTION('',(0.,-1.));
#3013 = ( GEOMETRIC_REPRESENTATION_CONTEXT(2) 
PARAMETRIC_REPRESENTATION_CONTEXT() REPRESENTATION_CONTEXT('2D SPACE',''
  ) );
#3014 = ORIENTED_EDGE('',*,*,#2307,.F.);
#3015 = ORIENTED_EDGE('',*,*,#3016,.F.);
#3016 = EDGE_CURVE('',#2668,#2146,#3017,.T.);
#3017 = SURFACE_CURVE('',#3018,(#3022,#3029),.PCURVE_S1.);
#3018 = LINE('',#3019,#3020);
#3019 = CARTESIAN_POINT('',(14.067208191485,45.,37.240756801298));
#3020 = VECTOR('',#3021,1.);
#3021 = DIRECTION('',(0.,1.,0.));
#3022 = PCURVE('',#2321,#3023);
#3023 = DEFINITIONAL_REPRESENTATION('',(#3024),#3028);
#3024 = LINE('',#3025,#3026);
#3025 = CARTESIAN_POINT('',(24.650248668416,0.));
#3026 = VECTOR('',#3027,1.);
#3027 = DIRECTION('',(0.,-1.));
#3028 = ( GEOMETRIC_REPRESENTATION_CONTEXT(2) 
PARAMETRIC_REPRESENTATION_CONTEXT() REPRESENTATION_CONTEXT('2D SPACE',''
  ) );
#3029 = PCURVE('',#2161,#3030);
#3030 = DEFINITIONAL_REPRESENTATION('',(#3031),#3035);
#3031 = LINE('',#3032,#3033);
#3032 = CARTESIAN_POINT('',(0.,0.));
#3033 = VECTOR('',#3034,1.);
#3034 = DIRECTION('',(0.,-1.));
#3035 = ( GEOMETRIC_REPRESENTATION_CONTEXT(2) 
PARAMETRIC_REPRESENTATION_CONTEXT() REPRESENTATION_CONTEXT('2D SPACE',''
  ) );
#3036 = ADVANCED_FACE('',(#3037),#2296,.F.);
#3037 = FACE_BOUND('',#3038,.F.);
#3038 = EDGE_LOOP('',(#3039,#3040,#3061,#3062));
#3039 = ORIENTED_EDGE('',*,*,#2795,.T.);
#3040 = ORIENTED_EDGE('',*,*,#3041,.T.);
#3041 = EDGE_CURVE('',#2775,#2254,#3042,.T.);
#3042 = SURFACE_CURVE('',#3043,(#3047,#3054),.PCURVE_S1.);
#3043 = LINE('',#3044,#3045);
#3044 = CARTESIAN_POINT('',(-7.965485811579,45.,50.221491030409));
#3045 = VECTOR('',#3046,1.);
#3046 = DIRECTION('',(0.,1.,0.));
#3047 = PCURVE('',#2296,#3048);
#3048 = DEFINITIONAL_REPRESENTATION('',(#3049),#3053);
#3049 = LINE('',#3050,#3051);
#3050 = CARTESIAN_POINT('',(0.,0.));
#3051 = VECTOR('',#3052,1.);
#3052 = DIRECTION('',(0.,-1.));
#3053 = ( GEOMETRIC_REPRESENTATION_CONTEXT(2) 
PARAMETRIC_REPRESENTATION_CONTEXT() REPRESENTATION_CONTEXT('2D SPACE',''
  ) );
#3054 = PCURVE('',#2269,#3055);
#3055 = DEFINITIONAL_REPRESENTATION('',(#3056),#3060);
#3056 = LINE('',#3057,#3058);
#3057 = CARTESIAN_POINT('',(24.492412031162,0.));
#3058 = VECTOR('',#3059,1.);
#3059 = DIRECTION('',(0.,-1.));
#3060 = ( GEOMETRIC_REPRESENTATION_CONTEXT(2) 
PARAMETRIC_REPRESENTATION_CONTEXT() REPRESENTATION_CONTEXT('2D SPACE',''
  ) );
#3061 = ORIENTED_EDGE('',*,*,#2280,.F.);
#3062 = ORIENTED_EDGE('',*,*,#2994,.F.);
#3063 = ADVANCED_FACE('',(#3064),#2269,.F.);
#3064 = FACE_BOUND('',#3065,.F.);
#3065 = EDGE_LOOP('',(#3066,#3067,#3088,#3089));
#3066 = ORIENTED_EDGE('',*,*,#2774,.T.);
#3067 = ORIENTED_EDGE('',*,*,#3068,.T.);
#3068 = EDGE_CURVE('',#2754,#2227,#3069,.T.);
#3069 = SURFACE_CURVE('',#3070,(#3074,#3081),.PCURVE_S1.);
#3070 = LINE('',#3071,#3072);
#3071 = CARTESIAN_POINT('',(-1.088190779513,45.,73.728533807971));
#3072 = VECTOR('',#3073,1.);
#3073 = DIRECTION('',(0.,1.,0.));
#3074 = PCURVE('',#2269,#3075);
#3075 = DEFINITIONAL_REPRESENTATION('',(#3076),#3080);
#3076 = LINE('',#3077,#3078);
#3077 = CARTESIAN_POINT('',(0.,0.));
#3078 = VECTOR('',#3079,1.);
#3079 = DIRECTION('',(0.,-1.));
#3080 = ( GEOMETRIC_REPRESENTATION_CONTEXT(2) 
PARAMETRIC_REPRESENTATION_CONTEXT() REPRESENTATION_CONTEXT('2D SPACE',''
  ) );
#3081 = PCURVE('',#2242,#3082);
#3082 = DEFINITIONAL_REPRESENTATION('',(#3083),#3087);
#3083 = LINE('',#3084,#3085);
#3084 = CARTESIAN_POINT('',(17.707488847401,0.));
#3085 = VECTOR('',#3086,1.);
#3086 = DIRECTION('',(0.,-1.));
#3087 = ( GEOMETRIC_REPRESENTATION_CONTEXT(2) 
PARAMETRIC_REPRESENTATION_CONTEXT() REPRESENTATION_CONTEXT('2D SPACE',''
  ) );
#3088 = ORIENTED_EDGE('',*,*,#2253,.F.);
#3089 = ORIENTED_EDGE('',*,*,#3041,.F.);
#3090 = ADVANCED_FACE('',(#3091),#2242,.F.);
#3091 = FACE_BOUND('',#3092,.F.);
#3092 = EDGE_LOOP('',(#3093,#3094,#3115,#3116));
#3093 = ORIENTED_EDGE('',*,*,#2753,.T.);
#3094 = ORIENTED_EDGE('',*,*,#3095,.T.);
#3095 = EDGE_CURVE('',#2733,#2200,#3096,.T.);
#3096 = SURFACE_CURVE('',#3097,(#3101,#3108),.PCURVE_S1.);
#3097 = LINE('',#3098,#3099);
#3098 = CARTESIAN_POINT('',(16.615460419787,45.,73.359893747224));
#3099 = VECTOR('',#3100,1.);
#3100 = DIRECTION('',(0.,1.,0.));
#3101 = PCURVE('',#2242,#3102);
#3102 = DEFINITIONAL_REPRESENTATION('',(#3103),#3107);
#3103 = LINE('',#3104,#3105);
#3104 = CARTESIAN_POINT('',(0.,0.));
#3105 = VECTOR('',#3106,1.);
#3106 = DIRECTION('',(0.,-1.));
#3107 = ( GEOMETRIC_REPRESENTATION_CONTEXT(2) 
PARAMETRIC_REPRESENTATION_CONTEXT() REPRESENTATION_CONTEXT('2D SPACE',''
  ) );
#3108 = PCURVE('',#2215,#3109);
#3109 = DEFINITIONAL_REPRESENTATION('',(#3110),#3114);
#3110 = LINE('',#3111,#3112);
#3111 = CARTESIAN_POINT('',(6.29106049396,0.));
#3112 = VECTOR('',#3113,1.);
#3113 = DIRECTION('',(0.,-1.));
#3114 = ( GEOMETRIC_REPRESENTATION_CONTEXT(2) 
PARAMETRIC_REPRESENTATION_CONTEXT() REPRESENTATION_CONTEXT('2D SPACE',''
  ) );
#3115 = ORIENTED_EDGE('',*,*,#2226,.F.);
#3116 = ORIENTED_EDGE('',*,*,#3068,.F.);
#3117 = ADVANCED_FACE('',(#3118),#2215,.F.);
#3118 = FACE_BOUND('',#3119,.F.);
#3119 = EDGE_LOOP('',(#3120,#3121,#3142,#3143));
#3120 = ORIENTED_EDGE('',*,*,#2732,.T.);
#3121 = ORIENTED_EDGE('',*,*,#3122,.T.);
#3122 = EDGE_CURVE('',#2712,#2173,#3123,.T.);
#3123 = SURFACE_CURVE('',#3124,(#3128,#3135),.PCURVE_S1.);
#3124 = LINE('',#3125,#3126);
#3125 = CARTESIAN_POINT('',(17.815087459207,45.,67.184269316857));
#3126 = VECTOR('',#3127,1.);
#3127 = DIRECTION('',(0.,1.,0.));
#3128 = PCURVE('',#2215,#3129);
#3129 = DEFINITIONAL_REPRESENTATION('',(#3130),#3134);
#3130 = LINE('',#3131,#3132);
#3131 = CARTESIAN_POINT('',(0.,0.));
#3132 = VECTOR('',#3133,1.);
#3133 = DIRECTION('',(0.,-1.));
#3134 = ( GEOMETRIC_REPRESENTATION_CONTEXT(2) 
PARAMETRIC_REPRESENTATION_CONTEXT() REPRESENTATION_CONTEXT('2D SPACE',''
  ) );
#3135 = PCURVE('',#2188,#3136);
#3136 = DEFINITIONAL_REPRESENTATION('',(#3137),#3141);
#3137 = LINE('',#3138,#3139);
#3138 = CARTESIAN_POINT('',(10.129159476775,0.));
#3139 = VECTOR('',#3140,1.);
#3140 = DIRECTION('',(0.,-1.));
#3141 = ( GEOMETRIC_REPRESENTATION_CONTEXT(2) 
PARAMETRIC_REPRESENTATION_CONTEXT() REPRESENTATION_CONTEXT('2D SPACE',''
  ) );
#3142 = ORIENTED_EDGE('',*,*,#2199,.F.);
#3143 = ORIENTED_EDGE('',*,*,#3095,.F.);
#3144 = ADVANCED_FACE('',(#3145),#2188,.F.);
#3145 = FACE_BOUND('',#3146,.F.);
#3146 = EDGE_LOOP('',(#3147,#3148,#3169,#3170));
#3147 = ORIENTED_EDGE('',*,*,#2711,.T.);
#3148 = ORIENTED_EDGE('',*,*,#3149,.T.);
#3149 = EDGE_CURVE('',#2691,#2144,#3150,.T.);
#3150 = SURFACE_CURVE('',#3151,(#3155,#3162),.PCURVE_S1.);
#3151 = LINE('',#3152,#3153);
#3152 = CARTESIAN_POINT('',(17.37290460772,45.,57.064766066608));
#3153 = VECTOR('',#3154,1.);
#3154 = DIRECTION('',(0.,1.,0.));
#3155 = PCURVE('',#2188,#3156);
#3156 = DEFINITIONAL_REPRESENTATION('',(#3157),#3161);
#3157 = LINE('',#3158,#3159);
#3158 = CARTESIAN_POINT('',(0.,0.));
#3159 = VECTOR('',#3160,1.);
#3160 = DIRECTION('',(0.,-1.));
#3161 = ( GEOMETRIC_REPRESENTATION_CONTEXT(2) 
PARAMETRIC_REPRESENTATION_CONTEXT() REPRESENTATION_CONTEXT('2D SPACE',''
  ) );
#3162 = PCURVE('',#2161,#3163);
#3163 = DEFINITIONAL_REPRESENTATION('',(#3164),#3168);
#3164 = LINE('',#3165,#3166);
#3165 = CARTESIAN_POINT('',(20.097735497996,0.));
#3166 = VECTOR('',#3167,1.);
#3167 = DIRECTION('',(0.,-1.));
#3168 = ( GEOMETRIC_REPRESENTATION_CONTEXT(2) 
PARAMETRIC_REPRESENTATION_CONTEXT() REPRESENTATION_CONTEXT('2D SPACE',''
  ) );
#3169 = ORIENTED_EDGE('',*,*,#2172,.F.);
#3170 = ORIENTED_EDGE('',*,*,#3122,.F.);
#3171 = ADVANCED_FACE('',(#3172),#2161,.F.);
#3172 = FACE_BOUND('',#3173,.F.);
#3173 = EDGE_LOOP('',(#3174,#3175,#3176,#3177));
#3174 = ORIENTED_EDGE('',*,*,#2690,.T.);
#3175 = ORIENTED_EDGE('',*,*,#3016,.T.);
#3176 = ORIENTED_EDGE('',*,*,#2143,.F.);
#3177 = ORIENTED_EDGE('',*,*,#3149,.F.);
#3178 = ADVANCED_FACE('',(#3179),#2519,.F.);
#3179 = FACE_BOUND('',#3180,.F.);
#3180 = EDGE_LOOP('',(#3181,#3182,#3203,#3204));
#3181 = ORIENTED_EDGE('',*,*,#2505,.F.);
#3182 = ORIENTED_EDGE('',*,*,#3183,.T.);
#3183 = EDGE_CURVE('',#2344,#2844,#3184,.T.);
#3184 = SURFACE_CURVE('',#3185,(#3189,#3196),.PCURVE_S1.);
#3185 = LINE('',#3186,#3187);
#3186 = CARTESIAN_POINT('',(53.,-10.57985245527,36.844321573444));
#3187 = VECTOR('',#3188,1.);
#3188 = DIRECTION('',(-1.,1.110223024625E-16,0.));
#3189 = PCURVE('',#2519,#3190);
#3190 = DEFINITIONAL_REPRESENTATION('',(#3191),#3195);
#3191 = LINE('',#3192,#3193);
#3192 = CARTESIAN_POINT('',(0.,0.));
#3193 = VECTOR('',#3194,1.);
#3194 = DIRECTION('',(0.,-1.));
#3195 = ( GEOMETRIC_REPRESENTATION_CONTEXT(2) 
PARAMETRIC_REPRESENTATION_CONTEXT() REPRESENTATION_CONTEXT('2D SPACE',''
  ) );
#3196 = PCURVE('',#2359,#3197);
#3197 = DEFINITIONAL_REPRESENTATION('',(#3198),#3202);
#3198 = LINE('',#3199,#3200);
#3199 = CARTESIAN_POINT('',(13.630244885108,2.902530042639E-16));
#3200 = VECTOR('',#3201,1.);
#3201 = DIRECTION('',(0.,-1.));
#3202 = ( GEOMETRIC_REPRESENTATION_CONTEXT(2) 
PARAMETRIC_REPRESENTATION_CONTEXT() REPRESENTATION_CONTEXT('2D SPACE',''
  ) );
#3203 = ORIENTED_EDGE('',*,*,#2843,.T.);
#3204 = ORIENTED_EDGE('',*,*,#3205,.F.);
#3205 = EDGE_CURVE('',#2479,#2846,#3206,.T.);
#3206 = SURFACE_CURVE('',#3207,(#3211,#3218),.PCURVE_S1.);
#3207 = LINE('',#3208,#3209);
#3208 = CARTESIAN_POINT('',(53.,14.067208191485,37.240756801298));
#3209 = VECTOR('',#3210,1.);
#3210 = DIRECTION('',(-1.,1.110223024625E-16,0.));
#3211 = PCURVE('',#2519,#3212);
#3212 = DEFINITIONAL_REPRESENTATION('',(#3213),#3217);
#3213 = LINE('',#3214,#3215);
#3214 = CARTESIAN_POINT('',(24.650248668416,-2.736373421936E-15));
#3215 = VECTOR('',#3216,1.);
#3216 = DIRECTION('',(0.,-1.));
#3217 = ( GEOMETRIC_REPRESENTATION_CONTEXT(2) 
PARAMETRIC_REPRESENTATION_CONTEXT() REPRESENTATION_CONTEXT('2D SPACE',''
  ) );
#3218 = PCURVE('',#2494,#3219);
#3219 = DEFINITIONAL_REPRESENTATION('',(#3220),#3224);
#3220 = LINE('',#3221,#3222);
#3221 = CARTESIAN_POINT('',(0.,0.));
#3222 = VECTOR('',#3223,1.);
#3223 = DIRECTION('',(0.,-1.));
#3224 = ( GEOMETRIC_REPRESENTATION_CONTEXT(2) 
PARAMETRIC_REPRESENTATION_CONTEXT() REPRESENTATION_CONTEXT('2D SPACE',''
  ) );
#3225 = ADVANCED_FACE('',(#3226),#2494,.F.);
#3226 = FACE_BOUND('',#3227,.F.);
#3227 = EDGE_LOOP('',(#3228,#3229,#3230,#3231));
#3228 = ORIENTED_EDGE('',*,*,#2478,.F.);
#3229 = ORIENTED_EDGE('',*,*,#3205,.T.);
#3230 = ORIENTED_EDGE('',*,*,#2971,.T.);
#3231 = ORIENTED_EDGE('',*,*,#3232,.F.);
#3232 = EDGE_CURVE('',#2452,#2951,#3233,.T.);
#3233 = SURFACE_CURVE('',#3234,(#3238,#3245),.PCURVE_S1.);
#3234 = LINE('',#3235,#3236);
#3235 = CARTESIAN_POINT('',(53.,17.37290460772,57.064766066608));
#3236 = VECTOR('',#3237,1.);
#3237 = DIRECTION('',(-1.,1.110223024625E-16,0.));
#3238 = PCURVE('',#2494,#3239);
#3239 = DEFINITIONAL_REPRESENTATION('',(#3240),#3244);
#3240 = LINE('',#3241,#3242);
#3241 = CARTESIAN_POINT('',(20.097735497996,-3.670060273725E-16));
#3242 = VECTOR('',#3243,1.);
#3243 = DIRECTION('',(0.,-1.));
#3244 = ( GEOMETRIC_REPRESENTATION_CONTEXT(2) 
PARAMETRIC_REPRESENTATION_CONTEXT() REPRESENTATION_CONTEXT('2D SPACE',''
  ) );
#3245 = PCURVE('',#2467,#3246);
#3246 = DEFINITIONAL_REPRESENTATION('',(#3247),#3251);
#3247 = LINE('',#3248,#3249);
#3248 = CARTESIAN_POINT('',(0.,0.));
#3249 = VECTOR('',#3250,1.);
#3250 = DIRECTION('',(0.,-1.));
#3251 = ( GEOMETRIC_REPRESENTATION_CONTEXT(2) 
PARAMETRIC_REPRESENTATION_CONTEXT() REPRESENTATION_CONTEXT('2D SPACE',''
  ) );
#3252 = ADVANCED_FACE('',(#3253),#2467,.F.);
#3253 = FACE_BOUND('',#3254,.F.);
#3254 = EDGE_LOOP('',(#3255,#3256,#3257,#3258));
#3255 = ORIENTED_EDGE('',*,*,#2451,.F.);
#3256 = ORIENTED_EDGE('',*,*,#3232,.T.);
#3257 = ORIENTED_EDGE('',*,*,#2950,.T.);
#3258 = ORIENTED_EDGE('',*,*,#3259,.F.);
#3259 = EDGE_CURVE('',#2425,#2930,#3260,.T.);
#3260 = SURFACE_CURVE('',#3261,(#3265,#3272),.PCURVE_S1.);
#3261 = LINE('',#3262,#3263);
#3262 = CARTESIAN_POINT('',(53.,17.815087459207,67.184269316857));
#3263 = VECTOR('',#3264,1.);
#3264 = DIRECTION('',(-1.,1.110223024625E-16,0.));
#3265 = PCURVE('',#2467,#3266);
#3266 = DEFINITIONAL_REPRESENTATION('',(#3267),#3271);
#3267 = LINE('',#3268,#3269);
#3268 = CARTESIAN_POINT('',(10.129159476775,-4.909215828156E-17));
#3269 = VECTOR('',#3270,1.);
#3270 = DIRECTION('',(0.,-1.));
#3271 = ( GEOMETRIC_REPRESENTATION_CONTEXT(2) 
PARAMETRIC_REPRESENTATION_CONTEXT() REPRESENTATION_CONTEXT('2D SPACE',''
  ) );
#3272 = PCURVE('',#2440,#3273);
#3273 = DEFINITIONAL_REPRESENTATION('',(#3274),#3278);
#3274 = LINE('',#3275,#3276);
#3275 = CARTESIAN_POINT('',(0.,0.));
#3276 = VECTOR('',#3277,1.);
#3277 = DIRECTION('',(0.,-1.));
#3278 = ( GEOMETRIC_REPRESENTATION_CONTEXT(2) 
PARAMETRIC_REPRESENTATION_CONTEXT() REPRESENTATION_CONTEXT('2D SPACE',''
  ) );
#3279 = ADVANCED_FACE('',(#3280),#2440,.F.);
#3280 = FACE_BOUND('',#3281,.F.);
#3281 = EDGE_LOOP('',(#3282,#3283,#3284,#3285));
#3282 = ORIENTED_EDGE('',*,*,#2424,.F.);
#3283 = ORIENTED_EDGE('',*,*,#3259,.T.);
#3284 = ORIENTED_EDGE('',*,*,#2929,.T.);
#3285 = ORIENTED_EDGE('',*,*,#3286,.F.);
#3286 = EDGE_CURVE('',#2398,#2909,#3287,.T.);
#3287 = SURFACE_CURVE('',#3288,(#3292,#3299),.PCURVE_S1.);
#3288 = LINE('',#3289,#3290);
#3289 = CARTESIAN_POINT('',(53.,16.615460419787,73.359893747224));
#3290 = VECTOR('',#3291,1.);
#3291 = DIRECTION('',(-1.,1.110223024625E-16,0.));
#3292 = PCURVE('',#2440,#3293);
#3293 = DEFINITIONAL_REPRESENTATION('',(#3294),#3298);
#3294 = LINE('',#3295,#3296);
#3295 = CARTESIAN_POINT('',(6.29106049396,1.331853560128E-16));
#3296 = VECTOR('',#3297,1.);
#3297 = DIRECTION('',(0.,-1.));
#3298 = ( GEOMETRIC_REPRESENTATION_CONTEXT(2) 
PARAMETRIC_REPRESENTATION_CONTEXT() REPRESENTATION_CONTEXT('2D SPACE',''
  ) );
#3299 = PCURVE('',#2413,#3300);
#3300 = DEFINITIONAL_REPRESENTATION('',(#3301),#3305);
#3301 = LINE('',#3302,#3303);
#3302 = CARTESIAN_POINT('',(0.,0.));
#3303 = VECTOR('',#3304,1.);
#3304 = DIRECTION('',(0.,-1.));
#3305 = ( GEOMETRIC_REPRESENTATION_CONTEXT(2) 
PARAMETRIC_REPRESENTATION_CONTEXT() REPRESENTATION_CONTEXT('2D SPACE',''
  ) );
#3306 = ADVANCED_FACE('',(#3307),#2413,.F.);
#3307 = FACE_BOUND('',#3308,.F.);
#3308 = EDGE_LOOP('',(#3309,#3310,#3311,#3312));
#3309 = ORIENTED_EDGE('',*,*,#2397,.F.);
#3310 = ORIENTED_EDGE('',*,*,#3286,.T.);
#3311 = ORIENTED_EDGE('',*,*,#2908,.T.);
#3312 = ORIENTED_EDGE('',*,*,#3313,.F.);
#3313 = EDGE_CURVE('',#2371,#2888,#3314,.T.);
#3314 = SURFACE_CURVE('',#3315,(#3319,#3326),.PCURVE_S1.);
#3315 = LINE('',#3316,#3317);
#3316 = CARTESIAN_POINT('',(53.,-1.088190779513,73.728533807971));
#3317 = VECTOR('',#3318,1.);
#3318 = DIRECTION('',(-1.,1.110223024625E-16,0.));
#3319 = PCURVE('',#2413,#3320);
#3320 = DEFINITIONAL_REPRESENTATION('',(#3321),#3325);
#3321 = LINE('',#3322,#3323);
#3322 = CARTESIAN_POINT('',(17.707488847401,1.965500118139E-15));
#3323 = VECTOR('',#3324,1.);
#3324 = DIRECTION('',(0.,-1.));
#3325 = ( GEOMETRIC_REPRESENTATION_CONTEXT(2) 
PARAMETRIC_REPRESENTATION_CONTEXT() REPRESENTATION_CONTEXT('2D SPACE',''
  ) );
#3326 = PCURVE('',#2386,#3327);
#3327 = DEFINITIONAL_REPRESENTATION('',(#3328),#3332);
#3328 = LINE('',#3329,#3330);
#3329 = CARTESIAN_POINT('',(-0.,0.));
#3330 = VECTOR('',#3331,1.);
#3331 = DIRECTION('',(0.,-1.));
#3332 = ( GEOMETRIC_REPRESENTATION_CONTEXT(2) 
PARAMETRIC_REPRESENTATION_CONTEXT() REPRESENTATION_CONTEXT('2D SPACE',''
  ) );
#3333 = ADVANCED_FACE('',(#3334),#2386,.F.);
#3334 = FACE_BOUND('',#3335,.F.);
#3335 = EDGE_LOOP('',(#3336,#3337,#3338,#3339));
#3336 = ORIENTED_EDGE('',*,*,#2370,.F.);
#3337 = ORIENTED_EDGE('',*,*,#3313,.T.);
#3338 = ORIENTED_EDGE('',*,*,#2887,.T.);
#3339 = ORIENTED_EDGE('',*,*,#3340,.F.);
#3340 = EDGE_CURVE('',#2342,#2867,#3341,.T.);
#3341 = SURFACE_CURVE('',#3342,(#3346,#3353),.PCURVE_S1.);
#3342 = LINE('',#3343,#3344);
#3343 = CARTESIAN_POINT('',(53.,-7.965485811579,50.221491030409));
#3344 = VECTOR('',#3345,1.);
#3345 = DIRECTION('',(-1.,1.110223024625E-16,0.));
#3346 = PCURVE('',#2386,#3347);
#3347 = DEFINITIONAL_REPRESENTATION('',(#3348),#3352);
#3348 = LINE('',#3349,#3350);
#3349 = CARTESIAN_POINT('',(24.492412031162,7.635331291741E-16));
#3350 = VECTOR('',#3351,1.);
#3351 = DIRECTION('',(0.,-1.));
#3352 = ( GEOMETRIC_REPRESENTATION_CONTEXT(2) 
PARAMETRIC_REPRESENTATION_CONTEXT() REPRESENTATION_CONTEXT('2D SPACE',''
  ) );
#3353 = PCURVE('',#2359,#3354);
#3354 = DEFINITIONAL_REPRESENTATION('',(#3355),#3359);
#3355 = LINE('',#3356,#3357);
#3356 = CARTESIAN_POINT('',(-0.,0.));
#3357 = VECTOR('',#3358,1.);
#3358 = DIRECTION('',(0.,-1.));
#3359 = ( GEOMETRIC_REPRESENTATION_CONTEXT(2) 
PARAMETRIC_REPRESENTATION_CONTEXT() REPRESENTATION_CONTEXT('2D SPACE',''
  ) );
#3360 = ADVANCED_FACE('',(#3361),#2359,.F.);
#3361 = FACE_BOUND('',#3362,.F.);
#3362 = EDGE_LOOP('',(#3363,#3364,#3365,#3366));
#3363 = ORIENTED_EDGE('',*,*,#2341,.F.);
#3364 = ORIENTED_EDGE('',*,*,#3340,.T.);
#3365 = ORIENTED_EDGE('',*,*,#2866,.T.);
#3366 = ORIENTED_EDGE('',*,*,#3183,.F.);
#3367 = ADVANCED_FACE('',(#3368),#805,.F.);
#3368 = FACE_BOUND('',#3369,.F.);
#3369 = EDGE_LOOP('',(#3370,#3371,#3392,#3393));
#3370 = ORIENTED_EDGE('',*,*,#789,.F.);
#3371 = ORIENTED_EDGE('',*,*,#3372,.F.);
#3372 = EDGE_CURVE('',#1152,#790,#3373,.T.);
#3373 = SURFACE_CURVE('',#3374,(#3378,#3385),.PCURVE_S1.);
#3374 = LINE('',#3375,#3376);
#3375 = CARTESIAN_POINT('',(41.5,41.5,0.));
#3376 = VECTOR('',#3377,1.);
#3377 = DIRECTION('',(0.,0.,1.));
#3378 = PCURVE('',#805,#3379);
#3379 = DEFINITIONAL_REPRESENTATION('',(#3380),#3384);
#3380 = LINE('',#3381,#3382);
#3381 = CARTESIAN_POINT('',(0.,0.));
#3382 = VECTOR('',#3383,1.);
#3383 = DIRECTION('',(1.,0.));
#3384 = ( GEOMETRIC_REPRESENTATION_CONTEXT(2) 
PARAMETRIC_REPRESENTATION_CONTEXT() REPRESENTATION_CONTEXT('2D SPACE',''
  ) );
#3385 = PCURVE('',#833,#3386);
#3386 = DEFINITIONAL_REPRESENTATION('',(#3387),#3391);
#3387 = LINE('',#3388,#3389);
#3388 = CARTESIAN_POINT('',(0.,0.));
#3389 = VECTOR('',#3390,1.);
#3390 = DIRECTION('',(1.,0.));
#3391 = ( GEOMETRIC_REPRESENTATION_CONTEXT(2) 
PARAMETRIC_REPRESENTATION_CONTEXT() REPRESENTATION_CONTEXT('2D SPACE',''
  ) );
#3392 = ORIENTED_EDGE('',*,*,#1151,.T.);
#3393 = ORIENTED_EDGE('',*,*,#2644,.T.);
#3394 = ADVANCED_FACE('',(#3395),#833,.F.);
#3395 = FACE_BOUND('',#3396,.F.);
#3396 = EDGE_LOOP('',(#3397,#3398,#3399,#3400));
#3397 = ORIENTED_EDGE('',*,*,#1174,.F.);
#3398 = ORIENTED_EDGE('',*,*,#3372,.T.);
#3399 = ORIENTED_EDGE('',*,*,#817,.T.);
#3400 = ORIENTED_EDGE('',*,*,#2819,.F.);
#3401 = ( GEOMETRIC_REPRESENTATION_CONTEXT(3) 
GLOBAL_UNCERTAINTY_ASSIGNED_CONTEXT((#3405)) 
GLOBAL_UNIT_ASSIGNED_CONTEXT((#3402,#3403,#3404)) REPRESENTATION_CONTEXT
('Context #1','3D Context with UNIT and UNCERTAINTY') );
#3402 = ( LENGTH_UNIT() NAMED_UNIT(*) SI_UNIT(.MILLI.,.METRE.) );
#3403 = ( NAMED_UNIT(*) PLANE_ANGLE_UNIT() SI_UNIT($,.RADIAN.) );
#3404 = ( NAMED_UNIT(*) SI_UNIT($,.STERADIAN.) SOLID_ANGLE_UNIT() );
#3405 = UNCERTAINTY_MEASURE_WITH_UNIT(LENGTH_MEASURE(1.E-07),#3402,
  'distance_accuracy_value','confusion accuracy');
#3406 = PRODUCT_RELATED_PRODUCT_CATEGORY('part',$,(#7));
ENDSEC;
END-ISO-10303-21;
